202,320,978,1907,577,564,111,1320,2701
202,147,855,912,2363,2721,385,2461,2307,701,2455
202,228,816,2361,1658,1150,2325,661,1081,1736,710,2533,595,2394,2520,1115,1798,525,1942,421,2768,1645
202,147,855,2745,972,2756,2894,575,2453,2802,2164,1361,2520,1115,1620,2857,2256,961,698
202,241,262,876,1468,1769,1661,1343,764,1582,111,1359,642
202,241,1440,2476,1573,2486,436,1707,631,1545,1694,1685,826,385,2533,370,710,47
202,147,1099,227,282,2263,1020,1021,2285,2758,2461,828,508,1316,2268,1135,651,998,2219,1627
202,320,1587,468,2255,1820,1509,1545,1016,382,955,876,1515,817,1715,1061,652,2708
202,228,134,337,265,1138,1545,1723,822,1694,1689,2498,1628,1852,2607,259,808,198,488,398,778,820,166,582
202,320,848,2232,1463,2165,901,2763,1584,650,1346,1778,2187,1627
202,1173,909,1386,1464,782,1578,1078,371,2801,1316,2538
202,147,1193,987,1642,181,739,276,1599
202,228,1099,2741,730,1481,631,961,1751,423,2607,1570,804,1691,2245,166,667
202,320,392,717,2197,2543,928,813,928,813,2398,2395
202,241,124,2638,141,2785,2366,981,1627
202,926,1682,1229,991,427,434,2388,708,2264,2269,2199,1774,1003,471,2087,1316,109,2268,1715,1026,832,1833,2353,1153,1833,1808,947
202,241,1473,1812,664,1089,1320,2321
202,241,2859,2258,1190,1567,1695,282,774,283,597,1169,482,950,482,1942,1737,890,282,598,373,382,418,2792
202,1173,909,498,1545,848,417,2404,1064,1778,1077,2112,1569,1478,606,2489,2619,1475,1638,647
202,228,536,545,148
202,228,227,1016,188,381,188,1043,960,852,2008,2484,1206,1421,2529,2861
202,320,1173,228,1104,347,2576,253,1687,2105,1689,1715,393,2775,2758,2300,2389
202,1173,320,379,2383,594,2371,218
202,228,536,2185,624,2321
202,1173,347,1259,334,1563,2858,2105,2499,2105,1452,1870,2288,423,1751,2500,704,2245,1735,1692,259,360,763,2768,1375,1433,2613,1283
202,147,134,966,838,781,604,2383,1705,1094,767,2515,1305,1081,2251,558,2488,1822,2395
202,320,199,622,2383,1705,1657,1233,2625
202,1173,379,797,450,447,769,2192,473,356,1065,47
202,241,536,2185,624,2618
202,1173,360,2866,1172,623,1376,1614,1852,1356,2680,1336,151,2823,1391,1665,151,221
202,1173,228,536,2486,450,2543,928,813,2422,2406,817,1115,1543
202,147,1193,337,1405,1404,1919,2858,1699,1060,2389
202,147,1193,253,1687,2893,298,2499,1687,486
202,241,262,1439,637,1053,1148,1250,2721,1443,2807,981,1313
202,320,484,848,2337,920,2580,2455
202,241,1473,1481,427,2335,1694,2195,1421,1621,1751,1391,2488,2398,2554,473,1840,678,1059,2801,999,109,2549,2700
202,228,124,138,1564,136,135,2205,1531,1927,1363,244
202,228,227,379,1942,2518,1588,259,866,2297,661,476,1471,379,450,1434,1097,1736,710,817,1059,1115,2220,2488,2470,2351
202,320,123,1253,815,1099,337,2759,337,1190,2258,1190,2713,1259,1637,1259,817,2801,2624,1115,1221,1057,709,2488,397,391,679,2406,1115,2322,2485
202,241,1104,379,788,910,1438,2447,1715,2844,1952,2219,947
202,1173,848,2400,552,1299,417,367,2496,2492,949,167,1563,305,767,1494,2721,1679,2285,2449
202,278,815,536,2185,550,1320,2247,2284,2231,2508,1061,2001,1097,436,1376,9,639,1652
202,278,987,1327,590,2868,2708
202,228,147,1193,253,83,2768,1777,1055,2298
202,241,1814,1702,1627
202,1173,339,454,484,360,360,717,848,2199,938,1138,283,2262,2374,830,527,824,1341,1759,1492
202,320,379,227,1434,1258,1621,1749,1378,1388,1288,2256,961,56,1649
202,241,722,1896,1917,1493,2393,2798
202,241,1193,912,323,818,730,1100,817,1214,2353,2455
202,320,379,1471,1144,2383,287,1944,2318,322,591,2424
202,278,334,710,2194,710,47
202,1364,405,633,2841,1751,1701,287,2231,2406,1302,1798,525,2543,706,1670,706,1670,2288,1794,1376,1436,283,379,227,997,2447,619,2580,1588,2803
202,147,1193,1102,234,1128,1439,1488,2189,1867,773,661,2445,2361,727,1326,1078,1058,481,1313
202,147,1193,815,138,1100,710,1679,1209,368,1702,1007,1243,1283
202,1173,909,762,83,1707,1286,109,999,2268,2593,2471,1073,651,1263,2362,1279,2432
202,241,1446,2744,829,2380,2288,2508,2488,1493,1283
202,147,1193,1327,546,1702,481,478,1643,1258,1621,2544,2513,2233,362,478,1667,2706
202,278,334,2217,821,1576,1577,1763,2505,1751,1228,2406,2397,1057,606,2554,2316,473,677,467,109,2450
202,228,816,1692,1435,1434,1990,2508,606,367,2373,323,826,1808,2214,1221,651,2575,2485
202,241,474,1044,1728,1115,1798,2337,1796,850,1687,708,2377,1685,1068,703,1056,421,2216
202,320,1172,898,2069,1021,2383,1705,594,2245,1071,1749,962,2853,1725,150,1002,2641,2572,1142,1052,2396,2310,1315,1556,2214,510,1634
202,320,228,536,982,126,184,982,2637,137,815,536,2185,1390,1330,2574,2610,287,1944,2318,322,761,1643,2664,2179,2718
202,241,124,752,1179,912,2192,365,492
202,228,147,1193,815,1099,227,367,368,1911,2192,2851,1326,571,2482,1690,1725,1378,309
202,228,1099,855,2745,775,1149,298,1869,2196,1482,1051,2389
202,320,848,1545,1699,421,652,1115,2553,1475,1302,709,2449
202,278,134,1099,227,450,1043,137,358,241,1253,815,227,450,436,2841,1553,1813,1944,362,1798,525,706,1796,630,1148,590,1944,1634
202,228,278,545,553,2487,1348,578
202,320,379,282,705,1366,2094,679,1312
202,1173,379,2383,1077,1293,1992,1577,2217,941,1410,447,2363,2498,679,2804,591,2214,473,677,1057,2305,2421,2449
202,2369,335,732,963,523,1922,2858,2288,910,2288,1814,411,2469,1151,143,593,1044,2192,761,1645
202,278,2638,2521,2402,2158,2255,1820,1071,2463,518
202,278,2185,283,1016,603,2383,629,266,344,476,2763,1048,2164,2327,664,1686
202,228,1099,453,536,2486,910,679,594,2823,714,1749,1949,985,621,1725,1726,2712,2720,2614,2239,2268,1135,518
202,241,2600,1185,82,739,563,2583,1382,1291
202,228,816,710,2533,436,2768,826,317,1478,2553,1302,2351
202,1173,320,848,2447,606,2426
202,228,453,1173,2376,379,1043,840,878,514,2297,991,1237,1701,2856
202,147,816,1812,632,2774,221
219,360,763,1685,687,1622,1774,1254,1142,607,1079,1635
219,339,360,1587,1120,1515,914,1481,427,597,838,323,2406,2214,409,1065,1322,2874,1316,1222
219,339,1587,1566,1587,1566,454,1566,360,763,2447,777,1063,2431
219,390,789,2330,920,2854,2361,359,652,2235,2505,1622,1091,1622,2505,852,1944,363,2644
219,339,1566,762,863,1103,1499,1707,1116,1949,767,1540,1378,1429,941,1432,1573,2417,1091,1538,2702
219,360,454,339,454,516,821,454,717,898,2377,899,2437,187,449,1364,725,1623,309
219,339,1120,1515,2456,2217,2272,913,1473,2217,2193,2438,1696,2610,817,1059,1115,651,2844,2611,963,1067,2307,1627
219,339,1566,360,339,1587,446,1566,1587,762,993,1402,1687,166,835,2641,2417,1091,2514,965,1957,1114,2386,1590,1249,2397,2706
219,390,1126,1319,2196,1686
219,320,453,379,1043,2756,1112,1717,2309,1112,2706
219,360,454,1566,762,83,1736,1693,1258,1258,1435,802,687,2245,2196,1071,673
219,360,484,392,623,2266,1373,2765,2496,2105,420,2367,1622,1091,1538,1622,1142,473,1840,2798
219,339,1566,360,1566,480,1402,1687,192,1178,590,1728,2346,2390
219,360,1113,1369,1991,2515,661,1164,861,2216
219,1173,347,799,140,2600,424,954,452,1702,481,2240,652,2415,2455
219,1173,379,2512,2388,428,1772,997,386,1563,1305,1744,1478,2488,1493,1283
219,360,484,848,1545,1723,1020,822,864,898,1732,1217,1872,1463,629,900,2763,1708,835,2478,1547,162,744,2753,342,1812,151,1071,2463,1071,518
219,1173,1253,137,1259,814,663,679,2406,1703,471,2346,471,2346,1703,2346,2520,1302,690,690,1825,2706
219,339,446,1566,1120,1396,1402,1087,2447,1361,2406,1061,359,408,937,770,1471,687,1258,1071,259,1942,511,710,2806,1778,508,2549,2319
219,360,763,1078,1139,1540,128,818,420,1071,2459,2543,1056,2805,481,2322,1702,47
219,339,360,763,2866,480,83,378,2768,704,1116,2355,309
219,1173,1253,815,134,337,829,2288,2721,1711,662,1282,822,1694,2114,1525,1129,221
219,339,1587,2866,2178,533,1139,2271,2476,2217,1410,2447,1712,2738,375,1711,1501,574,528
219,339,455,498,1699,2327,2648,1236,2234,667
219,810,789,692,1375,2447,1361,1711,1501,981,1313
219,360,455,2177,489,2786,2382,1783,639,2726,1808,861,1627
219,1173,848,804,1112,2275,1289,1809,617
219,360,1587,360,763,2447,109,2874,2901
219,259,2628,2164,2346,634
219,1173,379,283,1299,629,1375,1717,611,2251,2433
219,320,379,838,180,429,180,2376,786,2383,1410,570,1008,770,1471,1123,2611,965,1349,557
219,339,455,498,1516,1432,1429,769,2361,1812,2721,2380,910,770,691,323,2285,2449
219,320,838,782,427,2437,1872,2162,2068,1872,425,2199,1091,87,1003,2417,2505,1538,1254,1813,2361,357,1808,649
219,909,1087,2447,2271,2225,2780,2298
219,909,410,1438,1026,832,282,426,1800,1796,2105,2893,1516,1917,2245,166,506,1325,1160,1812,1675,145,1161,1963,734,641
219,339,454,763,2768,645
219,339,454,484,360,763,1384,1606,1373,90,344,1800,1691,118,2775,1063,1823,2489,2396,2164,777,1057,2449
219,195,964,1685,826,817,2801,88,508,999,471,1703,2214,2317,2089,518
219,320,909,503,1204,739,642
219,360,360,717,2199,1705,1049,2325,661,1081,407,388,1703,471,2409,2488,832,2805,1313
219,909,83,1607,1138,452,1770,1719,498,252,1324,53,2844,1600,2493,1494,1077,1897,2893,631,1288,2857,1620,2890,1283
219,360,763,1707,151,929,1365,853,1110,1064,2883,2461,1777,652,2874,2268,635
219,339,2866,1566,2173,1396,1534,822,1438,1214,2353,47
219,909,1087,1812,2491,1897,1702,2411,1153,2353,2773,1299,622,1694,1058,2804,1754,860,2426
219,909,446,392,516,2642,1505,498,1540,371,449,759
219,1173,848,2447,1057,2404,2373,386,770,797,1123,1571,2753,1814,1693,1299,1078,1509,1299,2418,2331,1375,2529,1478,928,813,928,2672,928,2555
219,320,1724,161,578
219,909,83,1438,1057,2485
219,1173,909,1087,1376,151,1320,1763,2476,1756,2702
219,360,454,1113,462,562
219,1173,909,909,1172,1120,1396,59,1111,364
219,339,360,454,1566,1120,2175,2454,1438,2801,371,2406,2433
219,909,83,1139,90,1169,708,2479,2763,2447,2868,2738,928,2769
219,320,1173,347,2576,2782,926,914,323,1365,301,664,2355,309
219,360,339,2866,1396,310,1700,533,1685,629,897,2199,1282,1463,1694,1112,1747
219,339,763,1438,1715,2408,651,393,1059,2511,2508,317,1478,606,861,947
219,259,915,497,808,488,457,866,672,272,866,869,772,869,272,1383,866,103,883,203,206,1053,1515,1481,631,1569,2522,2455
219,360,717,848,622,708,782,1690,1556,45
219,360,484,392,1120,1566,480,470,1109,1102,1116,1256,1427,1057,2806,1627
219,320,392,454,763,2768,1438,2093,2511,1157,2472,1062,685,1753,2389
219,339,1120,456,2454,2174,1117,1699,2727,448,828,2624,1209,1427,419,2508,375,1685,2093,1433,2391,2804,2372,595,701,2320
219,195,2578,1048,2164,2406,2706
219,339,1587,1566,516,2175,1376,1869,2760,1699,385,2801,2845,2225,2317,2214,322,2317,592,322,2427
219,360,789,2100,2400,1693,1299,417,2377,1106,710,2300,47
219,360,484,848,1694,1685,2805,2449
219,320,137,536,1672,2245,166,2777,582
219,360,2866,503,406,728,308,1828,2421,2310,2449
219,1173,909,2302,1449,2385,2510,985,1249,1627
219,320,1173,320,360,717,919,1217,689,1579,373,379,373,788,918,366,1299,417,2763,1707,1262,2189,2508,2737,1586,861,1627
219,339,360,339,1587,1113,1120,1087,1376,151,1692,259,360,455,527,2199,2872,2863,728,1116,1089,963,1493,701,2320
219,339,455,1120,1515,1485,1008,2448,822,1469,2199,955,466,998,2656,2541,1705,594,317,1478,1240,1478,2397,2351
219,360,762,993,84,2175,2094,519,353,449,759
219,1173,379,450,1434,1043,841,1410,2266,1606,283,898,2401,447,570,1540,1481,2385,783,1576,1493,2111,2316,1651
219,909,762,456,2286,2254,2326,1252,2571,2663
219,339,516,2175,1375,1556,2488,1426,1627
219,339,1587,1120,1515,1485,283,1694,2272,2193,913,1515,1259,323,1475,2738,2497,769,661,1438,552,2893,1424,1129,2478,2704,2164,928,2672,928,2697
219,1173,909,83,2447,1056,2397,2706
219,320,347,970,124,334,2363,2807,1115,1620,2256,301,1435,1137,781,491,770,788,423,595,2394,1090,677,2043,678,2520,2310,709,2613,1544,2613,1283
219,390,1172,717,1545,622,2374,830,1024,2620,1827,1740,621,1478,1628,1751,1044,2528,1809,2505,2514,2739
219,320,2376,1522,503,1015,1563,1796,1056,1699,1715,999,2472,356,2353,1778,634
219,320,829,2532,769,323,1728,2708
219,320,1393,1499,2447,375,853,511,2217,2574,2484,2288,2380,2768,1808,1645
219,320,1173,848,2447,2801,1110,1665,1157,616,1142,1052,2396,1822,1823,1823,2489,1556,2390
219,360,454,717,848,1737,2603,1545,622,2447,1026,2251,2485
219,320,1173,320,1253,2745,140,1439,663,2363,2721,2380,2508,1302,2489,1115,1292,2242
219,360,451,1519,1438,2361,727,1555,2801,853,749,2801,865,1715,620,1115,1645
220,339,1120,1396,1525,2713,675,408,1434,1990,2768,1154,448,1153,2119,2433
220,339,1113,462,728,477,537
220,339,1587,1120,410,829,2454,1608,143,2810,985,1249,1312
220,390,480,1358,2266,612,2768,1058,481,2216
220,390,470,298,2490,590,1944,2086,1628,1651
220,360,763,1112,2860,1312
220,320,379,1180,2388,1043,960,329,2611,998,2656,2762,2406,1703,2187,1627
220,320,1587,2180,145,2863,166,1905,1438,1690,558,2485
220,360,1113,1531,1927,1249,1627
220,1173,453,1253,137,137,855,966,347,124,334,2217,1577,1410,2493,1078,1068,1702,1007,2422,2346,471,1703,2346,471,1904,2228,2185,624,2321
220,360,1587,2866,898,2262,1800,2283,1810,1711,1215,420,679,2406,2317,1638,761,1645
220,360,763,1112,2580,580,2555
220,390,80,470,1109,298,674,1693,90,374,1123,1399,1452,2288,378,1695,770,788,918,619,2288,1707,1336,1279,2549,727,2667,357,1645
220,320,848,525,2763,196,2255,301,1349,621,1725,1649
220,320,909,320,1473,710,816,1481,629,434,600,487,802,837,1156,959,1194,180,601,180,1132,1047,1942,377,1206,1652
220,390,1085,43,1518,477,2527,1783,2858,2515,2363,2721,818,2447,2397,649
220,390,392,1172,898,425,1565,822,1027,371,2229
220,320,339,763,1438,2397,2485
220,320,848,2763,1287,662,1628,1852,1725,614,492
220,360,484,848,1464,1375,2447,1715,1814,378,1218,83,1707,1336,1759,2585
220,339,1587,339,1172,392,1120,2266,2447,1375,2763,424,2765,1702,1814,2380,1991,767,1545,897,2447,2404,1832,2216
220,360,717,525,1316,2268,507,2842,1715,1825,1667,2310,1433,2489,2511,2400,2288,371,1442,2196,1071,2463,518
220,320,848,1872,1020,2345,428,1016,1693,1692,2522,1725,2890,1283
220,339,455,1358,455,454,1566,1499,821,141,1446,1190,739,477,537
220,1173,379,381,845,1049,109,2268,1074,685,640,1097,1949,2515,2363,2498,2447,1057,2404,1065,2449
220,1173,339,1566,516,83,623,410,1438,1057,2305,2421,2391,2804,2301,2477,2469,2524,574,1599
220,1173,1473,2217,1499,1707,1869,631,1116,2355,301,1692,259,1232,375,1689,1665,2712,2513,2233,1742
220,320,1253,912,1259,710,1702,2226,2119,2433
220,360,1587,1113,1561,81,305,633,1071,2463,2245,1637,2721,2288,1081,1058,629,1375,1744,125,2247,1735,2245,1633,166,835,2406,1703,635
220,360,763,1081,611,1478,1798,1019,1770,1368,1394,2100,2603,1430,1424,2490,2385,283,2536,1226,1548,1792,759
220,390,454,446,1566,503,140,1625,666,9,639,632,714,2893,1687,1686
220,390,863,977,812,470,1111,2774,2717,2355,1649
220,390,259,1872,897,1375,558,2485
220,909,320,137,855,227,1043,835,2802,1287,1747
220,906,240,1979,1731,2328,2297,866,260,2297,323,769,1695,848,382,433,954,2765,708,1463,417,2543,511,710,828,2413,1778,2298
220,390,1397,79,1713,1087,1438,2397,2227,1475,1090,1811,1742
220,909,1172,2178,78,754,309
220,909,468,2255,1056,109,2450
220,339,1120,1515,2100,2454,1606,2721,645
220,390,391,1341,1635
220,360,1113,2176,2685,2588,2379,2588,1107,1348,934,276,506,2564,1501,2234,2865
220,320,379,323,2624,1215,853,706,2094,587,1594,643,2491,424,1021,2245,2463,2607,1435,802,678,2801,2164,2737,679,47
220,360,1113,462,922,1922,2778,245,1319,1262,2893,630,844,1438,1081,611,1478,2488,2251,2488,2398,2395
220,909,762,498,1116,309
220,320,484,848,2479,417,1942,1316,2795,2773,1153,645
220,360,763,1376,1286,117,2614,638,965,1335,2775,2299,652,2758,2727,448,2533,1715,1209,1585,420,151,155,1824,1498,1302,2351
220,320,228,227,476,2330,2342,1872,864,2480,830,1549,1708,1669,1774,1263,2230,2574,141,2597,1116,1256,947
220,360,763,704,2406,2489,2316,473,1643,357,761,591,1811,2842,1057,2390
220,390,469,2178,533,2447,2412,282,215,797,691,817,2801,2780,608,930
220,320,2376,1921,1453,1101,283,1101,2721,645
220,360,763,1438,1585,420,323,1061,679,1287,2307,1640,1153,518
220,909,83,1438,2801,2408,651,1115,2397,322,1115,652,2070,721,2470,2320
220,339,360,259,2543,997,2301,1709,1238,2512,379,920,368,368,1081,2251,1063,707,1063,2775,2488,2317,409,651,467,1264,2234,667
220,1173,320,228,227,920,1736,1649
220,360,1120,1212,2866,503,1015,817,1214,473,2317,2043,649
220,390,1120,1185,2266,2272,1499,703,1620,1118,1117,1699,2189,2114,1078,2763,196,2832,621,2455
220,320,848,1232,1679,1715,853,552,662,2406,1115,981,1312
220,1173,320,392,762,498,1540,371,2527,2713,1619,961,1079,2614,1853,2441,472,1391,2397,2862
220,339,1587,1113,938,1780,80,469,1561,1404,1324,1249,1726,1663,308,552,378,704,2231,2805,1754,481,2216
220,360,259,806,2637,1351,817,1061,629,1225,1232,1238,2512,845,2476,154,2217,1577,913,817,1934,761,2428,2488,702,2455
220,909,431,2756,1708,1339,1289,1809,1391,1715,1215,749,2801,1321,1215,2361,287,1944,2086,1628,777,2520,2862
220,390,469,2178,1680,2348,1438,619,2288,1707,2858,1540,844,1071,1692,2455
220,390,2287,2486,2461,385,1321,1832,1808,492
220,320,2369,116,1148,590,464,1383,1698,593,2837,1348,1889,2893,424,511,710,2461,2389
220,320,1029,299,958,1957,1552,2158,2255,1820,2712,2641,965,1957,961,1744,2311,1717,2422,2111,707,1063,1821,2489,2396,2804,2422,2406,2868,1316,2538
220,1173,347,134,227,2383,2231,1206,1737,1463,708,1169,4,1141,2192,1944,1793,532,1305,1375,2508,777,2409,930
220,390,2333,1579,2269,2400,1812,1436,245,675,2841,1621,1692,1435,2491,2841,46,1312
220,360,1113,1369,1701,2868,1060,432,2624,707,2395
220,390,1172,2866,61,717,417,1956,918,619,2125,918,1097,2515,238,1679,1322,2415,1832,1064,47
220,390,2114,1525,308,1751,2192,679,2508,594,2860,1313
220,390,410,1438,1026,2511,2472,2317,357,678,1090,653,1431,423,365,2424
220,339,455,978,1713,2348,1375,2421,2390
220,320,848,2199,1708,1410,706,1689,1677,1652
220,320,2287,2570,2476,2272,1406,821,966,911,1481,1116,2680,2084,2535,2558,493,1563,519,844,1794,2380,1181,1078,1678,630,1071,151,221
220,909,412,283,1187,383,2496,2094,1372,1908,2199,1410,2447,375,368,2363,1215,378,1376,961,56,2897,1621,518
220,339,1120,83,1376,1336,1751,1701,1751,2192,1944,2318,322,1853,2317,761,1077,1569,309
223,1173,278,1921,1319,155,2893,2841,1289,2860,2424
223,909,2114,2266,1373,2721,2285,1057,2397,2829
223,320,2369,2025,2744,957,675,985,1249,1544,1494,2499,1056,1302,629,434,382,385,1702,481,2798
223,1173,1259,817,1209,607,1079,2604,1295,961,1250,1008,2448,1218,612,1707,2760,59,156,443,2809,1286,2219,861,2242
223,320,909,503,2906,1125,2693,2849,2858,2105,2235,371,777,2488,558,2449
223,1173,392,1172,1120,454,339,454,2866,762,2601,2178,533,2175,1608,167,664,1349,475,108,2459,464,2840,10,1080,1574,480,2287,2486,436,1649
223,909,1364,1699,1068,2380,749,1098,552,2196,372,1692,2522,1116,550,2515,1523,1730,533,844,2447,996,2508,996,2511,1157,1057,2389
223,390,484,848,417,525,706,2094,1796,1685,1699,375,2447,2397,481,1811,2317,2315,649
223,360,763,2454,1421,1701,2361,761,653,2231,605,2589,1287,2529,1056,2361,322,1302,2391,1000,418,2273,646
223,390,1587,1120,2839,844,1685,1322,1833,1058,1627
223,339,1566,1120,1172,61,1396,2603,754,204,2494,754,194,1392,1048,1712,2285,1627
223,320,455,498,2765,2361,428,373,283,691,407,388,1045,1736,710,47
223,390,2478,204,1237,1563,1056,1081,708,2377,423,1046,2043,1543
223,909,762,993,59,708,382,2301,1570,804,2508,1427,1585,1501,1255,1640,2806,2806,1177,1475,2553,1115,1645
223,360,484,392,1120,2348,2447,1665,473,2315,322,1651
223,320,379,782,476,2763,2854,2363,818,2380,1027,2361,761,1645
223,390,451,1149,1421,2861
223,390,908,431,1763,1091,1622,2505,523,865,2805,2449
223,360,484,469,1927,308,1852,2881,2607,2459,1660,1392,1226,1548,1689,421,1620,113,46,1645
223,320,1172,1120,470,59,2495,1008,283,424,2380,423,2419,1811,591,492
223,1173,867,885,2194,710,47
223,320,228,536,1399,1573,1410,2447,519,1968,1615,1481,1812,2796,1637,643,1053,1812,664,2105,420,2363,1699,2461,828,361,651,2630,2455
223,360,1120,1515,2380,2508,1627
223,360,1113,412,624,252,1250,643,2085,1614,2594,1502,1435,1434,910,570,1697,370,2288,1691,2245,1686
223,320,1253,815,227,1908,2340,708,897,2377,817,2801,2093,832,1949,1534,1430,2192,2043,2489,397,2433
223,320,392,1120,169,911,814,817,1081,1093,2488,558,2485
223,1173,1029,299,2637,1682,115,88,2549,2867,1918,2125,1693,2893,2721,853,1770,2482,1139,1736,323,2164,704,777,1475,2644
223,320,816,817,1830,400,2444,1970
223,320,2287,286,474,1669,394,1574,456,406,1438,652,1241,1060,679,2806,2533,2408,109,2585
223,390,259,937,180,4,1025,2383,2737,777,1361,2111,2395
223,339,516,821,2506,1769,1367,1722,1138,1008,338,1870,1376,2858,1897,817,1059,1602,824,1494,1633,221
223,390,259,1028,1232,2406,1302,649
223,909,469,455,454,1113,1697,1098,850,309
223,390,469,1185,1515,843,1699,2727,2801,1110,2409,2488,2398,2395
223,390,484,848,442,708,180,781,1187,845,2731,1440,865,1715,2164,1703,1074,1064,2471,2533,2419,860,2118
223,909,503,644,106,512,1547,2481,1572,1375,391,519,2208,1515,552,1068,1702,481,947
223,320,848,2199,2756,1353,2873,973,603,2325,661,1164,861,2219,2216
223,320,848,525,378,1525,2858,2765,2496,1438,1081,2511,1157,1853,2589,1742
223,339,454,484,1172,1120,82,2863,728,1119,1812,1675,673
223,390,2734,978,196,2832,1744,1828,2164,2315,322,1475,481,2216
223,1173,392,454,1587,717,898,920,375,826,2363,1215,378,1736,283,2340,2374,1339,2844,2641,2120
223,360,451,406,1685,1711,2364,2613,2489,558,2390
223,909,1172,503,2506,1769,1224,942,2590,739,2733,734,957,2196,1071,2463,1071,1435,1434,109,2538
223,320,848,2331,1732,2334,2169,476,2335,1772,2165,2333,1872,713,2175,708,1187,367,465,178,769,440,1695,282,380,188,785,1194,1942,1316,2538
223,320,379,1016,2383,1715,2408,1833,1808,492
223,360,789,2330,2038,1723,917,789,2278,2109,267,2333,1872,1469,2479,901,2374,1339,1537,2225,492
223,320,379,382,920,705,662,1366,1081,558,2485
223,360,717,2232,2543,1942,928,2672,928,2672,2555
223,390,711,1549,1587,2866,1281,1437,1358,1687,1320,1726,2636
223,320,909,405,1250,643,1053,1692,1725,2463,2519,673
223,390,480,454,763,1376,1699,2380,782,2373,1814,476,2197,1027,1702,2322,481,2216
223,1173,913,2363,2372,1840,2322,2806,1000,2364,2806,2613,2488,813,2396,2164,928,2555
223,909,2287,821,669,1423,1820,1707,963,2273,1585,904,709,2580,2455
223,360,2866,1172,623,1452,754,204,1490,2457,908,2481,1505,1514,1820,2094,476,430,803,898,2169,2037,1732,692,2374,2374,2292,288,2737,481,645
223,360,484,1172,1120,1185,987,564,244
223,339,763,2482,1685,2461,619,1299,417,1027,2377,1685,1699,826,817,1934,761,1645
223,827,2338,1450,2199,1282,704,1569,1478,606,2426
223,339,2866,2178,469,2178,529,1216,1229,991,1748,1347
223,320,379,2383,570,2400,1693,985,1249,1627
223,320,848,919,2374,2578,2541,1482,998,1538,2654,2416,2218,1543
223,360,763,1707,2385,2196,671,1692,2522,1692,259,228,227,1043,2476,1440,2572,2596,2758,448,47
223,320,848,525,2543,420,817,1475,647
223,360,763,1690,1000,1754,1313
223,390,468,1384,1139,436,1649
223,1173,2287,523,865,2805,2784,2798
223,390,623,143,2499,2765,818,323,47
223,909,2302,1607,283,2368,837,388,317,1478,2508,1949,283,800,180,718,180,1247,1196,788,2484,2508,2488,2354
223,320,909,1531,2481,1505,1111,2857,2256,2706
223,320,484,410,1438,109,2531,511,371,1677,2235,1677,904,1090,492
223,1173,848,2199,1282,2447,777,1665,1742
223,360,484,392,454,763,1670,1139,424,2497,2380,2325,661,1695,770,2368,1156,2002,432,679,1361,826,2485
223,360,339,1566,1113,412,2026,1958,1179,1575,1368,415,1889,1540,1148,910,387,770,386,1156,907,597,845,2731,1409,2025,2796,632,2858,1687,1686
223,339,1587,717,1078,1707,630,1696,1272,1685,1026,2575,1377,2251,558,2305,1002,2641,842,113,2392,1822,2488,2612,709,2775,1283
223,339,717,705,1292,629,2169,2199,466,2614,2268,507,1069,2805,928,2738,1045,109,1049,594,518
223,390,446,2376,335,1595,1515,1736,2841,2832,1758,2304,2113,2548,1361,1075,1164,861,1627
223,909,2601,1185,2348,1102,1128,2448,2603,675,1699,1209,368,853,2412,419,782,1081,2724,2769
223,320,848,997,2401,2497,530,818,420,2508,1627
225,278,265,161,1261,1250,338,1229,73,443,305,1563,2726,1438,2801,1026,2312,1715,1215,1438,2801,1214,2624,2408,1778,634
225,147,134,814,663,552,386,283,838,1043,466,150,2492,2841,2526,1286,2492,1525,151,1686
225,320,347,1190,1424,477,2635,2588,1367,2341,2443,2512,936,600,491,782,323,2164,1057,2305,2421,2612,1287,1313
225,228,536,2185,934,578
225,278,336,661,1702,2391,2310,1082,2489,2608,2305,1556,558,45
225,320,379,1942,511,1911,287,2043,1808,947
225,320,838,187,865,2283,2746,653,1338,2572,2440,317,2464,992,148
225,1173,392,1172,1566,1120,1396,2642,310,2490,985,1621,1813,2192,2851,2589,1740,2455
225,228,816,1695,2508,2746,371,1569,1349,835,2406,1302,649
225,278,2185,1101,2721,1057,2390
225,1364,1193,987,1327,817,1316,2813
225,228,536,2185,529,1539,1670,2288,1430,2456,511,710,828,1154,1840,1811,677,467,649
225,147,134,124,1101,283,379,1043,841,983,2215,2841,985,2273,1585,2301,418,2247,1561,529,2199,466,2358,1705,2406,1361,1057,2449
225,320,1253,815,227,382,378,2447,2728,448,47
225,228,1099,337,265,739,340,1776,1922,1259,334,710,2727,2413,2533,473,2214,2317,591,108,365,1543
225,320,1172,2178,2286,2170,581,1348,2299,1832,2119,2118
225,147,536,545,148
225,278,1473,1481,298,674,1692,2522,2459,180,1232,1258,1621,472,2513,1316,2549,2319
225,278,2760,2484,436,703,1068,476,1872,917,2039,2260,2265,1021,2497,1122,2497,817,1830,359,1918,2727,652,1115,688
225,320,909,468,2255,1056,2805,1347
225,278,2185,412,1101,283,422,282,1771,2199,1282,2481,1991,679,1302,2428,647
225,228,227,189,428,425,898,2199,1744,1081,611,1822,2395
225,320,867,2369,1657,1632,2660,246,632,490,309
225,320,379,838,1187,770,430,708,387,845,141,2254,164,2719,182,2635,1188,2011,2527,2726,1060,679,2804,1346,2471,2393,1627
225,2459,1232,375,2854,853,1077,2400,817,1061,2497,661,1840,1808,947
225,278,979,1351,1812,2760,631,963,2634
225,228,337,2258,1008,661,2363,2498,2394,467,2088,2419,591,649
225,278,395,2849,2726,1061,2726,1061,679,2798
225,147,1099,855,2745,1204,2849,2726,1438,1690,2421,1057,2449
225,228,816,1812,631,1540,2445,1563,1421,1621,1852,2667,362,2428,2088,2043,690,396,2164,1057,1433,709,2488,651,1209,1749,2111,1821,2488,2489,397,1747
225,241,752,986,1259,1481,1116,300,824,2767
225,1364,2302,1402,637,675,408,1434,109,2549,1246,652,2455
225,147,1099,911,818,420,323,1361,1057,2724,2769
225,320,768,1437,814,710,2773,417,1232,1258,108,365,591,649
225,147,1099,124,140,2713,151,2515,1258,1258,1621,2528,1059,2707
225,320,379,1434,910,1509,1736,552,1949,1897,817,1115,2088,677,518
225,147,134,337,1193,1473,1515,1259,2363,1443,2322,2593,2533,2217,1577,1499,1708,1339,1002,329,2541,1002,2641,839,1339,842,2541,58,1620,113,2392,1312
225,320,913,710,2801,2624,2372,1164,1249,2798
225,1173,455,1358,310,1116,1256,1221,1062,1065,1115,2428,322,322,2315,647
225,1173,1172,392,480,898,1792,1444,674,1008,2448,1606,2721,2801,620,2441,2553,2406,1063,1823,2488,2421,1115,2088,473,2315,1302,1645
225,147,816,817,2801,619,706,2094,378,850,2105,2235,1240,947
225,147,1193,815,966,1101,424,997,2447,1478,2397,1057,2317,1634
225,228,536,982,835,1048,1490,2164,2346,2862
225,278,395,1696,1071,518
225,1173,379,2383,375,2805,481,652,1209,2393,2798
225,147,1193,253,1111,308,1289,1071,2245,2084,2164,2406,2697
225,278,536,2738,1077,662,1814,1702,1711,1215,2767
225,320,360,339,455,2348,2094,1326,342,680,782,1800,2099,2277,2260,2265,2169,2332,900,692,1872,2543,706,2482,1305,1056,2361,2111,904,709,2449
225,147,1193,1473,323,2346,1703,1536,2120
225,1173,379,1043,960,1148,1870,78,1257,412,916,276,641
225,228,124,334,710,47
225,1173,848,2199,1091,1492
225,1173,1029,1259,1481,2760,1414,118,1420,2762,1749,1754,1749,2393,1313
225,1173,347,1301,1439,1149,663,1438,1057,481,1628,2086,1701,1637,2721,1830,356,1064,448,2461,828,1134,2728,518
225,228,124,140,767,1058,2322,1777,448,2533,2093,2575,1833,2216
225,147,134,347,1190,966,2591,1354
225,147,1193,1598,2203,1575,162,1547,2027,2527,2713,663,1707,252,1324,1482,2711,2653,2120
225,278,1921,1327,2726,1061,679,777,2088,473,322,688
225,320,2375,869,103,1328,103,2297,769,323,2553,1703,2214,2214,1944,363,2427
225,278,1921,2503
225,1173,483,2476,1440,1672,960,2030,329,998,2181
225,228,453,453,379,227,1043,2737,1647,1628,1852,2607,1435,450,1942,1346,2823,2893,436,367,1800,143,2361,356,1065,2806,709,2391,2804,1164,645
225,147,337,227,1016,604,180,1194,838,837,603,1043,2737,1287,1717,2309,1712,2361,2317,357,649
225,228,816,1053,1481,2463,1071,1435,407,558,1094,679,594,1322,2070,1322,2883,2322,2773,2533,436,1376,630,2385,185,1445,1178,824,2644
225,147,124,2812,866,398,1963,145,1019,512,1296,78,639,2500,2499,2841,2832,1744,125,1081,407,388,1045,436,1282,704,2196,1228,1686
225,147,134,453,1253,137,227,781,180,1205,1942,706,1112,2860,2861
225,1173,1473,1259,2363,2372,595,2242
225,228,147,1193,2745,1446,1032,730,661,703,1384,1540,1122,2497,287,1944,1230,2827,1278,1921,1204,2756,1571,1611,2784,2881,2526,1740,2319
225,228,816,943,1812,629,2330,931,920,997,1735,594,1071,2463,1071,2459,744,2753,523,329,1622,1774,2832,1744,1478,1302,1480,481,2798
225,278,1029,838,1187,382,419,1098,370,1098,2456,1473,1812,1420,1614,2492,1699,2112,1112,125,1747
225,320,455,454,1120,392,1120,1515,1707,1540,2438,708,1141,774,379,997,377,1592,1645
225,228,536,2486,367,368,2447,1157,1065,2389
225,147,1099,395,2638,2741,2637,413,1278,1005,136,1594,185,1485,2271,1432,1622,2505,2842,1321,2874,2901
225,320,392,446,1120,876,1669,2438,1696,2610,2363,2404,2353,1153,2216
225,228,816,1812,2809,1917,1569,1478,2397,2645,2644
225,228,816,371,1715,865,586,575,2701
225,320,848,997,323,1059,2315,322,1302,1287,1647,1316,1377,611,2390
225,147,1193,297,1105,453,379,2373,383,2373,910,1695,1130,631,2499,1737,2454,1438,646
225,228,536,2486,802,1178,532,691,2361,357,2315,592,2520,2455
225,278,987,2836,2721,47
225,147,337,2749,775,2796,1614,1420,698
225,147,855,337,128,546,843,1540,843,2721,421,448,1153,2242
225,147,816,1812,1869,2196,1071,1435,450,910,1695,185,251,1048,1712,1115,649
225,278,987,547,1224,2604,1188,764,486
2816,278,1163,1210,180,1247,1196,1123,2731,2179,244
2816,320,516,1087,1685,1094,2361,2239,1316,2549,1246,1918,1027,2768,2727,1808,2592,2426
2816,241,2859,2600,1515,1694,1685,687,590,1944,473,1164,861,1777,2404,1072,1062,721,448,47
2816,278,347,643,818,420,704,301,2717,2196,2519,2717,2196,192,543,2721,552,2406,2488,2608,709,2608,2613,2489,467,2428,1057,481,2216
2816,228,1099,337,227,782,1690,1754,1313
2816,228,1104,982,1597,1078,1707,2385,2499,1206,386,2744,829,1707,283,379,1545,2335,525,378,704,2196,1071,518
2816,147,855,912,818,1068,1786,2288,1641,1814,1693,985,1289,1809,1366,1736,1509,1697,2508,777,2489,2775,2449
2816,147,1099,855,347,643,675,783,2532,2225,2298
2816,1173,762,498,1545,1016,1187,1016,380,388,1045,928,813,2422,2346,635
2816,278,1100,1327,2491,2105,1077,853,749,2801,651,2408,1115,1543
2816,147,337,1674,323,1115,645
2816,278,1099,855,337,134,914,323,1215,1054,629,1375,1438,1665,1057,481,2216
2816,320,454,763,2768,1777,2404,448,47
2816,278,2576,829,1376,1116,1117,364
2816,320,2369,1143,1043,1399,1405,1670,1509,373,1043,839,1813,1639,2856
2816,147,337,1190,2669,1099,228,536,2179,2179,1677,824,2190,766
2816,278,261,552,653,2406,928,813,2702
2816,228,124,234,305,985,2529,1809,1093,1667,2396,2310,2449
2816,320,1173,848,2480,2292,2668,2604,245,675,252,298,1517,2196,221
2816,228,453,347,124,1921,498,155,2245,2680,166,2399,1740,1746,857,2653,585,1952,962,664,1745,1725,1494,1749,301,1071,518
2816,278,2638,2521,956,957,151,2084,2535,10,1364,336,710,385,1007,2422,2608,709,2862
2816,1173,898,1792,1731,2297,1436,1619,961,618,1391,606,2397,2769
2816,278,1473,817,1715,1830,2624,1209,2898,1640,2322,2806,1347
2816,241,1405,269,1397,79,2370,1421,1828,1377,1832,2353,1778,2187,2625
2816,241,1658,1921,299,958,2521,1195,550,1949,1206,418,113,2220,2798
2816,228,816,2361,1045,1258,1621,1749,301,1071,259,796,669,2295,1551,1561,2255,1116,364
2816,241,138,814,546,1148,1692,1725,1749,2613,1821,2351
2816,1173,320,1173,44,2512,845,2611,842,150,1571,1603,1219,2633
2816,278,453,1253,137,855,966,1921,1319,2491,985,1493,2874,1316,1323,2268,1631,2636
2816,278,461,139,2258,1190,140,1190,2258,169,1129,2603,1525,675,2841,1249,2219,2548,2390
2816,1173,320,2369,1657,1088,2008,1075,460,2879,150,1809,647
2816,147,1193,334,2217,2272,2574,1431,679,2798
2816,1173,1253,134,814,2778,498,301,2717,155,2464,301,372,120
2816,228,278,124,334,511,850,2189,1430,423,2419,1811,492
2816,241,124,253,83,2400,1485,1699,47
2816,320,124,138,913,1812,424,1058,629,1772,2340,2401,1326,1971,971,2560,731,221
2816,1173,320,1281,871,1147,960,2030,1603,2518,421,1620,113,1290,2687,1349,819,1917,1569,1116,309
2816,241,1032,815,138,773,2380,420,1054,433,1531,1108,2314,1715,2312,721,2874,2843,1431,2746,2497,1702,1814,2497,1436,590,1944,2318,2427
2816,278,347,2788,136,1216,827,503,854,1384,2174,167,626,290,2357,486
2816,278,1921,2237,2232,2335,2374,2832,1744,1305,1375,1556,2575,1115,652,2767
2816,2553,1736,817,317,1478,282,602,600,2512,383,447,1122,661,679,2613,2806,47
2816,1173,1029,1896,329,857,1142,1052,2396,2823,1359,111,1320,1686
2816,320,134,337,913,1812,2858,83,2400,552,2893,364
2816,320,2376,1396,1109,298,1262,1949,283,2479,1771,822,1027,1991,954,2768,1645
2816,1173,848,1555,1059,2708
2816,1173,848,422,1021,375,629,373,598,382,1258,2459,259,360,1120,1515,817,1209,368,420,371,2721,1585,1754,861,1811,2317,356,1062,47
2816,320,134,337,829,83,1139,1540,1019,1840,1808,947
2816,278,1105,347,1259,323,1115,2489,2575,2874,2268,635
2816,228,536,395,958,246,1620,2890,1754,861,1811,361,1918,1991,1831,370,749,804,1827,1536,2220,1627
2816,278,911,2363,1699,2285,1627
2816,1173,379,1043,840,878,867,1383,1698,1944,2086,1628,2893,408,2192,661,1164,1811,478,2214,363,2644
2816,1173,347,124,2788,265,739,276,673
2816,228,536,2179,1361,1057,481,1312
2816,278,1921,644,1701,1852,2607,854,2578,1562,1339,2889,1091,87,2654,1263,2596,1754,375,2288,424,1814,1693,1692,1435,1434,366,679,1627
2816,1173,909,431,2570,1410,1570,344,1078,1326,2094,904,1313
2816,1173,483,643,1092,1148,1540,1775,1438,1585,1711,1501,2865
2816,241,1179,2741,2194,2456,1812,424,2765,2763,1569,2179,2505,2842,2770,1124,1478,606,2317,2089,1651
2816,1173,320,392,1120,1396,470,1515,2175,1438,1478,2397,322,2644
2816,1173,320,838,187,2361,362,761,2322,47
2816,228,1104,1473,913,710,47
2816,241,2859,2258,169,2217,1499,1707,2196,1686
2816,228,1104,379,367,1658,1150,1814,679,1427,1585,1501,452,2515,704,2807,645
2816,320,1173,1253,2745,730,1260,1129,843,1485,1534,1737,822,267,1275,267,2099,2037,917,2068,2038,419,2501,2515,1408,1494,2761,2777,1291
2816,1173,848,2340,705,1045,2580,580,2164,777,1093,1055,1273,1322,2874,999,471,1631,1749,2245,1223,578
2816,228,1099,337,227,787,878,1399,1674,323,1302,2489,611,1556,2214,2318,1643,2419,1811,2317,1077,2801,619,2498,2447,619,2515,679,2737,777,492
2816,1173,909,1172,480,898,1694,2125,710,2727,1777,1645
2816,1173,848,476,1025,1156,1123,2731,1278,2850,241,340,739,1224,921,863,1024,1108,1420,698
2816,228,337,1405,829,1736,985,1621,1813,2192,761,1798,2854,826,2447,619,2624,2489,2396,707,2346,2593,47
2816,147,134,2658,2444,2508,1302,2613,2862
2816,1173,228,453,1253,912,323,2164,2447,777,1591,2043,2489,393,393,1115,2315,322,2644
2816,320,339,360,763,1690,2455
2816,1173,848,525,521,706,1670,708,689,90,1194,587,2244,2733,2817,528
2816,320,379,788,829,1707,282,901,2277,2099,917,2037,794,2337,525,2496,1691,1990,822,1694,1570,704,2807,2798
2816,278,987,1765,334,1485,1540,1696,1272,1685,2498,679,47
2816,278,334,843,770,788,2363,1443,679,2508,1647,2737,629,487,939,1038,1025,382,423,2285,2393,1640,2307,1584,1586,947
