1,2598,977,1146,98,1907,1607,2515,679,2798,1741
1,977,61,1396,84,1149,1870,1606,1949,770,203,1235,1942,920,419,2002,684,525,1316,2441,2122
1,2598,977,466,871,1658,1657,1611,2849,1783,2726,385,2461,448,2070,2806,2389,2305,1556,2449,1811,690
1,2598,977,776,812,847,1146,922,670,143,593
1,2598,921,196,1266,151,2515,417,367,2383,782,1438,2397,2315,1667
1,2598,847,61,2454,1438,1585,2364,2806,2449,678,467,441,2875,2852,2417,2392,282,2368,382,423,2086,2868,690
1,977,977,776,812,83,2288,653,1852
1,2173,2454,1606,1534,1505,2760,283,2388,782,452,519,283,898,2201,936,959,323,1475,1077,1112,2274,2881
1,977,776,977,849,456,2286,1955,1955,1363,1249,1543,1665
1,977,1146,1113,462,2817,958,1363,1249,861,1811,2317,761,649,1057,2488,2214,473,1840,1811,361,2768,2727,652,1323,109,2538,813
1,2598,847,2173,2454,1421,1288,698,1560,2355
1,2598,2173,1172,717,1694,2105,1798,629,705,1703,635,688,646,617,1057,1556,1821,2488,1115,1475,2488,2305,2422,2421,2862,2612,2489,1717,2309,1712,1665
1,1212,2173,849,717,2199,930,2697,2672
1,2598,847,812,2839,1512,1288,2811,1049,2406,1115,1645,2540,1007,2596,2307,2613,1270,2199,1452,2288,2508,1361,2655,1491
1,60,977,847,61,2178,1119,1820,1685,687,151,1686,372
1,2598,812,821,1566,2173,469,1368,470,169,639,151,1089
1,977,847,1499,1694,1689,2461,1153,1227,678,2520,2455,1478,1026,832,2485,1644,2492,1071,1570,2717
1,2598,977,776,1146,1452,1376,305,424,2496,1071,2463
1,977,847,977,847,2866,1172,480,83,436,2841,2526,1755,1079,2735,56,2284,1308,2232,2262,2199,1991,1299,2418,1299,417,2501,1782,478,690
1,977,2598,863,1024,1384,2496,1438,2801,1577,431,863,2588,2341,1138,338,447,570,630,1540,440,817,1115,1302,2428,2425,2489,2775,2489,2775,2316
1,2598,921,821,2850,957,2371,218,111,1320,242
1,977,776,812,83,378,1376,643,1053,371,282,1375,1112,1747,2459,1021,1346,2474,460,2373,367,1735
1,977,812,1499,1707,2765,2518,653,1282,954,2811,2585,941,1696,2493,2523,974,775,2680
1,2598,61,2173,2866,1120,2866,1566,516,2175,2448,2174,1376,2760,1615,1436,424,1019,511,323,1061,1990,424,2508,777,2397,2390,2769,928,2724
1,847,1769,2385,1317,118,1288,1305,2164,2724
1,1212,1172,392,623,2288,378,2094,804,1691,2893,1691,118,1317,2492,1330,1249,1313,492,2767,2545,1828
1,977,2598,776,847,1212,2173,1120,2100,829,773,2288,1736,90,603,781,1434,2543,377,1592
1,1212,2454,1438,853,1685,826,2363,818,282,188,2444,1970,655
1,977,61,1212,2757,169,135,268,2244,1607,1540,2493,552,1258,1692,1116,309,2196,192,1791,532,1505,298,674,2105,704,1569,2522
1,977,847,2529,1747,259,672,271,1328,883,876,1618,2175,1685,2721,2721,1585,904,2806,2393,2391,2804,1427,1058,1427,2724
1,977,847,1499,1438,1057,45,2433,2643,1313,2799,1627,1745,678,2724
1,2173,1396,1402,310,1820,663,371,2196,2519
1,977,1212,2454,1081,1736,2361,507,1069,1556,1593,1832,2413,2593,1640,2307,1506,2682,1781,1089
1,977,1146,1266,1735
1,2598,977,847,61,2454,612,2768,421,361,1620,1118,2860,2861,1270,2426,648,617,2424,2860,2242,1741
1,2598,776,977,776,2598,847,1744,621,2799,1312,2799,111,1320,1336,1553,2702,2431,2718,2901,2697,2672
1,1212,2866,480,410,1707,754,443,2809,308,1852
1,2598,776,977,847,1212,2757,2175,1421,1828
1,977,849,1396,1525,1128,449,1731
1,2598,977,1146,1024,1515,2348,1430,2380,2266,2447,1516,2574,1431,2325,2361,357,1643,108
1,977,1212,2866,1172,1724,265,2683,2100,1438,1715,1059
1,2598,1146,562,528,1741
1,2598,847,1744,2538,813
1,2173,762,83,1218,754,1514,308,1756,2702,2441,2122
1,2598,921,1272,1081,558,1063,2554
1,977,847,977,847,83,1373,252,2499,2105,1569,1117,2496,708,1565,2199,466,871,960,852,1751,2122
5,946,888,902,287,2229,646,617,1057,1302,1361,2520,2137,558,2829,2697,2672
5,752,299,1188,2696,2453,2701,2700,2431,2901,2697,2672
5,752,985,151,237
5,1143,288,1658,2456,843,1184,1736,623,1375,2455,1828
5,851,462,2228,962,1079,2030,329,2528,1475,322,2317,363,690
5,986,1259,913,735,143,2491,1070,1707,298,1869,2774,1686,2284,2891,2318,1667
5,1143,2611,1813,1728,1774,2199,1270,2861,1644,1917,2499,2105,1677,371,1677,2285,1302,47,2612,2619,2421,1059
5,986,2788,1624,2713,2491,2266,2175,1736,511,1563,2490,1525,2491,770,1225,797,629,897,1800,1792,9,1619,632,1071,151,2084
5,799,347,1105,334,914,2217,2570,1088,1003,471,1904,965,1349,2453,2894,1544,2804,2415,2472,2317,592,2317,1840,2798,1741
5,851,2719,2502,1733,2131,2385,2510,985,150,1482,1290,2585,2548,2390,1115,1645,1592
5,986,970,2782,926,139,2321,2557
5,752,1409,1320,580,2555,2499,1796,2447,1373,1319,664
5,1143,1639,1852
5,986,1259,1812,630,1499,1438,703,1689,1059
5,851,778,2703,2717
5,752,299,1959,1389,835,2896,1637,1439,2858,2235,1679,301,221,2765,1702,1427,1754,860,2118,2463
5,1143,2637,278,987,2577,1594,1424,151,1687,2893,1494,1068,1597,570,2444,1373,2536,671
5,986,1143,398,1159,2635,1761,1019,378,1452,2454,1438,1585,420,151,1686,372
5,902,1683,1468,914,2361,359,2798,1741
5,1143,778,559,1117,2189,1870,2288,452,1695,1678,1068,1801,2711,2891,473,365,1090,591,2548,1341,1756,2219,2242,2594
5,851,2475,2026,1462,1520,1517,1136,639,632,1687,671
5,851,2723,2719,172,56,2406,2214,1115,2428,1643,1782,478,322,2530,2419,591,2645
5,986,1259,710,911,817,2801,385,1007,2308,2474,460,1427,1059
5,986,1259,710,1702,2805,481,1811,2530,1221,1543,1313,2489,904,709,1315,1556,2390,2315,322,478,1093,688,2585,688,1491
5,902,347,122,137,337,1405,1301,139,78,639,632,2680
5,986,970,957,2491,90,380,1123,769,661,1081,2811,109,2538,928,813
5,986,1259,1812,102,443,308,2841,151,2680
5,1143,2179,2355
5,986,970,138,2713,151,2680
5,902,1440,1763,2737,1498,1347,2545,860,518,2463
5,752,246,2196,1692,2455,1478,1302,47,1635,507,1079,2030,366,2893,1540,1722,1691,301,221,301,204,1671,991,204,2250
5,902,1143,841,2714,1813,2868,2245,1633,671
5,986,1259,943,323,1115,2322,2389,2305,1082,709,2391,2804,1322,1064,47,1635,2489,2396,2804,2372,595,1754,1627,1745,2522
5,851,2831,2371,334,552,653,1852
5,946,888,752,342,2380,1058,2240,1715,620,1153,2768,1645,1746,2611,842,150,2762,2247,125,2881
5,902,960,863,394,1522,484,1172,717,525,1641,918,2765,818,317,1116,204,1203
5,1143,1043,466,821,286,963,2832,1744,1478,2406,611,1391,2406,1391,2394,2111,2433,2429,2433,2429,2433,1302,690
5,752,845,1049,538,1068,1139,408,2192,677,1638,1811,690
5,902,107,2290,1701,2361,400,1299,525,378,552,1317,1620,118,1620,1051,1118,1725,1692,2522
5,851,778,559,1899,2557
5,902,1440,1763,2476,1369,2782,926,944,1262,2717
5,986,2576,912,1100,730,680,2091,476,900,997,420,368,323,1934,400,2798,1745,2105,1051,1115,1627,528,954,2580,580,2555,2672
5,1143,2207,2172,1104,347,2788,739,128,9,957,1420,2463
5,902,752,990,641,192,532,1701,1944,761,649,2488,397,1419,2442,1222,2594
5,903,851,1761,2303,618,1725,1726,861,1811,108
5,752,246,1677,1652,2500,1299,417,1942,928,2672
5,902,2588,1231,374,367,368,1685,2285,1057,606,2485,2086,2667,357,1093,690
5,851,1195,1363,621,1809,2505,523,590,1698,1602
12,946,752,1409,2238,578,1637,405,1476,1870,1112,2580,1588,1366,2094,904,2613,1283,2806,2806,2393,861,1627,528,992,148,2698,148,1905,323,1059
12,799,1301,2600,1515,1071,2459,809,1437,232,2199,1708,1608,1111,1250,2893,1897,1436,1812,632,641,1352,157,2618,111,1320,308,1828
12,888,946,752,799,347,1259,1327,1481,498,2463
12,801,888,946,752,2788,136,1006,399,2721,2498,1811,688,646,1809,2111,2724
12,801,752,863,468,2255,1820,1685,385,2773,2389,2305,397,2706,2118,2463
12,801,888,123,2658,2194,2456,1485,2765,680,2377,1690,1754,2798,1741
12,888,986,913,1812,631,1540,2363,574,1236,2648,1236,2524,664
12,946,1143,2185,942,1418,1381,155
12,888,801,946,902,2179,1370
12,799,912,1812,1420,1614,1289,2275,1071,1749,1246,448,47,1635,2319,2488,558,2485,538,918,920,368,323,1475,2613,47,1635,1536,585,1241,1934,1592
12,801,946,801,888,801,1143,288,2453,1852
12,888,902,960,288,1231,1231,2894,125,2270,1712,1715,1150,2406,1057,2214,473,2089,1667
12,888,123,855,773,2456,1485,424,954,2515,1112,1375,2275,2270,2555,2672
12,801,888,123,1253,1099,227,802,449,307,1444,2491,90,344,2374,2453,835,2701,2431,2901,2702,1406,2541,2653,2596,2307,709,682,47,1635,1852
12,888,799,124,265,1733,1512,1116,1599,1949,90,602,380,434,781,427,604,180,597,948,0,950,802,375,2285,2322,2389,2769,928,813
12,888,752,913,1515,1485,843,1138,408,450,782,379,227,680,2340,2337,2339,2447,1665
12,946,986,1259,1481,282,2343,2437,1796,1117,754,1226,1671,305,252,305,252,674,630,2174,1519,1775,704,2196,1071,2463
12,888,946,986,124,2788,82,957,2491,803,2339,382,1258,1692,1725,1283,346,2554
12,946,903,946,986,1259,1695,2272,2289,1432,769,1410,167,192,1178,1637,2721,2857,1118,1117,850,2490,1534,1505,1545,379,997,433,2756,1266,1735
12,801,946,801,888,752,1122,1410,1071,518,108
12,888,902,1440,1406,1432,2574,2610,423,2043,1645,1592
12,946,888,1143,288,1657,2589,1289,2275,391,519,2482,1139,2508,1627,2449,492,2545,1726,1498,1365,1770,1189,2518,2727,645,1638,777,2164,2724
12,801,1143,286,1769,637,1676,714,304,1699,828,88,2549,2319,2700,2901,2697,2672
12,888,1143,2761,1288,2256,301,1692,259,672,866,1383,345,835,1824,2522
12,888,799,124,979,1441,760,1345,120,1342,2570,2476,2193,769,440,1930,1621,2878,2667,589,2361,1658,1921,1303,2719,1089
12,888,1143,1043,960,1557,960,2849,663,570,436,1695,2765,511,1515,1707,1414,2858,2105,2807,2798,1741
12,888,123,773,2400,1481,2385,102,309,192,543,1178,532,1178,532,2810,1494,704,2111,2554
12,801,799,347,814,2491,338,788,436,1438,2447,853,552,2196,1692,259,1383,1681
12,946,1143,287,1944,473,677,1077,418,2247,2578,586,1827
12,888,839,842,113,301,1692,2459,672,313,870,99,877,206,1011,367,2401,706,1690,2412,418,2492,1570,1692,2522
12,888,801,1143,2475,2647,1309,2350,1083,734,593
12,946,986,2788,265,1733,1700,1505,1545,2437,266,417,1942,928,813
12,801,1143,2486,710,2361,2111,2488,397,2829,2697,2672
12,801,986,913,817,828,1164,1811,492,2860,2242,615,2242,2187,2625,2242,1745,1725,155
12,801,888,799,912,2192,2851,2737,1532,955,462,851,462,960,2836,2453,1828
12,888,839,2358,466,2611,2572,2585,688,1491
12,946,122,979,135,1596,2193,1756,2392,1347,2545,861,947,2393,2393,1051,323,1060,1061,1206,2361,1481,1260,1129,674,2491,1687,1494,2761,766,2321,2557
13,801,946,888,946,801,903,946,752,299,1224,2604,245,675,1019,1232,421,652,904,2806,1283,2365
13,888,946,752,1143,2475,624,664
13,946,946,801,1143,374,2383,2712,2611,1857,2865,2231,1206,1770,2670,161,578,2463
13,888,839,842,1493,1822,2395,2459,1398,1405,2286,354,2647,2820,2821,2766,1385,576,1717,928,2697,2672
13,801,946,799,124,2638,1954,2635,1138,338,1326,865,673,2084
13,888,1143,2179,1371
13,123,2658,1606,1260,1373,1505,1111,2464,2603,102,1229,1189,1719,1872,1450,2332,1694,1736,1693,630,486,1320,2893,1691,2231,1645,1592
13,801,1143,841,1437,2114,570,680,2437,917,2163,2333,525,388,1703,2724
13,888,986,124,966,2669,122,1301,1190,1476,2448,1606,2189,1867,2658,283,1187,1123,2731,286,1519,143,2490,252,151,2823,2196,2717
13,946,801,1143,2788,82,1327,829,1812,2774,632,2618,2371,217,2818,1112,2555,2672
13,801,888,801,122,773,2380,2515,287,1944,1634,518,259,360,484,848,2400,661,817,2801,1712,1665
13,888,799,1105,913,1695,1694,78,2759,1674,283,1515,1707,1869,1116,2284,578,1686,372
13,946,752,2611,1904,1079,644,566,669,1368,968,2670,1968,452,818,282,388,1366,844,1438,2447,1585,1754,2242,2594
13,801,752,976,960,1231,1278,1029,297,534,2680
13,801,1143,2172,1921,2503,1362,2019,664
13,888,946,752,1143,841,1116,1256,1691,2891,688,646,1809,1665
13,946,1143,2179,2718,2901,2697,2672
13,801,752,913,1515,436,1282,804,2112,1305,1828
13,888,946,752,976,960,1176,1177,1313,1347,1502,518,1502,2459,1383,2243
13,888,1143,2476,1399,1369,1112,1375,1809,1774,1254,87,2702,2441,472,1391,1475,2315,322,1667
13,946,801,946,902,107,841,1384,1139,822,1694,143,144,1081,420,1814,710,911,323,2406,2315,1667
13,888,801,1143,2185,413,1615,358,379,1043,960,941,1696,2610,2363,1209,1427,2619,707,2769,928,2538,813
13,946,752,902,1440,1272,1324,2493,1692,259,1942,465,2725,2231,1665
13,801,1143,1043,1088,1243,1627,749,910,2125,1814,1693,1424,305,631,1116,1089
13,946,986,1259,2363,1078,476,374,1043,2440,2283,865,1715,109,2772,1715,2312,109,1049,1628,1852
13,801,946,888,1143,462,2604,2796,1675,1349,557,1292,2242,824,2554
13,888,946,903,946,752,123,134,814,2858,2105,2285,2322,2806,1627,1745,1725,1283,2891,2317,2318,1643,108
13,801,888,801,888,1143,1405,1539,1888,1129,1606,1373,2490,783,1576,2438,2497,323,1181,2499,1689,1665
13,888,986,140,2713,1925,1288,1305,1375,2421,2364,2613,2488,2398,1822,2310,2421,2612,707,1063,707,2769,928,2672
13,801,888,1143,2723,1213,876,913,1473,1481,2361,761,653,2737,1627,1754,2105,420,2364,2449,1811,688,1491
13,888,902,1922,2245,2717
13,801,902,1813,1651,2554
13,888,752,976,521,1588,2316
13,888,902,1143,841,1305,1744,2529,1828
13,888,123,1253,134,337,135,2788,2899,1954,308,1116,204,1237,1305,1289,2270,1375,2529,1375,1556,2307,1365,1801,2313,1647,2737,1475,2554
13,946,903,801,839,2252,2283,1658,1639,258
13,888,801,946,902,395,342,2484,370,1098,1991,630,1606,143,1689,1321,2511,832,2533,1097,1299,417,433,854,1570,155
13,888,801,1143,2788,82,1700,298,2858,1262,1949,1692,1435,2325,983,2721,421,1058,1427,2301,1324,1744,2697,2672
13,801,946,888,801,839,2845,2596,2320,2428,1063,707,2310,1428,2394,1093,677,467,1240,2317,2043,1645,1746,1339,1537,2541,1550,2688,578,1435,2607,2522
13,888,1143,1043,2219,2882,1312,2545,1749,947,861,2225,652,1323,2549,2724
13,801,946,986,1259,1614,1621,2878,1219,1729,2022,944,2280,2196,2717
13,888,752,1179,343,1681
14,986,1105,1105,1259,323,2868,2315,592,1093,677,1840,678,2346,2087,1110,359,861,2242,1741
14,986,979,2744,2321,2276,1699,2105,1443,2498,678,1115,2664,1795,2179,1266,1677,1475,1077,2447,1711,1586,2798,1741
14,986,122,1301,136,1128,633,2519
14,902,1890,2478,1117,1206,2112,1305,1289,2455,1828
14,752,2172,913,1695,770,788,661,587,2741,2713,2491,534,2680
14,851,764,664
14,902,2788,128,1615,1922,151,929,1443,1645,1435,323,826,420,423,595,155
14,986,1259,1481,1116,309,194,2250
14,123,855,966,2788,1624,1476,1160,230,814,817,1679,1366,844,1685,826,817,1715,1830,761,108
14,123,124,821,1441,489,276,2583,1236,2524,1176,1852
14,122,1105,297,633,204,2478,1226,1237,1827
14,902,1143,778,2384,2896,2865,1664,635,617,2553,1703,634,1749,2463
14,902,1896,1814,679,2406,1715,2312,1717,611,2485,538,2484,1736,252,151,2680
14,1143,1195,919,2374,2292,1674,1481,2245,2680
14,1143,462,2646,2341,2443,2583,1133,1389,971,1389,490,666,542
14,851,2719,2880,2170,1362,577,2483,1686,237
14,851,462,528,1741
14,851,462,1380,1155,2871,642,2871,642,1686,155
14,1143,778,831,1899,831,952,2871,642,2871,1773,1762,1121,1546,1499,1685,2721,2397,777,1057,828,1134,1322,2883,2320,508,1316,2538,813
14,986,1143,462,2524,664
14,1143,2723,1176,667,2465,667,1952,1857,322,2520,2619,832,2472,596,1592
14,752,1143,287,1944,2089,2088,761,1543,1312,2545,1828
14,1143,2723,2468,551,1019,1678,629,388,2738,1206,1614,1828
14,1143,2486,1991,1693,990,641,1320,1356
14,851,2723,1213,581,2244,2785,1963,1905,1421,1852
14,986,1259,1100,2363,2807,645,2424,1638,591,492,2767,2545,2111,2488,2769,928,2738,909,2601,2386,1176,528,992,720,1291,167,237
14,902,838,476,603,784,450,1658,1657,1088,1774,1263,2596,1778,2245,166,2399,2829,2718,2901,2697,2672
14,1143,1399,2290,379,2383,687,447,2380,2499,2105,2807,2216,2426,645,617,1361,1095,420,2447,2868,928,2672
14,752,985,1177,1627,2187,2625,580,2164,1653,375,1215,538,1693,283,767,2196,671
14,851,1159,831,1561,1349,557,2284,578,1692,2522
14,851,1195,2858,1949,2189,2508,777,1055,2118,2463
14,902,2609,927,728,630,850,2094,407,687,590,1728,1115,1811,2214,1811,492,2767,2837,1726,2367,1553,2440,653,1852
14,986,1259,1540,1481,2490,408,336,2363,323,1302,1811,365,1065,2226,2118,1645,1592
14,851,778,1089
14,902,1922,151,242
14,752,123,140,1190,1552,2158,2237,1954,1408,1206,1112,1305,1375,1547,2496,1438,2801,2346,1057,2485,518,108
14,986,970,309,626,290,2357,486,1320,81,919,2480,1574,993,1384,1058,2242,2398,2316
14,752,474,2516
14,851,778,2583,1236,2742,1134,376,2119,2433,2798,1745,1283,2449,1811,492,2424,1638,592,1667
14,752,985,1759,1044,2192,1944,1634,1944,2122
14,1143,286,1384,1410,1071,2463
14,851,2723,462,1922,664
14,986,1259,1540,1053,1870,1691,706,1410,1577,1406,1756,2585,2655,1491
14,851,1159,2646,1224,739,128,252,1870,143,2491,1070,1376,1116,2355
16,888,752,1571,329,2313,1147,2629,2819,673,2084
16,888,902,2611,998,616,113,2392,1347,2545,860,518,1071,2463
16,946,903,946,752,2756,1708,2453,2897,2868,1665
16,801,888,986,1143,778,431,871,839,941,1756,1853,109,999,109,2549,608,1549,519,1534,1737,622,2199,1361,2397,1094,985,2247,1228,671
16,801,1143,2179,2442,698,728,1111,1421,2813,1491
16,946,122,137,914,913,817,1934,409,356,400,1432,769,1410,679,1312,614,1627,1745,618,1725,614,1627,2798,1741
16,801,888,986,2576,912,818,730,680,387,845,141,1160,892,1674,342,2363,2498,2746,2497,817,1316,2268,2592,478,322,1667
16,888,799,1190,1473,1515,1545,1694,1019,423,384,2497,1436,2721,1715,385,2485,1718,1321,2787,2466,685,640,2455,1828
16,122,966,1921,1319,118,1620,2857,2196,1692,2522
16,888,839,2641,2641,2845,989,2636,2432,2351,2432,1635,1740,2122
16,888,986,1143,179,2737,2394,2111,2724
16,801,752,1143,778,1640,2498,678,1093,2317,357,1798,2481,1792,1731
16,888,986,1259,2363,1443,1627,2351,2432,1635,1705,1628,1944,362,492,1638,688,646,617,2424,1638,1811,1667
16,946,1143,474,970,124,2668,966,2669,1473,843,590,1698,2868,928,2724
16,946,903,902,1683,1005,1304,1439,675,2765,708,920,525,2543,920,2854,1699,2461,818,420,1685,2721,2807,652,2883,2322,1640,1287,2399,2396,2554
16,888,946,752,1672,2611,2572,2219,2242,2594
16,801,122,2576,534,758,1206,1525,2491,2841,2526,1744,2538,928,2724
16,888,946,799,1190,2258,1008,338,1870,78,156,443,308,1614,1621,677,1164,1811,591,947,1320,2284,1842,760,495,583
16,888,122,1190,2669,643,1260,1250,1008,374,449,1731
16,946,801,888,839,857,2656,1562,1339,2572,2702,2441,2553,467,322,1475,629,705,388,2408,2441,472,1944,2122
16,801,902,107,841,1369,523,2611,2541,1533,1550,2255,2110,1759,1705,2580,580,1740,1651,2554
16,801,799,1190,135,1515,2456,323,1081,2251,1821,709,2316
16,946,839,1224,738,1529,573,1329,2522
16,946,122,1190,1476,1259,1615,2812,232,1574,1402,310,1870,2094,817,1215,587,1595,706,1410,1679,2807,1313,2799,1313,1667
16,946,1143,1395,329,2541,2867,2619,2806,1283,690
16,122,1190,2713,1783,1068,1597,817,2801,1934,400,652,1215,2497,2192,357,1808,2214,2089,1667
16,946,986,1259,817,2361,359,1918,1737,283,1016,427,2342,2480,2379,841,1305,2247,1562,919,2480,2453,1827
16,122,1105,816,710,2389,2307,595,2394,2447,1722,2508,777,608,1057,2575,2787,685,1425,574,646,617,1638,1840,1808,357,592,2317,478,690
16,888,902,1571,1177,317,2464,1514,1250,2721,1302,648,617,2488,2470,2408,1302,591,1811,649,2545,2111,2554
16,801,839,2845,2596,1833,481,1312,614,861,1811,361,1918,574,528,954,1376,2721,2805,2613,2489,2421,2391,481,1808,2214,1643,108
16,888,801,1143,851,778,2703,586,2406,2214,473,409,1062,2310,2365
16,888,801,946,903,902,913,710,1347,1502,2865,1664,2190,1177,2737,777,1665
16,801,888,903,902,1683,2025,139,2713,1525,2490,1699,2112,1569,1117,1071,1692,2522
16,888,123,337,1595,1515,661,407,375,1026,2093,832,1299,442,997,386,1187,1132,896,1738,2388,2383,1736,710,2461,47,1635,1852
16,801,946,1143,287,1813,1044,2192,679,2806,46,1640,1365,1647,1645,1592
16,888,902,329,965,2849,1497,2578,1339,1774,1263,857,1142,947,1686,2284,1308,350,2663,2633,990,2183,2618,111,1320,486,1223,2084
16,801,123,227,382,2580,2607,259,945,462,960,342,943,2192,1621,1692,2522
16,888,946,1143,179,53,113,1414,53,2781,287,1628,1852
16,801,1143,778,1089
16,946,839,998,2656,2762,1628,1421,2276,286,1305,1828
16,801,1143,462,581,563,583
16,122,966,913,1122,552,2893,408,2217,2532,2217,1499,1281,1358,2618,593
16,801,888,902,342,1563,1421,1828
16,888,903,902,2486,2461,1715,2312,109,2813,2585,688,1491
55,801,946,801,123,1105,2669,124,2788,732,1420,2492,1691,301,2519
55,801,903,986,1259,1563,305,252,2760,2464,822,1694,1081,2511,2613,2806,1347,2545,1663,1744,2832,1744,2529,1828
55,801,1143,2172,840,1224,1594,135,269,1499,1707,1699,421,2353,1007,1377,611,2316
55,946,903,902,2179,2505,523,865,586,2478,1226,1237,1081,1578,818,2380,2807,2798,1745,2190,1751,1701,1621,1852
55,801,946,752,1896,2737,1241,1323,2549,1241,1115,981,1292,1258,108
55,888,946,752,1122,1702,1427,2372,1249,1313,1667
55,801,752,246,1788,2736,117,2492,1568,2406,1115,1322,2883,2471,1073,650,2804,677,467,2397,1821,2489,2251,1821,2775,1283,46,1726,1686,155
55,946,888,946,986,1143,137,2745,299,1342,301,2717
55,888,799,1193,395,299,564,734,641,1352,764,1089
55,888,1143,1043,2486,436,2094,1410,1081,702,2455,2522
55,888,946,801,946,902,976,54,1944,1793,2827
55,888,799,966,334,511,1563,1305,1744,2529,2538,813
55,888,902,913,1515,1707,2747,1820,1509,954,2380,370,2508,2806,1312,2489,2396,467,649,2488,1593,2226,2353,1153,1227,645,1638,1811,690
55,946,903,946,799,1193,2375,786,1205,180,959,936,552,2406,2315,647,1638,492,1638,1811,492,1313,824,282,1471,1180,845,1405,884,411,1101,664
55,946,903,752,1571,1701,1944,473,592,475,2608,1082,2485,1644,2857,1620,1051,2216,518,2463
55,801,946,1143,1043,982,2817,835,554,2541,1726,861,492,2545,2806,1000,2474,1427,1725,1749,1726,1639,2187,2625,2164,1361,1057,2724
55,946,1143,1672,1049,1705,2805,1347,1728,47,1635,1536,2417,2492,1343,1568,1335,2801,1110,1057,282,188,600,687,2245,2717
55,888,1143,2179,1361,2409,1758,2304,608,1569,1116,1256,2285,828,1134,1064,1702,2804,1075,2322,1777,2216,595,2805,2798,1741
55,888,752,1179,273,835,1827
55,888,946,903,902,2179,2196,671
55,888,839,2270,1740,2572,2702,1406,2570,1410,2496,2447,2397,2580,2179,2196,1686,2774,372
55,888,801,946,888,801,946,801,799,140,633,1949,803,2344,2264,897,1704,2344,2269,1579,2330,2543,385,828,384,420,151,1089
55,888,799,140,2900,2085,1327,1053,440,371,1116,309,424,1702,481,2798,1745,1725,1494,2854,1215,587,734,593
55,888,902,2588,1185,1515,843,1699,1442,2245,1223,673,2893,283,597,782,1800,2283,1361,467,2111,2433,2798,1745,2522
55,888,1143,2475,624,2321,1745,1725,1649,155
55,801,888,801,752,1143,287,1044,2192,2361,1481,2463
55,888,1143,2179,2196,671
55,888,1143,778,557,2583,693,458,528,562,528,2242,615,629,864,525,2543,1346,2308,2619,682,418,301,664
55,888,902,1143,851,2723,581,2684,2326,1971,765,758,2536,364,758,699,758,699,486,1228,1089
55,946,801,888,801,799,1304,1300,2258,1190,2258,1008,1870,2454,1081,1071,1692,1588,664
55,801,799,1190,911,1260,1719,825,442,2374,1339,1537,2540,1645,1592
55,888,752,1278,336,2445,1812,498,1699,1715,832,1316,2667,366,985,1852
55,946,902,107,841,1305,2164,1632,1233,590,1698,1637,149,1930,2522
55,801,1143,1657,960,1049,1705,2325,2497,1229,1625,168,221,1765,334,814,1424,2174,1707,2760,1540,619,317,1116,56,1363,2228,764,1089
60,2598,977,812,2178,1119,2747,1525,1262,1897,710,2485,518,1071,151,1320,2284,818,282,687,1178,1665
60,2598,847,431,1762,1697,1991,1540,570,1299,2841,1751,423,2043,2488,397,2395,2459,2543,1346,2474,377,1592
60,61,1120,2287,2486,90,1792,192,542
60,1212,2757,2757,392,516,1402,410,1499,2448,2400,1481,2463
60,977,2598,1146,466,2845,1241,323,1181,2288,1678,1094,2444,2456,2448,2464,83,1438,1026,832,2728,1154,361,685,1753,1757,1019,2765,424,1058,678,1059
60,2598,1146,1213,462,1113,1126,283,442,476,1025,770,787,708,782,704,2499,2363,619,1934,1316,2702,2441,2122
60,2598,849,480,1120,1368,1769,1397,431,1696,1505,1699,1238,1511,301,1692,1725,614,861,1543,1741
60,977,849,1120,2866,2348,1081,2511,1157,596,2856,2585,2548,2528,1361,629,388,1045,928,2769,928,813
60,2598,1146,446,1120,446,1566,503,2650,1781,664
60,977,776,2598,847,1499,2175,2447,2801,662,2737,1579,380,1471,788,1702,1427,1115,2837,1044,2528,1115,2553,2718,2901,2702,813
60,2598,847,1744,2529,1478,2397,1808,2397,592,2520,2310,2316
60,1212,2173,2454,519,1091,616,2828,1079,1852
60,977,1146,1369,1553,2219,1292,728,1250,452,2288,2515,417,1027,782,552,2196,1435,450,1942,928,2769,928,813
60,2598,849,456,406,1685,2285,2449,1577,1406,1756,1705,2406,2390,2612,2806,1283,1667
60,2598,61,1212,2173,849,762,431,2570,1282,2094,1438,1438,2801,2447,1063,1821,2307,2798,1745,1725,1292,1312,2220
60,977,61,762,2601,2506,2601,1733,1827
60,977,847,1499,2768,645,1638,2592,1665
60,2598,61,849,61,2173,849,469,264,2261,2561,2164,2346,1635,1282,1736,843,2721,817,1081,2575,1825,1157,2089,2554
60,977,2598,1146,466,2541,1339,2641,1904,2625,2242,2594
60,1212,456,2824,1730,1539,1394,669,1292,2245,1637,1319,1260,1373,1563,1689,2727,2768,2721,826,1078,1068,1071,2463
60,2173,1120,2601,2178,2286,2170,2626,2291,1381,664
60,2173,762,503,1294,221,549,237
60,1,2598,812,263,1421,1852
60,2598,812,2506,470,1109,2597,1056,606,2485,1718,1677,928,2672
60,1212,456,1730,2115,1775,1376,2725,2858,633,1897,2363,1443,2837,2111,1428,2613,904,1428,1419,941,2217,2574,1917,2355
60,977,2598,849,762,468,953,2629,2668,1032,1105,2669,337,1473,1481,1619,675,803,380,450,1027,788,1674,817,1115,1645,1592
60,1212,2454,1184,714,1686,372
60,977,2598,2173,2454,2174,1117,1534,355,1694,452,1695,684,2125,370,1736,424,680,2343,920,366,408,1435,1434,408,323,2868,594,108
60,2598,1146,462,667,1952,962,1051,1095,1118,1749,1627,824,518,1071,2463
60,2598,977,847,1769,2683,760,1311,760,1345,120,2254,2170,503,498,1699,2288,151,1692,2522
60,977,977,921,2452,1708,2838,1238,1518,302,1686,372
60,2598,1146,1546,670,2438,1481,2760,2245,155
60,977,1146,462,834,1145,1701,1759,1492,1759,1705,2580,2309,1287,2529,2275,2164,1653,1206,1112,1717,2251,558,45,1115,1645,1592
60,977,847,812,2506,2601,2178,529,1607,1540,914,2361,359,2893,1545,1463,997,387,382,848,426,920,420,1685,1699,2727,1316,2813,1491
60,2598,921,2252,673,861,1543,2394,467,2089,2043,1645,2540,2436,259,672,1731
60,977,1146,529,1449,1373,1229,671
60,1212,2454,1438,1715,832,1949,408,450,1027,1081,2492,942,728,2448,2288,1081,558,407,1410,2508,2798,1741
60,977,61,1396,59,78,192,1791,1605,192,1791,542
60,2598,2173,2866,1396,470,1111,308,2247,554,2247,1669,1150,2611,998,2653,2889,2831,667,2465,667,2465,2545,618,1391,1115,1645,1592
60,2598,812,2506,2601,265,739,593
60,2598,977,2598,61,79,145,2698,720,1291,1899,831,562,586,528,2589,280,1089
60,977,1146,1708,2641,2275,1809,2397,1628,1852
60,2598,847,61,1396,1607,754,444,2600,424,1579,599,428,1800,1792,2494,1111,2255,1056,619,408,1211,1043,1774,2529,1809,1391,1059
60,2598,921,821,801,839,1904,965,621,1828
60,977,849,762,993,612,1376,1436,9,338,1229,1625,666,532,428,426,2543,377,460,1427,1754,861,947,2316
60,977,2598,849,1120,1185,829,83,1376,1116,309,194,193,427,1800,1305,1712,2327,2453,1827
62,977,812,415,1515,1071,2463
62,977,776,812,503,2294,1384,703,1094,2192,2043,2428,647,649,1057,2390,2315,2425,2860,2861,2860,1313,317,1478,2361,365,591,2426,645,492,2767,2220
62,977,2598,61,762,2601,1724,2670,566,734,1354,157,1354,764,44,2294,1511,305,2721,853,2447,2285,2392,2798,1745,2190,1744,1305,1717,928,813
62,977,847,1357,2378,246,151,1089
62,977,812,83,1438,2397,2351,2432,2351,2432,2351,2432,2351,2432,2351,2390,2612,2769,928,2672
62,2598,1146,466,2756,1268,1828
62,2598,1146,97,466,2225,1952,2219,652,420,661,1494,704,301,372
62,2598,1146,1468,1101,221,303,636,364,221,534,2209,1741
62,849,2173,849,1396,1358,83,1438,2361,761,678,2520,1115,2553,1241,1059
62,2598,2173,469,1724,79,1737,967,161,2617,874,2820,563,1599,1949,1691,2196,1749,2111,1059
62,977,1146,529,1519,1606,2495,1436,424,1737,2839,1515,436,1697,2768,1669,411,2761,246,2164,1736,817,1115,2088,2043,690
62,2598,849,469,1515,2448,1070,2380,323,2868,323,2406,2697,2672
62,977,61,1120,410,1707,1376,1869,1160,323,2472,596,2316
62,977,1146,2723,1468,2194,476,2344,427,1463,951,1694,1570,1690,1372,519,2288,1699,853,420,679,1645,1592
62,2598,812,81,550,486,537,578,2463
62,977,863,1396,1607,1545,1534,1867,674,298,2858,2765,708,1464,822,1499,1376,1436,168,167,168,221,290,2357,486,2680
62,2598,61,1396,2603,1116,1256,1019,511,817,1830,727,2555,2829,2697,2672
62,849,456,628,1707,1619,961,1852
62,2598,466,1224,942,739,537,2463
62,977,1146,1369,1701,1628,1809,2505,87,1644,2492,2841,1852
62,977,847,669,286,1519,1149,2189,2210,1515,1707,630,1408,1206,2508,1427,1840,678,1115,1627,1741
62,2598,2173,503,44,2512,1225,1579,936,1068,2858,2105,1852
62,977,1146,466,2570,839,2358,728,301,1116,1256,947,2316
62,977,776,977,863,2217,1762,1546,1281,1357,1411,300
62,2598,61,1120,2866,1120,2866,516,410,1685,1585,420,371,2196,671
62,2173,1587,1120,2100,1375,2508,2397,1115,2322,47,1635,1135,1064,1777,2413,47,1635,1774,1243,2190,1341,151,2680
62,849,1396,470,1257,412,624,1320,1162,1083,174,642,990,111,1359,760,1345,372
62,977,776,812,406,1087,1707,2760,963,2225,591,108
62,2598,847,849,1396,1087,1438,2801,2093,832,1949,1699,2288,679,1498,2317,2089,2655,1491
62,2598,812,82,732,630,1523,2438,1050,630,844,2447,777,2397,2706,2455,1478,2488,2251,2862,2612,1822,2310,2619,682,574,2327,673,2893,2721,2397,2645
62,2598,847,1769,1511,2499,1071,2717
62,2598,977,1146,462,2453,2802,1712,2119,2118,1645,1592
62,977,812,83,1376,1336,1553,1492,1759,2585,646,617,1638,591,2214,1221,1665
62,977,847,849,480,2175,704,2285,2485,1788,2594
62,2598,921,847,1146,1024,466,871,976,983,1435,380,1434,2543,418,1535,2355
62,2598,1146,2453,2802,1744,2311,2354,2829,928,2702,1406,1696,1272,1081,1556,2214,2627,2113,941,2572,2702,2441,677,467,1057,2389,2118,2433,1741
62,2598,1146,1266,629,2162,2037,2039,2260,2279,2198,2339,2374,2453,574,1824,2240,1715,1292,1312,1313,317,2464,2499,1071,2463
62,2598,847,2173,2454,1438,1715,999,2268,1715,1665
62,2598,812,470,2642,1109,298,1250,633,2765,570,387,1043,840,2172,2030,329,1339,2791,698,1511,305,1949,338,2448,1867,2490,590,1728,1057,2316
62,977,812,1402,310,2115,2490,2491,424,378,2768,2406,1302,2488,2398,2554
62,977,776,847,871,1123,2611,1600,664
62,2598,849,1396,1358,1109,2464,301,372
62,2598,977,847,898,2199,938,1423,1917,2196,1633,671
62,977,2598,2173,1587,763,1438,2498,552,447,287,287,2192,2843,817,1115,648,2488,1426,1475,777,2315,1302,649,492,2767,2545,1726,947,861,2798,1741
62,977,812,1357,1411,300
62,2598,1146,2453,1827
62,2598,847,1146,1266,2365
62,2598,1146,1452,2768,1375,949,2447,1478,2485,1788,2813,2585,431,1763,2476,2570,2476,2572,2702,813
62,977,847,871,960,141,2025,135,2258,1008,1545,379,1434,1658,2870,1637,1619,167,1378,477,1354,764,1349,309,151,221,2321,2276,1647,2594
62,2598,921,459,2606,116,1068,476,442,2374,2578,2800,2792,930,2430,2612,1741
62,977,847,921,1499,1376,664
62,977,847,1212,2866,1587,1113,2453,593
62,2598,847,2438,1071,2463
62,977,1146,1452,1499,703,2768,645,1638,591,2214,1853,1646,2718,2901,2697,2672
62,977,1146,1549,955,2167,1410,1375,611,2390,2769,928,2672
63,812,1358,1087,1707,1111,1659,305,56,1336,1279,1377,611,1478,1665
63,1213,586,528,924,693,681,2240,2353,47,2433,2429,2612,2775,1283,2351,2432,2433,1741
63,847,898,2335,680,838,2850,1790,639,149,1930,1744,1747,1478,1475,2137,1059
63,1213,2682,563,111,824,2806,1283,2449,861,614,2608,2488,397,2433,1741
63,1213,581,563,537,578,724,725,724,1127,1201,1161,2183,583
63,1213,922,670,1515,1692,2522
63,812,2178,1680,2175,1685,385,2773,1516,2438,1272,187,691,817,2801,1321,1157,853,1585,904,2390,2433,2429,2433,1745,2882,1686,372
63,61,2454,763,83,1376,2245,166,2399,2395,2446,259,1942,953,43,1511,2235,1665
63,1146,1452,703,708,1225,2512,602,1235,988,1210,2213,1068,1438,703,594,2860,2861,1270,2589,1774,2529,1478,1798,525,2508,1475,2485,1644,2492,155
63,849,1724,1185,2669,1251,2321,2557
63,1146,2480,2578,554,1339,329,965,2662,1659,1752,2392,2613,652,1934,589,761,2322,47,1243,1244,2449,824,2829,2718,2549,2700,2829,2697,2672
63,921,459,2606,2207,411,2207,841,1112,2677,1506,2806,2300,2389,1066,2517,2327,667,2465,667,2465,667,1952,2219,1312,2799,492,2860,1347,1728,155
63,1212,849,1396,1109,298,151,242
63,61,1566,1120,762,2601,2178,1730,2295,1487,2762,1726,1745,2119,2433,1742,2612,2806,1313,2545,2190,475,108
63,1146,466,871,983,1563,675,1516,1917,1569,309,424,706,2094,1372,2492,922,2588,1024,1827
63,1146,2451,876,1670,2288,1692,2459,2543,1060,2433,2798,2187,2625,2242,2589,155
63,847,1499,1452,2448,1867,2658,2385,632,1071,151,1686,372
63,847,451,1685,2721,2380,378,2400,1812,1420,1478,777,606,1821,2488,709,1315,1287,1825,2555,2829,2718,2901,2697,2672
63,812,847,1769,2683,452,1695,679,2500,1299,2337,1021,2245,1320,2242,2594
63,1213,1146,2578,554,2465,667,1952,1249,1627,1741
63,921,898,2383,1431,1481,963,1493,1313,2837,1749,1312,1270,2785,1852
63,847,776,847,1146,581,984,2521,983,180,886,1229,245,663,2363,826,1702,481,652,1323,999,1157,2575,707,2316
63,847,1212,2454,1048,1237,1701,1692,1435,408,1016,786,1247,450,2518,1735
63,1146,938,1574,1358,84,1870,2380,1299,1540,1692,1435,450,388,839,2360,2715,2677,1725,2196,1435,1434,1326,2213,1178,1637,643,639,632,1336,151,1089
63,921,2578,2762,2802,1377,2511,2485,2086,2893,1494,1679,2724
63,1213,462,2228,764,2831,2371,2893,1949,1687,671
63,1146,581,563,641,309,626,290,2357,364,221,1687,671
63,921,1339,2225,649,1638,2426,645,492,1313,824,2122
63,812,2757,2266,2768,645,1638,1808,2317,322,2426,645,1638,688,2585,617,1591,2533,1814,476,1187,2763,2239,2268,472,1852
63,921,2578,1292,1511,1116,364,1599,1949,552,653,1282,1438,2447,2553,2697,2672
63,847,2601,2381,135,145,1520,2512,602,381,379,684,996,832,2805,317,1478,1361,2409,2724
63,1213,462,581,916,2019,129,2773,2533,1814,1693,1299,417,2543,1056,663,1579,2165,1800,1796,1438,2801,853,2854,2363,2299,1833,2119,2433,1741
63,849,2173,1120,2866,2454,1048,2478,1117,2020,2894,146,2641,965,244,664
63,921,2578,1268,1339,2845,2702,1406,1224,2183,1352,157,1354,157,2618,2211,166,1348,2583,1389,537,2519
63,1213,1146,462,2723,586,1599,300
63,849,1396,1358,1358,1109,298,2245,155
63,1146,1555,1366,1048,2478,1117,2515,1991,910,2508,1206,2858,1206,1737,283,598,1434,1918,370,802,90,2165,2342,417,928,2672
63,921,863,1120,1185,1670,1606,2721,1718,1322,2070,2806,1627,2798,1741
63,921,1146,938,1404,477,1354,2618,111,221,301,1349,1649,1320,372
63,812,1368,498,1116,309,748,291,486,2356,364,1599,664
63,1213,922,1922,2725,151,2680
63,921,812,83,2768,2548,2528,1475,1077,2515,1326,2361,2444,1693,552,2245,151,1089
64,977,847,431,1763,2662,1336,1249,2322,2806,46,1312,2489,1825,2706,2118,2433,2429,2433,2429,2433,1745,1726,1313,1728,155
64,2598,812,2178,533,964,1685,1585,2474,1427,629,1734,2199,955,199,876,2287,2850,1764,2744,957,1614,1701,1852
64,977,847,812,1499,627,264,968,2454,1048,2164,155
64,977,776,977,849,1724,1296,2622,889,936,180,1011,800,1194,782,1081,954,850,2494,304,2478,1117,1111,2235,1665
64,977,776,812,1499,703,1068,929,2112,1569,300
64,2598,847,898,2580,576,2164,2406,1475,709,2488,558,2307,1095,1586,1627,1745,1663,1751,2813,1491
64,977,2598,921,1266,1258,259,2543,368,1691,2406,1061,2406,1475,688,1491
64,977,2598,847,1146,2453,2701,2431,2769,2397,1627,1745,1288,1614,1828
64,2598,847,125,1406,2574,1431,661,2094,1685,2461,2533,1693,2444,1481,282,388,653,2478,1048,1237,204,1548,282,1211,797,1027,2508,1627,1745,2522
64,977,2598,977,2173,849,310,2680
64,2598,2173,2454,560,194,42,2103,1248,1248,40,1248,2864,2797,222,2495,552,2245,1637,2713,1614,2231,2406,928,2672
64,2598,466,2845,1003,2654,2416,2592,2645
64,2598,977,847,1744,1712,2724
64,977,812,2642,310,1050,991,820
64,977,812,82,1519,2447,1026,832,282,2418,705,2738,1708,1339,2270,1375,2422,2421,1059
64,977,2173,1587,484,392,503,1517,675,1545,1016,629,2388,450,2543,421,1779,2461,828,1134,1064,2806,2613,2489,2226,1153,2118,1645,1592
64,2598,847,1499,1707,102,305,803,901,1800,1796,1438,606,2489,2316
64,977,1146,466,871,983,1715,638,2304,2409,2397,646,1809,647,2426,648,2488,2421,2470,47,1057,2806,1365,2442,1222,2594
64,977,1146,459,1546,2252,673,1320,1305,2164,2447,844,1081,558,1063,2316
64,977,847,1358,1087,1376,1436,2721,1685,2498,2447,2322,2806,1283,2613,1283,583
64,2598,921,146,2801,620,2801,2843,704,777,619,2515,2810,420,371,2196,671
64,977,1146,1468,2600,1111,1820,1801,842,150,621,1478,1361,1063,707,2395,2446,2803,2478,2704,2164,2447,1830,400,2245,151,2084
64,849,2173,849,1724,2642,310,1519,1700,1505,2490,822,1027,817,1215,2496,2481,1048,1490,2250
64,977,1146,462,528,1741
64,977,812,1357,934,586,2478,1117,2515,1019,452,371,2245,2463
64,2598,977,2598,2173,456,2286,2684,2326,971,641,552,1250,2893,1869,1540,2778,1481,725,724,1417,723,1331,723,1360,194,193,2774,167,192,1791,542
64,2598,812,1769,1511,1820,2482,1081,1853,2441,472,1621,472,1651,2554
64,977,61,456,2286,1529,2698,155
64,977,1146,623,704,2285,2805,2394,2235,1677,375,2805,1215,2767,2837,2393,1627,2798,1741
64,977,776,61,469,264,1368,2481,1071,1749,2613,2489,611,2769,928,813
64,977,1146,462,1354,764,157,1354,764,1381,1356
64,977,776,1213,581,952,1381,551,1599,1116,1692,2522
64,2598,812,1185,1515,1452,1606,283,1144,449,1731
64,2598,977,2598,1146,2453,2325,180,1743,787,1043,1431,375,1215,1438,1058,1209,2393,2613,904,2391,904,709,2862,2429,2433,1741
64,977,61,1212,61,2454,2094,904,2806,2393,860,2118,2433,1741
64,977,1146,2199,1705,2553,1475,2317,608,2304,608,1549,1370
64,2598,1146,1266,1735
64,977,847,871,1896,1999,1320,2384,244,1349,528,992,2698,720,528,562,2240,2242,2589,2242,824,1628,1852
64,977,64,977,863,977,977,847,1212,1172,320,1173,1172,1172,1120,1713,623,2447,1715,1830,589,2472,1221,2472,1711,2807,2216,1778,2245,1692,2522
64,2598,1146,462,960,2714,835,580,2555,2672
64,2598,977,847,2601,1733,583
64,2598,863,1724,2381,2454,2241,749,1736,985,961,308,1852
64,977,776,812,480,1402,1514,2774,632,1478,1059
64,2598,2598,921,1499,1438,2397,2406,606,2862,2429,2612,1821,2775,2488,2239,2268,2087,2548,2881
64,977,847,2275,1809,1361,368,2192,2868,1081,2706,2118,2433,2643,1742,1745,2613,1283,346,690
64,2598,2173,1396,470,1618,1820,663,929,1361,1665
64,977,466,871,983,1106,1695,1540,2893,424,447,769,287,1944,2086,1751,1665
64,977,2598,61,762,1120,446,1172,446,1087,2175,1685,2498,1685,1699,2773,2593,1640,2307,1627,1745,1093,592,1628,1751,1621,2008,2489,2421,1059
64,2598,1146,462,2453,1852
64,849,762,2601,2838,2341,1568,2406,1712,1778,508,2268,635,646,617,1361,2553,1703,507,2828,2844,2513,2233,366,2001,2002,2001,1484,2408,1059
65,2598,1146,2199,2503,2300,2394,1665
65,977,1146,462,2453,1124,1591,441,1896,287,365,591,2645
65,2173,762,456,2824,78,1619,675,783,2230,301,671
65,977,812,2506,469,529,968,862,1345,372
65,847,2385,298,1707,1116,1256,2299,828,2364,1313,2860,2586,2181,2586,2181,2586,1283,2449,1811,108
65,2598,847,977,1146,529,468,1406,1751,2122
65,849,1724,1733,563,111,1280,1320,2399,1740,1756,2392,2806,1640,2805,481,2798,1741
65,977,2598,2598,847,1437,914,323,818,1061,1258,1692,1725,947,2554
65,2173,1396,498,1699,151,155
65,847,669,1670,1509,1194,1326,1563,1701,1391,47,1635,507,2781,423,384,653,1341,1756,2585,1049,1628,2893,252,664
65,812,2166,863,2598,812,503,1015,1485,2302,169,674,252,1262,1691,218,217,218,1308,1349,1345,120,1167,1686,155
65,2598,977,849,1396,470,310,1050,1696,2438,1431,371,2285,46,2463
65,2598,847,1212,503,1015,817,1715,2312,721,2533,1097,370,708,380,2201,227,379,1225,788,1563,305,2515,644,1720
65,921,1499,1719,1606,1692,1435,450,375,1685,2498,678,1703,1536,2541,2641,998,150,1118,1749,2245,151,1089
65,977,847,1146,586,146,673,861,1811,108
65,2598,977,2598,1146,1714,1410,1139,1081,2422,2608,2488,2422,2608,47,1635,2317,761,2409,2724
65,977,1146,529,199,2100,2447,1057,828,2364,1702,481,1313,1312,2767,2220
65,812,2178,2286,2684,2326,157,2183,1356
65,2598,921,146,954,511,1481,2765,1579,597,718,476,899,1737,519,1798,1572,1305,1828
65,977,847,1499,1376,629,622,717,2543,928,2672
65,2598,776,812,1358,1687,2893,1299,525,1641,2532,1762,1697,2768,2454,519,2288,151,2084
65,2598,812,459,1713,1070,2380,2377,1689,143,593
65,977,1146,938,1279,2692,43,2249,1616,2856,617,2424,2425,2489,2164,2712,1813,1614,1621,1852
65,977,776,977,776,1146,721,2466,685,1757,1019,904,2394,1665
65,2598,977,2173,1120,410,2266,1452,2768,1246,1154,448,2773,1299,417,1316,1222,2594
65,977,1146,2199,2453,1385,1647,2397,2862,2429,2433,1742,1740,1651,2554
65,2598,847,1212,2757,1212,2454,2174,1438,2314,1494,2807,2798,2187,2625,2589,280,549,289,242
65,812,415,564,1599,2773,2112,1569,2284,2231,1645,1746,1339,2358,2438,2201,1196,180,2388,1434,1942,928,2702,813
65,2598,847,1769,1661,2385,283,1017,2334,890,2117,90,1011,1025,374,449,1792,192,530,306,1237,1305,1744,2529,1828
65,977,847,83,1438,2768,2406,1063,1475,629,1156,180,599,388,2738,1315,1717,397,1825,1157,596,2472,1065,47,1635,2390,707,2769,928,2724
65,2598,847,2598,847,1146,581,2237,1781,1352,764,2831,2371,770,386,788,1229,671
65,2598,977,847,2178,1607,221,1226,1237,1701,2231,2453,1852
65,2598,466,2225,652,2758,2533,1918,574,528,2240,1715,393,1059
65,2598,61,1396,405,1624,1790,1515,1053,287,2419,1811,2426,648,2488,2305,2313,930,557,1745,618,1116,300
65,1212,2866,61,849,1396,1358,455,1402,2734,1617
65,977,61,469,410,1690,2305,2420,2422,2608,2488,2398,2489,558,2829,2718,2901,2718,930,2697,2672
65,977,847,1357,2255,1820,1707,1514,2235,1258,2242,2594
65,2598,921,955,789,488,277,768,875,1743,2759,1151,78,1111,305,452,1579,1137,1434,538,1679,2807,1543,853,420,323,1059
65,2598,812,503,1172,848,2197,2331,804,1548,2478,2704,1717,397,2251,45,2643,2612,709,1433,1821,2775,2488,2422,1090,2214,761,2428,2425,2489,2396,690
65,68,849,1396,2642,1136,261,1351,661,2105,1051,647,1591,2534,421,2801,1665
65,2598,847,1744,2529,1375,1717,2422,2489,2575,707,1063,2431,2901,2697,2672
65,2598,1212,2866,1396,1402,1687,671
65,812,2178,1607,1699,2288,511,1707,1540,2493,1148,1481,427,381,430,784,180,215,180,1137,910,1991,679,1313,1270,2861,1270,2522
65,849,480,627,1087,1375,848,2447,1063,2449,1627,2798,1543,2394,853,2412,2515,118,1317,1250,1897,661,1081,611,1823,1063,2310,2365
66,2598,2173,1393,410,1282,1081,2305,397,2433,1742,2798,2187,1627,2612,1287,1498,2317,2089,2214,357,592,1093,690
66,977,847,898,717,622,2400,2456,334,710,2448,1449,1129,1452,533,844,704,777,2315,592,1667
66,2598,847,1357,1411,2698,831,720,1899,831,2411,2773,1078,850,2105,2500,1299,525,1316,2813,1491
66,2598,977,1146,1369,732,1420,2463
66,977,1146,466,150,1067,2449,1627,1627,1741
66,2598,776,2598,921,1224,942,1423,1116,300
66,2598,2173,1120,169,1687,671
66,2598,1146,2199,459,1085,468,2692,1518,302,537,2717
66,2598,847,125,1717,2309,2420,2247,938,44,2512,380,1210,491,1043,960,863,898,1737,1463,422,1375,2422,2364,2613,2862,2429,2433,1741
66,2598,977,847,1146,1348,1089
66,2598,977,1212,2866,2178,529,669,1794,2288,1897,449,1731
66,849,1120,1185,1564,1190,739,1599,1116,2355
66,2598,977,847,839,1103,2476,2217,154,1714,2453,586,2589,1088,2275,2555,2829,928,813
66,977,61,1566,1120,1719,992,720,1483,2618,2618,2618,1649,1320,1385,1827
66,2173,1393,392,1566,503,2734,949,2481,1237,1178,824,1536,341,2792,930,2718,2901,2718,2901,2697,2672
66,2173,469,812,2506,1358,84,1250,2893,252,2774,372
66,849,456,2454,1421,1828
66,2598,977,1146,938,871,575,580,1740,2813,1491
66,977,1146,586,1475,2515,679,1313,2489,393,2775,1283,2365
66,977,847,1146,1381,1089
66,2598,61,2454,143,1614,1621,1852
66,977,847,2529,2274,1384,2496,703,708,680,837,782,788,684,370,436,1376,1569,1478,282,1180,450,2497,679,1427,2471,651,998,1538,2702,813
66,977,64,977,776,1146,1555,1059
66,977,847,812,847,898,2199,1410,1548,532,428,837,388,2738,928,2672
66,2598,977,776,847,898,848,1450,283,1534,1430,2288,1897,323,1703,635,688,1491
66,2173,503,1294,372
66,977,849,310,674,1692,1569,301,204,1186,2494,714,2196,1071,1692,259,2202,692,1710,1872,2264,1798,705,2738,436,410,2447,1214,2645
66,977,776,812,84,1250,1299,417,1942,1021,369,1066,2742,2450,617,1638,1811,108
66,2598,847,2818,2225,2530,608,629,434,487,187,1178,1445,543,1178,2868,2315,322,761,1645,1435,530,1827
66,2598,812,459,1452,1736,954,850,1897,1027,1812,1420,1852
66,2598,847,1146,1213,1146,1381,820
66,2598,61,456,2454,1184,102,309,2385,1614,1289,2270,2555,2672
66,776,977,847,61,1212,2454,263,1129,1515,1707,1505,2765,424,2765,424,706,1056,1061,2497,1436,1430,2192,2851,2122
66,61,2454,2241,708,387,687,590,2868,2389,2118,2433,1742,1312,1638,1811,591,2214,108
66,977,847,1146,431,863,1573,154,1410,570,1897,2363,1699,928,2672
66,977,849,2866,1396,1402,410,2768,1645,1592
66,2598,2598,921,2270,1809,1774,1254,2614,2643,1312,2837,667,1952,2219,1292,1627,2612,1823,2431,45,2429,2433,1742,1740,2122
66,977,812,263,2348,1438,1026,2511,2533,366,2486,1206,2841,46,828,361,651,2398,707,2395,2459,915,808,790,908,1238,586,1827
66,2598,977,1146,2682,984,976,2875,1012,919,593
66,2598,812,82,1327,843,822,1694,1685,1094,2361,2113,1075,2118,1645,1435,180,2376,978,1561,1449,302,537,2519
66,977,847,1146,1555,1059
66,2598,847,1146,1546,821,124,1921,1070,2380,1438,1715,2409,1536,2220
66,977,1146,1266,629,705,2738,2440,388,2738,2543,928,813
66,2598,977,776,863,1724,82,732,1414,2493,985,2515,2500,985,46,1645,2540,2436,1725,155
66,977,847,1499,703,629,2337,2162,1872,2264,803,951,2377,1690,2767,2837,1686,2284,372
67,2598,977,1146,462,960,644,488,514,461,2744,957,151,2084
67,977,2598,812,847,1146,2292,430,910,2125,710,2796,643,1675,1161,1167,2183,1167,820
67,977,847,1546,1121,1452,2768,2727,2798,1741
67,2598,847,669,1722,2508,2397,1627,1347,2861,1270,2625,1742,1312,2545,2105,371,2245,2717
67,977,977,2598,847,1146,2199,955,199,808,978,527,955,1358,455,1402,1514,1129,639,1420,2256,2463
67,2173,2454,1184,1897,817,1081,678,2520,2305,2421,2862,2429,2433,2429,2433,1741
67,977,776,812,1724,1733,1388,578,166,1352,157,2183,2618,2211,2868,574,1824,2701,2431,2901,2702,2901,2702,813
67,977,1146,831,1899,831,2698,720,1483,820
67,2173,1120,1396,2100,1376,424,2854,2801,1110,2413,1702,2322,47,2612,709,2489,2351,2390,1115,2322,47,1057,2806,2394,2608,1082,1822,2310,606,2316
67,977,812,83,1707,1517,1518,2490,252,1376,1569,1349,550,2858,1262,1897,910,710,2226,2216,2426,645,1591,2533,1715,1215,1770,2176,923,2703,2717
67,847,2275,125,2881
67,977,776,921,1499,143,735,1701,1852
67,2598,2173,1172,848,919,245,2858,2893,1692,259,1028,189,598,782,1905,844,1139,1991,1949,221,1310,1308,217,218,111,111,1359,1356
67,61,1212,2173,2454,2094,1077,2763,1282,1071,518,2459,866,1328,789,628,1685,2498,1068,1707,1286,2122
67,977,1146,581,2892,351,1297,351,173,2336,1138,822,1694,1081,2422,2520,1115,677,2214,591,1811,492,2424,2860,1347,1728,664
67,849,2866,2506,762,83,1070,1691,2841,552,1691,2406,1703,635,688,1491
67,2598,812,82,2863,1511,2235,1925,2858,633,1071,1692,2522
67,977,812,405,773,252,1867,2448,2400,1649,1320,2578,2762,2450,617,2424,1638,322,2315,322,2315,1638,478,690
67,977,847,1499,2447,619,2801,853,420,1685,826,481,861,1811,591,2317,362,1543,2316
67,2598,812,1519,1050,2100,1438,1715,1214,1057,47,2433,1443,1811,2798,1627,2190,1744,2396,690
67,977,1146,2199,466,1537,2688,1949,629,2334,708,837,1043,960,2836,2721,853,2447,608,518,108
67,2173,1396,1109,298,305,633,1349,2453,528,1741
67,2598,847,2529,2256,155
67,2598,921,2114,408,2217,1116,1949,2105,1798,417,1316,2667,589,362,1645,1435,450,1678,2500,704,963,1279,2776,813
67,61,762,2838,308,961,19,1741
67,977,2598,977,2173,2166,2348,1525,675,1019,1695,408,802,449,1731
67,2598,977,1212,2178,311,1109,2597,2680
67,2598,847,849,1396,2100,2454,1048,1547,1375,2422,2305,2520,2608,709,282,388,2738,2543,2373,1094,1420,1286,117,1286,1317,301,372
67,2173,762,863,1024,1827
67,977,776,977,1146,2452,392,454,763,1438,2397,861,1811,108
67,977,1146,1024,2561,1117,2478,2164,1316,2549,2312,1555,1736,1481,664
67,2598,2173,2454,1384,2288,378,1410,964,1376,1414,2529,1828
67,2598,2598,847,1396,1515,1376,140,829,708,2377,704,2196,221,666,666,542
67,977,1146,581,2684,1345,372
67,977,1213,964,2114,1525,2858,408,687,447,2213,180,1132,886,797,1043,1774,2715,930,458,2180,2180,893,1795,372
67,977,1146,1369,926,1409,1759,1431,991,305,767,822,1545,434,1693,770,1326,2448,1404,1421,2594
67,977,847,2598,1146,2453,2897,2868,2245,2084
67,2598,847,898,1737,967,654,173,299,2609,1204,1188,2604,775,1870,2444,83,1376,155
67,1212,2454,1438,1081,2396,2554
67,2598,921,394,1024,1224,547,730,680,2269,1027,770,691,2726,47,2433,2429,2433,2429,2433,2643,2449,2767,2220
67,2598,977,2598,977,1146,938,2379,1512,1116,242
67,2598,61,762,2601,392,454,763,1438,1677,1094,767,1792,531
67,2598,977,812,1499,1794,1070,2288,2658,773,334,1812,1869,2196,671
67,2598,812,2642,1111,427,1463,1800,532,2777,1795,244,1435,2477,1272,2508,2394,2111,2396,2310,2449,678,2528,777,2655,1491
67,2598,61,849,456,2454,83,1438,1715,1585,1754,481,1628,1852
67,977,1146,581,916,1083,174,506,2680
67,977,847,1146,1213,938,1423,1511,1056,371,2276,1060,1814,476,442,1464,1081,1419,2239,999,2268,1715,1060,359,1645,1592
67,977,847,711,125,2555,2499,408,450,1434,2543,2727,2240,1715,1599,300
67,2173,1724,2178,2286,164,1009,2892,2286,2254,173,299,958,1611,2030,2528,1391,1665
67,977,1146,1546,1272,1820,1139,788,2456,1812,1869,2532,1429,1329,1410,817,1061,629,387,603,797,597,788,1563,1116,364,758,537,155
67,2598,466,2541,466,1224,728,1317,2857,1288,1177,1852
67,2598,863,394,870,99,1743,959,1156,1471,600,959,180,1025,450,1232,109,2538,813
68,921,1566,503,1319,2490,2105,1569,1117,253,1540,1050,1540,630,1384,1540,1053,1101,1204,2588,2846,2817,2453,593
68,849,456,2286,1131,958,1363,475,947,861,1065,1153,2353,2533,366,2497,691,323,1115,649,1638,1643,1543,1627,1745,1725,1347,2861,1270,2798,1741
68,812,2173,762,503,410,1707,2522
68,812,83,1376,629,705,839,1339,2439,2192,2528,1774,1244,1627,1742,2798,1741
68,977,466,2611,2541,2611,998,2656,125,2832,2538,928,2672
68,2598,1146,2453,1827
68,921,1708,146,2802,1717,397,2706,2118,2433,1742,2798,1627,1741
68,812,847,812,898,1545,838,2192,1621,1398,398,2723,1213,1381,820
68,1146,2374,2578,871,523,2773,2841,2247,468,1554,1511,1286,1644,1290,2219,981,861,2798,1741
68,2173,849,762,83,378,704,1093,1665
68,921,2641,1813,1044,1621,593
68,61,456,1519,2405,1056,2805,481,2798,1543,1853,109,2585,688,2585,688,1491
68,812,82,1327,710,385,828,2533,436,2515,287,362,2488,558,611,558,2485,518,2463
68,1146,1381,528,2242,615,861,2798,1745,1778,634,1749,1784,1828
68,849,2173,2166,993,1396,310,1404,1659,1288,246,1079,2030,329,2735,2611,2711,2712,2586,2181,2586,2181,2586,1283,2613,1544,1361,1026,1665
68,921,1555,1209,2372,368,323,1061,1620,766,1030,2387,2220
68,921,2696,2756,2894,54,690
68,921,2588,1145,2242,1741
68,847,2173,1393,898,2377,2339,1800,954,663,1509,769,1692,2459,2333,629,897,1796,1685,687,1178,1791,1602
68,921,2578,1292,2242,2589,2594
68,1146,97,2505,1091,2505,1751,2192,473,677,2315,322,592,1667
68,847,711,394,2199,466,2270,1744,1478,2397,2227,47,2612,2769,928,2672
68,1212,1396,1608,143,1701,1852
68,1146,586,1475,777,594,2196,1633,671
68,1146,2180,968,1384,1775,2405,2288,679,1341,2493,664
68,1146,1126,2681,624,194,304,1068,1139,1299,2337,897,804,1286,2122
68,921,2578,561,1372,1068,1071,1749,1949,252,305,2515,710,2773,929,282,2343,804,1081,611,2310,2365
68,921,1608,1376,1286,2273,368,1685,687,2625,2164,2447,1063,2305,2806,709,2775,2351,2432,2351,2432,2351,2432,2351,2390,2769,928,2672
68,1212,2454,1237,1184,304,844,1139,1540,1509,408,802,2325,1679,2364,2613,904,2806,1312,2545,1010,2463
68,849,762,415,1224,2481,1516,2196,1502,259,339,2866,762,2601,2386,2680
68,1146,938,2696,2301,1108,1659,2235,1258,108
68,2173,1396,1358,1687,2837,1726,1494,1633,166,1352,764,1582,1089
68,812,2642,1136,708,2377,367,2301,2439,1691,1249,2664,2179,2196,166,819,1917,1288,2526,2196,151,1089
68,921,909,320,848,1545,622,1555,1498,1921,1766,1096,820
68,847,2173,2866,61,849,1396,470,1452,2768,652,2869,47,2431,2612,2351,2390,2488,396,1081,2251,2404,1154,448,47,1635,1740,2122
68,1146,394,2290,2207,1015,185,2208,2494,2717
68,849,1396,81,1250,2515,1424,644,1669,1681
68,921,2578,586,574,2785,1852
68,1146,1266,1752,2861,1644,2122
68,1146,938,554,2641,2417,1091,1492,1759,1431,1481,1890,2522
68,1146,1369,2438,1696,2610,1897,283,898,1772,705,653,1628,1647,2397,1821,2612,2775,682,1321,1833,2214,2089,2667,589,518,1071,1621,1718,1677,1665
68,847,431,1432,1696,1540,1148,2444,2400,1812,2196,1502,2459,1734,864,442,2199,2180,2679,893,221,305,633,2519
68,2173,456,1384,1384,2496,708,1196,1434,1942,1346,2630,1157,1665
68,1213,581,1298,1609,1545,379,845,2011,1446,1327,1476,675,1897,1695,1130,2749,2600,1109,2597,1056,1712,1715,1026,109,2239,2268,2593,47,1635,1536,2220
68,1146,1266,151,2893,590,464,672,807,1772,898,997,920,955,1468,1396,2481,1699,1057,1365,1770,2482,1509,1250,2721,928,2672
68,1146,623,78,168,486,1686,2321,120,2817,2453,2701,2431,2901,2718,930,2697,2672
68,921,2696,1561,1511,1250,633,1071,1749,615,2242,2594
68,812,311,1109,2464,2499,2105,1852
68,921,2578,554,2481,1820,1058,2322,2806,1057,1640,1312,2220
68,921,1573,1224,121,664
69,977,776,977,847,1146,2199,1774,1263,2772,727,2549,2724
69,977,812,415,2512,845,286,1393,2375,808,978,2641,998,2653,1952,2219,2216,1778,2737,2276,1991,1991,782,371,2527,2500,1494,1715,2624,651,1115,690
69,977,2598,61,762,456,1394,2287,1499,812,311,84,2447,1026,1593,651,393,2441,2424,1638,322,2316
69,977,847,451,2447,1585,1501,452,1578,1078,1579,1734,2480,1238,953,1261,1318,1116,364,1650,626,290,2357,486,2680
69,2598,977,1146,1379,1733,578,166,667,2465,667,1952,1290,2891,2545,1093,2317,2488,1433,45,2433,1742,2187,2625,2589,552,1410,706,1112,1747,1478,1665
69,2598,977,847,431,871,2661,2850,734,893,667,2465,667,2465,667,2465,667,2465,667,1952,1726,1320,1828
69,2598,847,2598,847,898,782,450,1434,402,1964,2747,2385,140,1439,1259,334,710,2485,2008,1077,1516,2271,1442,2196,221,765,1970,655
69,977,847,431,2756,1268,2275,1081,2511,1313,1312,537,2717
69,2598,977,1146,1369,734,593
69,2598,2173,469,406,1376,1116,364,1256,441,2524,2648,1544,1754,1627,1741
69,2598,977,2598,812,83,2454,2241,1081,397,2433,2429,2433,1741
69,977,776,977,847,977,61,1120,1566,623,1689,2499,2105,2235,1258,2459,866,271,345,2731,463,943,661,1702,2798,1741
69,61,762,503,2847,2504,2684,1895,276,489,276,1131,893,2183,764,1381,2775,2351,2390,2612,707,2396,2316
69,2598,977,1146,2453,667,1952,1249,2664,1692,1588,2823,166,819,1917,1493,2111,1823,2422,2111,1823,2488,611,1082,709,2317,1634,1944,1634,2316
69,2598,977,1146,2452,2762,2322,47,2433,2643,2449,1811,2424,617,1638,2214,363,2425,2860,2526,2196,372
69,2598,977,776,812,503,1204,1340,1552,56,1071,151,221,1686,372
69,2598,812,405,2760,1545,1463,782,1911,663,2712,2513,2531,1094,2192,1621,1044,1391,1258,1621,151,1686,1692,2522
69,977,812,1733,2177,1733,1519,1376,1111,1820,2367,2585,1762,1282,2288,2482,1139,1436,639,1420,2522
69,2598,921,146,575,954,1579,422,708,1872,267,1723,920,749,1736,985,1621,1621,1398,982,2577,1151,691,991,1310,1312,2799,2449,1811,2530,690
69,2598,847,1769,2255,1336,1751,2526,1067,2805,2804,2373,1258,2459,672,867,672,870,488,1022,2375,195,964,1509,373,323,2553,467,1057,1059
69,2173,762,470,1618,2174,1519,2768,645,647,648,591,108
69,2598,847,921,2808,2180,1108,1614,2594
69,977,1146,462,1159,1458,1390,1195,19,1741
69,977,2598,977,1146,2571,1252,2571,2299,2470,1833,1645,1592
69,61,469,2266,1376,1111,1288,1305,2247,554,43,79,1700,1116,1117,2680
69,2598,1212,2757,2757,2175,1421,2235,2196,1071,518,1071,518,2463
69,61,1396,1452,1373,1008,598,2368,1180,629,1187,1144,450,109,2304,1419,109,1277,749,2259,1809,2505,87,1493,2300,2798,1543,1741
69,1212,2454,1775,1707,2522
69,977,1146,2571,452,1579,2763,1438,1057,1702,2411,2806,1822,1823,2489,2775,1283,481,1808,357,649,1591,2043,2488,1593,707,2706,2118,2463
69,2598,1146,462,1176,667,1952,2393,1283,690
69,977,1146,938,1279,2549,1246,1918,574,673,155
69,2598,921,1762,623,1794,1376,631,1577,2532,2574,2610,679,1361,1157,1057,2449,2489,1063,2431,45,2806,1283,2449,1312,537,2196,1071,151,2680
69,977,847,2438,1148,912,817,1830,761,1645,2540,1007,1346,1778,508,1316,2538,813
69,921,909,1499,1685,2805,1754,947,2119,45,2317,473,1840,1075,2608,709,2395,2446,259,2543,1715,2408,1059
69,1212,1724,265,732,1619,167,963,1729,246,1637,1439,1259,1149,1306,1614,2231,1326,336,2363,1699,928,2672
69,61,1120,1515,710,2498,1068,1509,2484,366,767,1545,1137,1156,2780,2118,2351,2432,1635,1774,1088,2417,2505,2484,1897,2288,1736,309,714,1686,237
69,2598,61,1120,2866,762,2601,2347,1280,2823,166,562,528,992,831,952,155
69,2598,61,1212,2454,560,221,309,194,193,155
69,977,1146,2166,1189,1515,82,735,730,1812,1869,2774,1686,372
69,61,1212,1724,1519,1375,2529,1717,2251,2351,2432,2351,2432,2351,2432,2351,2390,707,1823,2320,508,1316,2585,2548,2881
69,977,1146,2453,1827
69,2598,849,2866,717,997,920,368,2192,2043,1645,1592
69,977,2598,2173,1396,1109,2597,2491,1019,1139,2809,2463
93,888,839,871,2661,2609,958,944,2858,1699,2807,1628,1421,1701,2231,1705,282,2192,362,1543,2317,2318,1643,1543,2317,322,1667
93,946,801,1143,462,1922,664
93,946,752,299,902,2588,830,1339,842,1813,1651,2554
93,946,1143,2584,2733,874,2483,2908,1899,831,2698,760,495,1520,1609,2765,1702,1051,2507,2893,985,1289,2455,1478,928,2672
93,888,752,2749,1369,2637,2761,2245,1637,631,631,1577,431,1406,1756,2585,1762,623,2400,2361,1481,1116,300
93,801,799,124,140,1476,1439,2858,83,1438,1058,1249,1726,2522
93,946,122,1301,1790,1109,2464,822,2342,2091,2763,477,2818,1633,1686,372
93,946,1143,1405,136,2456,1481,725,1080,1699,2805,481,2216,2425,2489,2351,2432,1635,1852
93,801,1143,841,1122,1696,1122,680,597,2388,215,687,991,2490,630,1373,1436,639,2858,767,1058,2804,2389,1243,2449,861,2837,758,537,1735
93,888,946,752,1029,337,134,2745,1369,2637,2859,2591,82,2203,2590,2790,765,758,699,537,155
93,888,122,1190,2713,151,1687,1320,166,2777,1349,1571,1177,1313,492,2860,1312,1638,591,947,861,1811,649,1638,591,365,1811,688,1491
93,801,1143,288,1150,865,1443,594,2860,2861,2860,1313,2799,2220
93,888,902,1896,2440,1628,1728,928,2672
93,799,1105,815,453,228,536,2486,2721,385,1061,385,2353,2455,1435,1434,2543,2245,2680
93,123,1301,1190,1408,1299,622,997,433,146,2802,1588,854,2512,1187,602,187,691,991,303,1872,403,897,422,2543,511,1736,436,2768,1645,1592
93,946,801,888,801,752,299,1295,1954,308,1756,2585,2655,1491
93,888,799,1105,1259,1614,1289,1341,1663,1801,2711,1930,1828
93,851,778,583
93,888,986,1105,1351,2380,1027,1694,910,1695,1694,1438,2801,1665
93,888,801,1143,374,476,2763,1270,1621,1398,1715,2472,1665
93,851,2723,1922,118,1317,1614,1759,1813,1944,2122
93,946,801,903,801,1143,2486,1098,2288,2408,832,1157,1711,2372,1438,2801,2093,832,2472,2317,2089,2316
93,888,946,801,888,986,2576,855,966,2669,124,2812,461,957,1148,1812,2796,1262,1687,1686,155
93,888,752,149,2289,2438,1908,2199,955,554,1224,2850,732,1614,2231,2406,1391,1059
93,888,801,752,122,1105,334,2217,2570,1499,1373,2765,476,1210,1163,802,374,215,1211,787,785,601,180,1144,323,1728,2351,2432,2351,2432,1635,1852
93,888,752,299,564,667,1952,1726,861,1065,1153,2768,2240,826,282,705,1292,2746,2314,661,1438,1715,619,1641,366,2508,1475,1391,1059
93,851,2827
93,888,801,888,752,1143,2591,1014,128,1053,991,305,767,822,1867,775,1262,1687,623,1438,1715,2312,1157,1057,2305,2422,2421,2449,1312,537,155
93,888,1143,374,282,692,717,367,2288,552,447,661,587,1563,1701,2192,1944,2086,2528,2718,2901,2697,2672
93,946,799,979,1301,136,734,957,961,1289,2275,125,1712,2409,678,1115,2742,629,388,2440,1628,1852
93,946,888,902,1890,452,710,47,2433,2643,1312,2545,1749,1244,2881
93,888,888,902,2476,2193,2572,1705,629,2335,2264,1800,804,844,708,2069,282,1196,1043,2476,845,1922,1414,1286,117,2857,155
93,801,752,1409,1762,1272,2482,1139,788,1870,1691,2893,424,1770,1968,2189,706,1796,1305,1828
93,888,801,1143,839,2654,989,2636,1740,2455,1478,1059
93,946,799,124,265,739,563,593
93,888,902,1890,1369,2610,817,1060,2444,817,2801,2087,1998,2813,1491
94,888,946,801,1143,107,2850,734,2683,2453,2453,1048,1831,2288,2367,2586,1283,2806,2533,1684,2609,2849,2858,2492,307,675,2841,2526,1569,2179,2522
94,801,1143,2194,710,448,2353,1778,2737,481,861,2837,2633,667,1952,962,2220
94,888,752,863,865,2553,2397,619,996,2501,2823,2371,2196,2865,2326,1001,942,974,1089
94,888,752,1029,299,2836,871,1814,1665
94,888,1143,288,769,2497,1695,185,238,1701,287,1628,1852
94,946,946,888,902,2476,2020,663,1685,1699,2807,861,947,1164,645,1638,677,1643,2489,2811,2549,2867,1321,2473,439,2485,518,2463
94,801,1143,2172,2849,2726,1081,704,302,641,2183,2618,2618,2211,1944,2318,478,1667
94,888,1143,287,2231,1568,1759,2219,2837,221,699,758,1206,2765,2288,2380,1326,2363,2721,2807,1811,1667
94,801,839,2715,2572,1142,1072,2373,382,1658,1440,941,769,2361,761,362,2424,1638,1811,688,2585,510,1634,2316
94,888,946,903,946,122,1105,913,1812,2721,2498,1685,1699,1689,1018,1715,1045,928,813
94,946,752,1453,765,699,758,1686,2321,148,490,666,222,167,632,1483,820
94,801,888,801,888,902,2588,2386,764,2371,185,251,548,590,1728,1825,2395,2459,866,260,867,2375,134,288,2403
94,888,801,888,946,902,2290,1991,408,373,2512,381,227,283,785,428,2339,2377,511,817,1715,853,704,2499,2105,2314,985,1852
94,122,1190,297,135,269,1138,2893,2105,2807,652,574,1019,2380,910,749,2763,1068,1058,1227,1426,1270,2860,2526,2463
94,801,1143,1405,913,814,817,2192,2361,761,2428,2088,608,518,1071,2463
94,888,799,966,1101,2721,1653,1715,2472,2419,478,322,1667
94,801,888,946,903,801,946,986,1143,2637,983,991,204,1182,2250
94,946,888,1143,2723,883,1399,1358,470,310,1384,477,452,512,571,1178,542
94,801,1143,1195,1889,631,301,1692,259,915,794,2331,920,388,2325,983,2812,926,346,2554
94,888,902,2788,956,734,667,2465,667,1952,2219,1543,1627,1741
94,1143,2179,244,2355
94,888,801,752,1143,2194,773,710,828,2608,2489,2421,1059
94,801,752,799,2576,534,2680
94,888,986,124,979,1552,2255,1056,2397,2310,2806,1283,2806,904,709,2608,2613,2489,1853,1665
94,888,986,1259,814,2858,364,2209,1741
94,888,801,1143,1043,839,1224,2116,2794,136,2621,1737,822,1694,78,636,671
94,888,801,888,123,1190,1105,1102,298,675,298,1888,1820,1509,2858,309,1633,929,594,518,1502,2459,259,215,2383,1178,590,1698,1602
94,801,946,986,1259,230,2363,2807,359,679,1287,662,2478,1712,1653,1077,1299,2447,1715,2312,109,2549,2724
94,888,799,979,1300,814,2085,1615,675,252,2765,570,1694,1685,826,1699,828,361,1777,652,2844,1600,1668,368,1305,1717,2309,2420,1828
94,903,851,2723,462,960,288,1088,2225,2317,356,2548,2724
94,888,801,1143,752,122,966,337,876,2606,1405,1368,1680,1384,708,1217,476,897,1081,558,2485,1788,1665
94,888,799,1190,1473,1481,1812,1869,283,691,983,187,428,187,782,1685,629,2169,2199,1091,2505,87,1142,1075,1057,2769,928,2538,928,2672
94,122,1190,2258,1008,188,687,2625,2589,280,1320,1686,221,636,1949,2380,2721,1679,2325,817,1059
94,888,122,337,134,914,323,1059
94,888,986,970,1598,1342,2570,1282,850,1699,2406,2305,2421,397,391,2505,2842,645,1638,777,606,1094,2721,1215,1641,570,436,2841,961,1852
94,888,801,946,752,902,871,1658,149,2232,2480,1468,141,1781,2880,268,1296,1515,1707,1286,2493,985,151,2680
95,122,337,347,137,358,2376,140,1439,675,2105,1093,1667
95,902,2788,1595,1513,675,408,450,109,2813,1491
95,902,913,1812,2490,2105,2841,1751,1391,2553,2276,1094,424,2380,2266,2380,342,447,1481,151,1266,1735
95,752,946,799,1099,337,234,298,1414,1644,1739,2857,2231,1206,301,671
95,752,2611,1904,2514,88,1267,2362,1560,2838,728,1925,664
95,986,979,2591,115,550,1443,2798,1745,1828
95,986,1259,1812,2385,1820,663,1579,599,600,687,2245,2196,372
95,986,1105,334,1812,424,2377,1693,424,1707,1481,674,1494,2201,1043,1672,1395,1783,246,663,1820,2712,329,2720,2588,2341,1568,1287,1828
95,752,124,1101,2604,1755,1744,1828
95,1143,536,1395,1342,2225,2118,2221,1754,1627,2612,2769,2397,678,2763,2478,1048,2164,2406,2470,1833,861,1313,2545,1726,1443,1628,1852
95,902,2610,2515,1452,1736,2361,356,361,2461,2805,1365,2496,1800,1796,1117,408,570,570,1694,78,168,167,217,2522
95,122,347,337,1674,323,2553,1703,2724
95,986,1259,1160,2192,357,1798,2112,1048,1547,2481,2094,1438,2093,1593,1833,1840,2507,1663,2832,2538,813
95,122,1190,2258,1190,1408,221,217,2737,2580,1569,1349,2522
95,752,1409,2591,415,1224,2850,1594,1594,2658,2444,2768,448,2806,1313,2545,1852
95,902,347,1190,1476,2448,2288,749,2515,1112,1712,2489,1556,2391,481,2216,1072,448,710,2461,448,47,1635,1852
95,122,1190,814,817,1090,2424,2425,2489,2619,1475,1077,2515,417,706,1796,1800,804,1078,1579,1194,1434,366,436,1707,631,2499,1071,2463
95,799,140,1790,1897,2192,761,108
95,946,801,903,902,107,196,1369,960,941,1696,1908,1043,2516
95,902,835,574,2453,552,1336,2572,2702,2901,2718,930,2697,2672
95,986,2788,739,537,155
95,122,347,1190,2258,1190,2713,2858,633,364,1649,2196,1692,2455,1570,853,804,1897,710,2448,2288,2858,724,2371,990,2183,583
95,122,1190,1476,675,408,1434,2368,381,680,2269,2260,2265,822,2400,1812,2774,632,560,2893,1699,2397,1094,1068,407,375,1679,2857,2231,594,2196,372
95,799,1304,140,169,2258,1190,814,323,1475,1063,2316
95,986,1105,337,1193,814,1525,2490,309,424,447,1692,2522
95,1143,2731,1224,265,2863,728,1421,2231,1206,2508,2488,813
95,946,801,752,299,1195,2232,2480,1339,301,1071,673,1320,2857,1659,1056,817,1115,2489,558,1823,2489,2316
95,1143,474,1639,840,1571,1177,777,1063,2775,2489,1082,2351,2432,1635,2268,472,1651,2554
95,122,337,1405,1179,2622,1615,148,2698,148,992,1291,2557
95,946,888,986,752,2611,998,53,839,1044,1701,287,2187,1828
95,1143,2761,664
95,123,124,334,1736,221,2357,486,1228,2245,1686,1692,2522
95,1143,778,1356
95,799,347,2576,1100,730,843,1545,379,430,2484,1697,436,1043,960,871,960,2714,852,1751,1391,1665
95,902,1440,1406,1762,623,1707,1699,1691,2893,2515,2857,1620,113,1659,301,1435,2361,356,651,2372,904,1754,1749,2105,1443,981,2798,1741
95,986,1143,2637,990,764,664
95,123,138,773,570,1540,817,1715,999,2268,1135,685,640,1019,587,983,2325,323,1059
95,986,2788,265,1224,738,764,1349,346,357,2488,2422,2406,1063,1823,2422,1433,2391,2372,1164,1811,860,2426,645,492,2767,2545,1852
95,799,124,1921,2294,1511,302,1686,2321,1349,1228,2680
95,1143,2475,2475,1158,624,2110,2270,1112,2256,155
95,1143,835,1282,1272,1112,2832,2529,1717,2251,2769,928,2724
95,986,1259,843,2765,2508,1302,1077,2380,423,384,587,1964,269,461,350,573,1010,1443,2804,1007,1640,481,860,2413,1778,2737,679,777,591,592,690
95,986,1259,2658,2400,817,1059
95,986,1105,1105,335,887,2445,1326,1563,427,2269,2091,266,283,430,770,788,1563,143,167,168,167,428,187,691,991,2235,1715,2312,1316,2538,813
95,902,2610,679,1627,2798,1543,2433,2429,2433,1742,2242,2398,2769,928,2672
95,902,2179,2442,1222,2594
95,902,841,456,2454,1680,263,1421,1828
95,903,946,752,2172,814,663,2363,1215,706,1671,493,1674,1695,679,2394,608,2455,1478,662,2406,1825,2441,2122
95,986,1259,843,2765,954,2496,973,491,845,1571,2614,2268,1074,518,2463
741,847,1499,1606,306,1701,1944,1634,2316
741,977,847,1357,1411,1116,1089
741,921,1339,2417,1088,1254,2225,2780,1221,928,2672
741,2173,1120,2287,913,511,710,2288,2444,1481,664
741,921,2578,1279,1222,2594
741,847,1396,1358,310,1116,664
741,847,812,1358,2166,2348,2447,1061,2001,1685,1699,2805,828,1833,2534,376,2473,439,2485,1044,1728,1059
741,1146,462,528,1502,2459,1734,417,1942,2373,377,2119,2351,2432,2351,2432,2433,2643,1312,2489,2488,2608,2391,1215,853,804,1375,1744,2881
741,921,871,2668,966,1440,1813,1751,1391,1059
741,847,921,1708,2199,1282,704,2285,2805,1347,1502,2459,809,191,915,105,810,198,915,488,668,1149,1619,2527,664
741,847,2601,2381,1700,1820,1695,770,1949,985,2273,614,2616,2784,2737,2738,1045,108
741,2173,1396,82,469,410,1452,1087,1685,1711,2804,649,1391,1774,1003,2585,688,2585,688,1491
741,1146,1213,1146,1555,1059
741,1146,462,2453,1852
741,1212,456,841,766,1030,54,2221,2389,2305,1556,2528,1302,1077,2508,1647,2231,594,400,652,1097,679,2737,1315,1556,2675,1501,1076,1706,1533,2220
741,812,2186,1224,2583,1824,1628,777,861,2798,1745,1808,947,861,1811,688,2585,2643,2449,1811,1638,365,591,2214,2317,473,2317,2891,2545,1852
741,1146,98,146,2701,2431,2901,2702,1406,2193,1410,2094,1693,283,770,1187,788,769,570,2400,843,2765,1695,630,1670,1071,2463
741,921,871,2030,329,2611,2677,2537,46,1312,2799,2545,947,861,1164,861,947,492,1313,317,1478,662,1366,1081,2251,2316
741,847,2601,469,612,1606,1540,1053,912,2363,2372,2393,2806,2613,1283,2891,2214,761,1643,365,478,1643,108
741,2173,2454,1606,1545,898,344,2232,2067,367,450,910,2765,1702,1427,652,1934,761,518,1852
741,1146,199,2606,2850,2203,1575,834,1446,2749,1408,1534,1306,1820,679,1312,1313,1270,1349,506,528,2589,2242,1741
741,1146,1369,1696,1908,800,2383,1078,1579,1016,838,786,1169,959,180,838,427,266,822,2337,2161,1800,1792,1970,655
741,847,431,1272,1438,1606,1534,1430,90,1736,817,1934,400,2240,2893,765,758,537,2717
741,847,1744,2552,2776,2552,2776,2239,2549,2867,2466,1073,385,1007,1778,2737,391,1091,1751,1614,1621,1813,1692,1435,323,2801,1057,2316
741,1212,2757,2757,2175,708,602,1043,1231,1848,1405,2818,1759,2585,2450,617,2553,1061,378,1707,1569,1116,300
741,2173,1587,339,1587,1113,462,2604,775,1414,46,1313,2799,1313,1270,2545,1749,2463
741,921,1410,767,2768,400,2216,1072,1062,2874,2268,1715,826,817,2372,904,2391,1000,369,1992,996,1540,533,844,1376,1101,664
741,1146,462,834,2785,2785,2453,2802,2316
741,921,431,863,2199,529,199,527,1647,678,1302,1075,1749,301,2355
741,812,1212,2173,456,1519,703,1509,630,1050,533,1690,1000,1585,420,1942,1316,1572,2481,1505,2490,1606,985,1751,2192,1944,1634,1592
741,977,847,2601,2386,1204,1922,664
741,812,264,1662,1183,1226,449,1364,1699,703,323,1302,282,1025,1043,1431,1434,653,2522
741,776,921,1566,1113,1384,2174,1376,1111,674,829,2194,914,261,570,1897,283,344,2400,1693,1102,298,2491,298,674,1692,2522
741,849,310,674,424,2125,1814,680,2377,1685,1585,323,1061,1206,1652,2500,2084
741,921,1721,2839,78,169,911,2363,1443,1312,2545,824,2718,2901,2697,2672
741,776,61,469,1358,1687,2105,1576,1577,1410,706,1139,1991,436,2361,365,591,2645
741,921,1499,829,1707,1869,632,2774,486,1228,192,532,1563,2283,646,617,1057,2316
741,921,964,1438,2447,1063,2305,2313,2313,930,2430,45,2697,2672
741,921,1281,2438,1540,1050,704,2285,2322,2498,552,1691,706,1505,301,671
741,1213,2723,586,2609,919,622,899,2343,2400,1447,261,1812,1436,590,464,273,2899,739,1089
741,921,1399,2637,2859,814,298,674,985,1553,2392,1627,1745,1494,2807,2393,1586,2613,2806,2364,2394,2111,2488,1822,2488,1115,1645,1592
741,812,847,2529,1828
741,977,2173,1587,1120,410,1438,1699,1653,1206,2314,661,1685,2721,606,45,1115,1645,1746,2641,2417,1774,1243,2798,1543,1313,1312,2220
741,847,431,1268,1828
741,1146,466,871,1636,2850,128,1540,1692,2522
741,812,2186,2481,1569,301,1071,518,2459,2543,2461,1069,2320,492,1638,777,2088,473,1840,2798,1741
741,812,311,1229,671
741,921,1499,1438,1057,481,2798,1543,709,2489,2396,1823,1063,2316
741,921,2578,586,667,1952,2393,1115,1627,1741
741,977,812,2178,876,265,2205,2635,739,593
741,1146,1348,578,1071,1435,450,1918,2727,645,1591,366,2508,1361,2409,2304,1419,2883,2806,2391,2372,1754,1627,1244,1283,2316
741,812,415,1429,1577,1406,2574,1431,1695,684,1934,2113,2851,2737,1579,2332,2331,1299,525,1942,420,2363,1443,1313,2489,1822,2395,2446,259,1230,1698,300
741,847,977,1146,1506,1290,1740,1852
741,921,821,1921,1766,944,2500,1299,525,1484,1097,2765,1702,2285,2806,1283,2806,1702,2804,1735
742,1146,586,576,135,2621,2635,1357,2255,1820,323,826,1078,850,910,1081,1419,2851,2122
742,466,150,113,1533,1242,1045,1077,662,2478,204,1203
742,847,431,1573,1762,1282,804,2508,1312,1270,1349,557,1761,2303,2492,1375,2305,2346,2455,1435,450,2518,1735
742,1146,1555,1569,1117,2370,674,631,301,1692,2522
742,921,2808,830,2252,728,2174,1376,498,155
742,1213,581,1529,1280,2607,2522
742,1213,1146,1468,644,955,1468,912,817,2801,2472,1057,2317,592,2214,473,1093,2530,2317,356,1065,2806,2613,2485,1788,1852
742,921,1281,871,2604,56,1116,300
742,1213,1146,462,778,583
742,921,394,1468,469,82,1954,1177,481,2216,2426,645,492,1313,2426,645,1057,2390,1556,2421,397,2433,1742,2187,2625,2187,1828
742,812,431,2275,1081,832,2801,2087,2667,357,592,2317,2318,1643,108
742,812,81,1320,308,698,1359,760,1311,1356
742,921,1499,1708,554,2247,1487,308,1116,364,758,1686,372
742,2173,1120,392,1120,269,1476,2280,2726,996,2773,2806,1283,1727,2325,2361,1798,525,706,704,2196,192,1791,542
742,1146,830,529,2180,893,2527,2858,1908,2343,803,1734,2543,420,371,2231,1705,1653,1206,2515,1258,1223,673,2365
742,847,1396,59,2258,1008,2438,1071,518,1644,301,1692,1435,323,1715,2312,2441,2122
742,812,2114,2400,1481,155
742,1213,581,1086,577,1609,767,1058,2804,465,1079,1729,1813,1692,259,360,717,2337,525,433,1272,1685,2285,2806,904,2389,2118,2463
742,1213,1381,2564,609,2524,2897,1621,1813,1651,2554
742,921,431,2869,2767,2837,2111,2862,2429,2612,2489,2421,1115,1620,2492,155
742,812,776,863,2289,2532,941,1429,1762,1546,415,2443,582,1899,992,831,2748,1216,269,1138,283,910,1481,961,1852
742,812,2839,1515,2768,645,1638,518,108
742,1146,1452,1515,843,1607,282,388,2325,2213,1615,675,1494,2111,2316
742,921,2252,673,2084
742,812,311,829,1594,2491,452,476,787,187,2325,187,180,2375,266,1021,419,382,420,2192,357,2315,2425,2489,2396,2804,2804,640,574,528,1741
742,1213,2682,2649,1019,1058,1443,1628,1647,649,1391,1809,617,1591,685,1753,1066,1569,300
742,812,1733,1889,985,1828
742,847,1499,1438,2801,2409,561,1054,378,1707,1286,1644,1917,1569,309,1633,671
742,921,1762,1282,1509,630,1670,1071,2463
742,847,898,1694,1991,2484,408,687,1206,2499,2841,1249,1443,2807,652,2455,2522
742,847,909,762,863,1468,1100,1259,1481,1111,308,1744,1112,2276,679,1627,1745,2613,1821,1069,2422,2488,2251,1823,2489,2398,2554
742,977,849,1120,446,1393,1546,898,422,1694,612,2768,1918,832,1313,2489,2398,2310,2365
742,1213,581,1768,925,2703,2775,606,2553,1703,638,1572,844,1438,109,2538,813
742,921,451,1438,2397,322,592,2214,478,1667
742,1146,938,2696,1907,1379,462,2820,1781,56,1445,547,1224,1024,1827
742,1146,1146,830,462,1922,664
742,921,812,83,1452,1606,1540,619,1095,2391,2364,709,282,901,997,997,375,2805,2806,709,2364,47,2612,2769,928,2769,928,813
742,921,2114,1525,1614,1701,1852
742,1146,2480,830,527,1991,1693,770,837,1232,512,1968,1184,1514,2774,372
742,921,459,1708,1266,594,1060,1206,2497,1812,1420,1692,2522
742,847,812,1085,2255,1820,451,1438,619,1699,1061,400,630,1149,1116,300
742,1213,1146,1573,1452,1606,498,2765,703,1094,661,704,1652,2500,372
742,1146,2453,1827
742,921,2578,125,1339,2711,2367,1904,2739,646,617,1057,2575,2874,2268,635,646,617,648,2488,2398,690
742,812,1172,848,717,848,525,1830,400,1206,1869,631,2196,1692,1725,1244,2190,2218,518,2463
742,1146,581,942,1768,1842,578,1692,1725,1808,2214,363,1643,1684,2281,2637,342,2363,2112,1305,1828
742,812,470,1676,1229,311,310,1336,1852
742,1146,1213,831,720,641,192,1602
742,1146,2571,369,519,822,2337,2165,804,1897,2192,761,2409,608,1057,2317,589,2419,1811,690
743,1143,287,2122
743,986,122,1105,334,914,2361,356,1057,1640,1702,2364,2613,2301,2863,1384,1670,706,1794,78,1514,1116,300
743,1143,2172,2669,297,633,636,2557
743,946,752,1571,2614,2813,1491
743,1143,841,2274,1809,1366,1438,2361,2245,2680
743,851,778,831,562,586,1366,844,1438,2496,2241,1081,407,375,2727,652,2874,2268,1715,1221,361,651,2466,1072,1432,1429,2355
743,888,122,966,334,710,943,1481,1707,2196,1686,372
743,902,871,841,730,287,1813,1692,259,1872,917,1275,267,1710,1451,920,2854,2372,1075,1051,1115,652,2869,47,1635,1852
743,1143,1043,2290,1608,2100,1438,2447,2801,2087,2397,649,645,1638,677,518,108
743,902,1143,845,2756,2800,1691,1852
743,123,855,2745,1006,1476,814,663,1685,2801,673,155
743,902,871,2668,253,1540,2493,1814,661,2094,2508,1475,1051,2389,2351,2432,2390,2432,1635,1740,1756,2219,2798,1741
743,1143,2723,1266,2365
743,851,462,1113,412,2238,1922,1919,155
743,1143,288,2516
743,1143,1043,839,2654,989,2636,2769,928,2672
743,851,778,2663,1167,2583,2649,1329,769,710,2773,1577,1759,2540,1007,481,826,2447,1057,1703,2008,1684,1431,371,2245,155
743,946,801,1143,287,1651,2554
743,1143,179,2813,2585,941,2572,2585,1998,2739,635,646,617,2424,1638,2214,2043,649,492,1638,1811,108
743,902,1143,927,1571,2756,973,600,434,1137,1434,1232,420,371,2807,1543,2394,2088,1718,1712,2553,1093,492,2767,2837,2522
743,1143,835,2701,2431,2308,1007,1007,2533,1693,680,425,427,622,1078,1579,1872,2332,525,1547,519,143,1445,543,2721,928,2672
743,986,1259,843,338,1008,188,1210,1043,982,2637,335,1006,1564,1790,1514,1111,1250,633,2519
743,902,2609,973,624,2618,1483,820
743,1143,1395,927,1384,708,2165,2340,901,629,388,2763,953,2477,2836,2721,1057,2316
743,851,462,778,1640,1283,709,2310,1315,1289,2270,2555,2701,2431,2901,2697,2672
743,902,124,1624,59,1790,185,192,1791,542
743,902,329,1813,2516
743,1143,286,987,547,1145,2229,1359,1356
743,986,2788,735,817,1061,1206,2400,661,1164,2798,1742,1741
743,902,329,2641,2275,2555,2499,371,1897,1494,704,1288,2811,2548,2420,1717,1081,832,1443,2508,1627,1745,1725,1313,2837,2522
743,902,1921,838,597,787,388,1653,375,1438,1081,2251,2862,2429,2433,1745,1726,1749,1784,2806,1627,1745,1828
743,946,1143,1043,839,2541,2572,2442,1516,963,523,246,1890,1852
743,1143,2179,1599,2587,1692,2455,1478,436,704,2111,2317,1361,1585,1164,1811,2424,2860,2242,1745,2545,1784,301,372
743,902,1440,2570,2217,2574,2610,2363,1078,1579,597,180,2459,2323,1364,1574,484,848,2197,1464,782,1905,1116,2680
743,902,1044,761,1798,525,388,705,2763,1270,1628,1647,2837,766,1030,573,934,166,2703,2105,2314,1443,1627,1745,1828
743,122,966,1764,1301,1304,2194,1567,1695,2893,305,452,386,430,1434,1232,368,1081,1082,2422,2111,1823,2316
743,1143,462,1353,1378,1429,1762,1272,2508,679,2406,2397,2806,1640,1283,583
743,946,122,1190,985,1692,2455,2522
743,1143,845,2588,2733,2899,136,1185,2788,128,2363,1078,1693,534,221,637,1092,2491,985,1289,1478,2397,2406,47,1635,1852
743,752,976,2668,982,2865,2215,569,835,1366,1081,2251,2316
743,851,462,398,764,54,2856,2514,1857,2865,1761,2865,2229,646,617,2424,1638,1840,981,2322,2805,1506,2806,1283,2351,2432,2351,2432,2433,2643,2433,1741
743,752,123,855,1190,2713,151,2680
743,1143,1043,1399,1468,769,1701,1728,2346,2862,2429,2433,1745,2190,852,2187,2625,2589,1287,2529,2256,301,671
743,902,1143,1043,982,181,1609,1897,90,1205,604,2383,375,2805,2798,1741
743,986,2788,1005,269,2321,2557
751,123,227,424,2497,187,532,818,1078,1056,2361,362,2428,1063,2554
751,888,801,2850,136,1615,1473,817,1302,1798,864,2763,2112,2478,1226,1237,428,718,988,1171,206,1738,1471,487,1043,2625,2589,835,2478,1725,155
751,122,1190,2788,739,593
751,799,2576,124,2788,739,276,673,2084
751,799,347,2576,829,1452,612,143,427,1011,770,910,1693,90,890,1503,822,2479,427,373,691,661,804,2418,782,371,2807,1811,690
751,888,902,287,1751,423,595,614,2842,2397,678,928,2672
751,888,1143,2723,562,2775,2320,518,2463
751,123,337,816,2363,1443,1312,2449,2119,2118,2351,2432,2433,2643,45,2706,2455,1435,593
751,801,1143,835,2693,1249,1543,1313,317,244,1435,307,78,1111,1129,1260,1260,1129,1373,2765,2288,2765,1058,1427,1711,904,2364,709,2608,2433,1741
751,888,946,902,902,2610,187,90,803,1792,655
751,888,1143,261,2363,2442,2225,1808,2317,1115,2488,707,1063,2554
751,888,902,2731,2611,2541,1705,1043,2440,997,2501,2472,2419,1543,1627,528,2589,1289,2270,2555,2529,2259,2455,1828
751,946,986,913,1695,1540,630,1050,1513,1149,1812,2774,636,1949,2380,1481,1101,185,194,193,204,1186,1548,2490,767,1438,1057,2317,2089,1651,2554
751,888,752,1143,839,871,983,1435,1434,109,2813,2585,1762,1272,1685,1585,420,368,679,1313,1312,824,595,860,518,2463
751,801,1143,2172,1409,760,495,155
751,123,134,1921,2025,139,245,637,1870,1070,2288,629,1016,1011,948,680,355,1078,850,2508,861,1627,1741
751,888,752,246,2111,1433,47,1635,1536,2417,1088,1241,1115,2220
751,801,946,752,122,1105,1103,1762,1272,1375,2706,2118,2463
751,801,1143,839,1724,2670,161,1795,372
751,946,752,902,299,1342,2217,2570,2217,2570,1410,2447,777,1774,1263,1952,2393,1051,640,1341,1756,151,1686,303,590,2868,1266,1735
751,799,347,1190,2713,1262,1687,1686,2284,2321,148,1905,2768,361,1918,1215,538,1814,2363,1078,1707,1288,1751,2122
751,801,752,1571,2611,1857,2865,2577,269,1216,1120,1368,1384,1438,1715,2346,471,2409,2724
751,799,912,1327,323,1728,323,818,2498,1543,2317,2315,592,475,777,608,1536,1274,687,2245,166,820
751,799,347,2788,128,1513,674,1494,2500,1695,1949,2515,305,633,364,1889,452,710,1481,2463
751,888,123,253,2841,1289,1478,2327,1361,2428,1063,2429,2433,1741
751,888,902,1571,56,346,690
751,888,946,752,1122,552,2235,1853,1406,913,710,735,817,1302,2613,709,2449,2488,558,2829,2718,2901,2702,2441,634,1749,1313,1728,1115,606,2553,1059
751,801,752,1143,286,1327,546,817,1934,1592
751,946,986,1259,1812,2245,166,576,1744,1375,1112,2420,2455,1586,1313,2489,2390,2315,322,1944,2214,761,1645,1746,1290,664
751,888,1143,2788,265,82,469,2839,2454,2100,1050,1606,338,770,691,2361,116,663,1058,947,2242,1745,1726,1313,2545,678,2528,928,813
751,122,1105,2668,138,1624,636,1494,1443,2798,1741
751,801,752,1409,1411,242
756,888,752,799,124,1624,1251,244,2179,1093,688,1491
756,888,801,752,1005,136,2621,2635,2794,2782,1301,138,773,336,2363,1830,400,651,2488,47,2433,1742,2798,1745,1828
756,888,986,124,979,232,739,537,2717
756,888,946,752,1143,1043,960,976,2668,982,835,1827
756,801,903,752,1683,2859,1103,1697,850,992,148,490,309,1765,1325,2463
756,888,752,1029,821,669,1266,629,388,594,1060,679,777,2214,363,690
756,946,1143,1043,1088,1254,857,1493,904,1312,1313,2799,1313,492,2861,2187,2589,2453,2553,1059
756,801,799,1190,1476,1148,1692,2522
756,801,902,1683,911,2380,2377,1905,1071,2717
756,799,124,253,2841,46,2463
756,801,946,1143,2179,2442,2529,1690,391,1341,1701,2231,996,2400,661,1164,2349,640,1000,420,2192,365,2317,357,1110,2225,2317,322,2554
756,946,799,124,253,1515,2363,2728,448,47,1635,1774,1572,1908,2199,1410,1375,1112,2379,2174,1707,1765,2809,511,1563,1116,664
756,801,1143,288,769,180,1163,774,845,2611,998,2656,2762,1560,1744,1478,777,1055,649,2545,645,1811,108
756,888,801,1143,1399,1546,431,1763,2476,839,1813,1614,1852
756,888,986,913,1812,632,490,289,237
756,801,903,946,903,946,752,1005,269,2194,710,1778,2245,1637,633,2284,1347,1502,518,1852
756,888,801,122,2576,911,1812,151,1999,2737,375,1689,1677,2726,2804,1057,2429,2433,2429,2433,1742,1740,2122
756,888,122,2576,2788,265,732,2500,704,2196,671
756,946,801,839,2287,286,914,710,2461,47,1635,1536,1274,246,2231,2406,1302,282,897,2199,1369,769,323,1209,2393,2806,1283,2365
756,888,801,1143,287,1944,362,2214,761,653,2406,1061,2497,2361,409,1065,2883,2806,1283,1365,301,2717
756,801,1143,982,2738,108
756,888,752,799,1190,1624,169,221,2765,1579,2437,1187,430,1160,323,1115,2397,2305,611,558,2305,2421,1059
756,888,986,2576,135,2621,145,1385,835,2701,2354,1717,611,1115,2089,2088,677,2428,2088,761,357,1667
756,888,801,903,851,462,1957,1349,1342,2500,1299,1516,1553,2219,645,1057,1365,706,1570,167,242
756,888,752,2172,1441,111,1359,1356
756,801,1143,1195,1889,631,151,2746,447,1436,990,2183,583
756,888,752,1143,1395,245,1160,230,663,1702,1365,2442,2438,1701,2192,1751,1852
756,888,801,946,903,946,801,122,1190,1619,2858,1534,1545,939,708,782,848,2508,2485,472,1391,1361,608,678,1316,2538,813
756,888,752,288,960,2588,2635,686,2886,1768,923,1927,2693,819,1917,1329,2355
756,801,946,752,1278,1188,1108,2580,2607,1570,1690,2455,1828
756,888,799,124,2788,265,1138,1540,2870,230,1922,1306,2491,1540,1373,1128,816,817,1209,452,680,430,604,802,440,2510,985,1420,1852
756,888,903,902,1658,835,1542,2247,2872,78,185,192,1230,590,542
756,888,801,888,752,946,752,245,151,1089
756,888,888,801,1143,462,960,1015,1812,632,148,1686,2774,636,639,236,1092,252,1319,252,674,1606,1008,770,1180,1043,2746,1299,1798,2112,1569,2522
756,801,888,946,903,946,122,347,124,140,1439,2491,2105,629,491,604,382,378,704,1414,2218,509,1586,1811,108
756,801,1143,358,241,1473,710,2461,2411,2773,2485,1788,1852
756,801,1143,839,2287,1316,2549,2319,1635,507,2842,109,2233,357,592,1643,1782,361,1062,702,2422,2421,2391,1000,662,2325,323,1059
756,888,752,1029,1259,817,1934,1853,2441,2122
756,122,2576,1102,1867,1676,1687,1692,1725,2105,1677,2235,2499,1071,518,1852
756,888,1143,179,1079,2640,1917,1079,1176,575,2802,2316
756,888,1143,466,998,2828,842,150,2853,1809,1313,1312,1728,2346,634,2268,2087,941,863,2588,1367,575,2453,593
756,888,801,1143,2584,178,2521,2244,2722,2817,1138,1540,342,2448,1375,611,2862,2429,2612,2806,2806,1627,1745,2545,2813,1491
756,888,986,970,2782,912,1812,2760,2196,671
756,946,801,986,970,2796,775,1675,2777,2453,2229,1359,760,1345,372
756,946,752,1143,1399,529,2670,1767,2877,1955,1552,2849,963,1621,472,2229,646,617,1361,1711,2455,1478,1059
757,902,1896,1917,151,1320,2762,2553,1115,2397,1715,620,1157,761,653,2522
757,1143,2172,2030,1611,329,2711,2493,1355,544,1138,1019,386,788,710,1695,436,1438,1057,2404,1154,2119,2433,1742,2798,1745,2522
757,752,1143,2604,739,2786,2521,1195,550,1687,2893,631,1540,477,1599,2355
757,851,462,2775,709,2489,1822,467,1057,2404,361,2727,2534,1073,650,2501,2472,1065,448,828,361,1227,1645,1592
757,1143,1043,2484,1299,844,2768,652,701,2706,2455,1478,1361,2397,2397,45,2806,1283,709,1283,583
757,902,863,762,2601,1185,1619,632,1336,2225,596,651,998,2585,2548,2881
757,799,347,124,1101,629,800,1047,482,4,1137,1434,2543,2501,1346,1007,481,645,1638,677,1840,1249,1627,2798,1741
757,902,124,1624,1185,82,2796,2232,897,1872,1217,2112,1305,1717,397,611,1082,1822,2395,2459,1612,1547,2481,1792,1731
757,1143,2637,1557,960,2604,1084,301,1692,2459,1734,525,706,532,2481,1516,1442,1410,679,2798,1745,1725,1283,2806,47,1635,1088,2306,2275,2555,2672
757,851,1143,2723,1176,590,1230,411,299,2836,1814,1693,674,283,622,1694,2447,619,2400,323,1115,2428,1591,1425,162,2180,529,1404,477,1010,2463
757,799,979,2859,912,1259,817,2801,2461,1702,481,1443,1627,1627,1745,2545,2806,2300,2806,2806,2389,1243,1244,1283,2545,618,1692,2522
757,902,2588,2683,673,1320,1627,2798,1745,2190,2273,2428,409,322,2315,690
757,986,1105,815,536,2185,2378,2762,2805,2391,904,2806,1312,2837,2522
757,902,246,2231,2798,2221,2881
757,1143,851,2524,976,1355,2022,544,1560,2355
757,902,1440,2570,1705,839,1991,679,1627,1745,962,301,671
757,122,2576,2788,335,2723,462,728,1820,1707,1669,1599,1256,2805,1287,2420,621,1725,1283,47,1635,1135,685,1757,2307,709,2724
757,986,122,1105,2669,1136,590,2868,2389,1646,2718,2305,1556,2390,2553,393,2472,1065,2389,1646,2718,930,2718,2901,2697,2672
757,1143,1395,927,1922,2858,633,783,2532,2417,1091,1751,1665
757,851,778,562,831,562,2240,2001,1097,282,705,839,998,2656,1536,585,1002,150,1030,2766,1089
757,851,2723,586,673,2365
757,1143,1395,958,1089
757,752,2172,1143,2723,1213,1146,2199,1369,287,54,346,2868,1667
757,902,1143,2172,979,299,927,498,1116,2680
757,799,1301,136,1724,79,2481,1577,1406,1756,1142,947,1808,2426,648,2488,2422,904,2806,1627,1741
757,902,2731,261,1481,498,155
757,752,2849,632,309,725,254,723,1500,328,1500,1970,655
757,123,337,829,844,1908,344,920,433,2274,1532,1270,1543,2463
757,799,1193,2638,2382,739,2786,2229,646,1809,1478,777,1628,2393,1313,2545,1852
757,851,778,2384,562,586,528,1741
757,902,2731,288,840,1571,2897,2545,701,2320,2187,2625,2164,1057,2404,448,1777,2353,1778,2187,2625,1742,1740,621,1749,301,2774,2774,1692,2522
757,986,913,1577,1406,1751,1701,1628,1944,362,761,653,1852
757,903,752,976,960,1148,680,2418,2447,996,1569,309,1102,2356,486,364,1649,1320,166,2453,552,2245,1071,2463
757,851,2719,1582,1089
757,902,1571,1177,2737,679,1068,476,600,845,2609,973,2738,1077,2447,2164,1665
757,851,462,2719,778,2831,2465,1313,1270,824,1549,1708,1907,2199,1709,2835,2496,1112,2247,308,1828
757,851,462,2775,2351,2390,1063,2806,2613,2351,2390,2449,492,1313,2545,861,2798,1745,1725,2111,2488,467,2111,2431,2901,2702,813
757,902,1896,342,2448,2175,1376,643,957,151,1320,2354,2251,2862,2429,2612,2737,1287,1498,317,244,1795,372
757,902,871,1033,301,372
757,902,1813,1692,2522
757,902,871,976,983,1160,230,817,1475,1667
757,902,913,2363,2726,2447,1438,1715,1419,2538,813
757,851,462,922,1922,118,1317,2857,1108,1056,2094,143,1151,1444,1548,1699,2498,678,1059
757,902,1896,982,126,184,2817,573,1311,1356
757,902,1571,1177,317,1478,1628,1728,1115,2220
780,902,1440,2610,679,1677,436,1139,408,429,1180,1579,1194,450,1097,679,1809,1059
780,902,960,943,1410,1237,1078,1786,1071,1749,947,1745,2190,698,2873,580,2164,1679,1677,1077,2515,1867,1695,2508,2553,1475,678,1059
780,946,888,888,801,986,1259,710,2389,2351,2432,2433,1742,1742,1742,2242,2594
780,851,2723,728,308,1828
780,752,799,966,911,818,680,782,2333,90,323,1115,2322,1702,2394,2235,1077,1081,1593,1593,2769,928,813
780,1143,851,1143,841,1018,1078,1732,2374,2578,2808,1024,1733,673,2618,593
780,1143,1557,871,1204,1188,2680
780,986,2576,911,2363,2721,928,813
780,986,913,2361,1798,1375,1717,1536,1274,1755,2522
780,902,2179,1795,2179,2718,2901,2702,2431,2308,2415,2801,1715,1830,1934,400,2893,1138,1299,525,2496,1438,1058,1427,47,2433,1741
780,902,1143,536,1176,1599,54,2856,1811,649,1057,2390,2315,1667
780,752,913,1812,1675,557,1392,1237,1563,1701,2813,1491
780,902,2788,739,1609,338,447,1122,552,155
780,752,2756,1708,98,1705,2325,983,1432,1696,1775,1540,822,1707,1206,2496,2094,1840,2413,1833,2119,2433,1302,2428,2425,2860,2526,246,2196,671
780,1143,374,1434,447,423,2393,2805,47,2433,1745,1784,1725,317,1478,1665
780,902,134,2576,876,1128,1294,221,549,237
780,946,799,124,334,843,1436,424,476,2091,1464,1800,1048,2478,2164,594,108
780,902,2476,2207,1029,337,2600,1515,914,323,1728,1063,45,2351,2432,2351,2432,2390,397,1419,391,1646,2389,1066,1665
780,986,970,2812,866,319,1328,810,789,2292,2172,134,855,136,1515,1481,1286,1644,2493,1571,1611,2784,2798,1741
780,902,1683,2622,269,1476,2448,2380,2100,1438,1057,2316
780,986,347,1190,1476,2280,1615,843,1545,1450,1800,2478,1117,1869,961,1828
780,851,462,851,778,2680
780,902,1044,1639,472,1391,2397,2769,2397,1341,151,2084
780,946,122,347,124,1102,1116,309,1445,542
780,888,1143,2719,916,2871,642,1686,372
780,902,871,2735,919,2067,2377,1800,1792,1731
780,902,1571,2746,2497,1122,552,962,113,1659,1288,1751,1852
780,1143,769,1679,2285,2758,448,2389,1066,432,1060,323,1157,1585,1501,2764,1640,2798,1741
780,1143,2723,927,245,151,714,1494,56,2893,90,434,367,538,370,1736,90,1872,713,2265,2117,417,1316,2538,813
780,752,946,1143,1672,2245,1071,2463
780,752,986,913,818,1077,1299,1897,1692,1588,580,2164,1077,1897,2363,2807,2216,1643,761,1645,1592
780,902,835,667,1952,2219,1645,1592
780,946,888,1143,287,1665
780,986,124,334,843,1545,2272,2217,2570,1697,436,1376,1101,630,1685,687,1701,2813,2585,2229,635,1998,2813,1491
780,946,902,1896,1636,739,1483,820
780,799,347,799,140,1790,1676,1111,1820,476,936,187,1178,590,464,672,866,488,103,672,1328,867,488,846,908,2558
780,851,778,559,1349,1352,764,1089
780,902,288,1231,1657,1088,1242,1012,1511,2314,1018,1078,1058,1313,2489,2775,2829,928,813
780,752,871,2521,1188,221,1949,1534,2400,1424,1262,1897,323,1060,2217,2570,1440,1268,698,1359,2871,760,495,1311,1356
780,902,1143,2719,942,1922,664
780,902,2609,871,2723,764,44,195,2808,2819,2683,145,551,820
780,1143,2290,430,2388,379,1420,1421,1751,1621,472,357,1645,1592
780,902,395,2528,2505,2843,661,476,2165,1215,749,1316,2795,587,1151,1671,1226,1186,1226,2140,485,1183,1203
780,986,1105,2669,814,1614,1621,472,1852
940,888,1143,286,993,1405,2601,2386,1551,2378,1922,2858,2765,378,2266,1438,1715,1043,1657,2737,2553,1823,1823,1057,1115,1221,1065,2806,2365
940,801,902,107,1143,839,857,2181,2586,2181,2586,2181,2586,2181,2586,1283,583
940,888,752,2172,2756,1353,2735,2512,383,1258,1071,518,1570,2455,1828
940,888,839,2287,232,124,1624,140,168,251,816,323,1061,47,1635,2319,2700,2829,2718,2901,2697,2672
940,946,888,986,2576,2194,511,2445,661,1438,1585,1711,2804,1711,904,2389,1243,1754,2242,1741
940,888,752,299,2238,728,2448,1218,309,1445,1605,655
940,946,986,1259,323,2105,2737,629,1020,2437,2480,2832,621,1725,155
940,801,888,752,134,1921,498,1325,2858,1687,155
940,888,801,946,946,122,1190,1473,710,385,2758,2727,2534,2240,359,408,450,436,1707,1260,1606,754,1250,486,537,2463
940,888,821,337,135,1122,1100,546,1327,1259,2363,282,898,2763,705,839,2845,2225,1065,2806,1283,2806,46,1627,1745,1828
940,888,1143,288,1405,84,2490,1424,302,537,1071,1749,614,509,108
940,888,752,976,2604,139,2759,2244,2588,987,2836,593
940,946,888,986,913,1515,2448,1262,1552,54,346,690
940,902,536,2179,2712,2842,2770,467,1057,2485,1644,1752,1828
940,946,986,1259,2363,1209,2218,2216,518,2463
940,888,752,976,2668,966,913,2361,356,651,1263,2772,1246,481,981,2798,1741
940,888,946,752,1954,764,1381,2300,2485,1742,1741
940,888,946,888,801,839,2225,2317,478,2425,2489,1082,2612,2310,709,1283,1667
940,801,1143,778,2775,709,1823,2488,832,1949,630,708,1710,917,2037,2099,2162,2117,804,1282,2763,2112,1112,396,1480,2397,2395,2459,1942,928,813
940,946,752,976,1613,732,1619,2713,1614,1852
940,946,122,1105,1259,663,2363,2498,703,282,786,2459,2543,187,449,1364,990,764,664
940,888,801,801,946,902,1571,2614,2268,1853,2513,2843,323,1215,587,834,974,2443,1590,1620,1751,1651,2554
940,888,752,976,2668,966,913,816,1481,2380,749,1690,1556,2489,2421,1556,45,2548,1703,2845,2225,947,1745,1725,1243,1244,1243,1244,2881
940,799,966,1259,1812,2760,2774,204,1548,1792,2709,1392,1539,2215,2583,2896,1637,168,748,2357,486,699,758,221,2357,364,2355
940,801,902,2756,2453,2229,635,688,1491
940,888,946,752,299,181,1413,1776,2800,562,2775,2829,2718,2901,2702,2430,47,2433,2429,2612,2706,2118,2463
940,946,752,124,140,169,168,486,1223,2084
940,122,1190,2258,169,2759,337,1253,814,2858,408,2192,2361,1077,1897,2363,1443,368,323,2397,2485,1044,1813,2403
940,946,902,913,814,1481,2858,420,371,1699,421,652,2767,614,1627,1244,1283,2806,2613,2489,558,2390,2612,709,2488,2398,2554
940,902,871,960,2756,716,1921,1327,1870,83,1376,629,344,2269,1469,2330,427,1565,1792,531
940,801,946,1143,137,227,985,1553,2219,981,2240,2216,2426,648,591,365,1075,1057,2613,2862,2429,2612,2421,397,2316
940,888,752,1896,149,287,1813,1692,2522
940,946,902,1278,1395,927,728,1430,2456,2363,826,1081,1082,47,1635,1536,1222,2594
940,888,801,986,970,261,710,2461,2389,2769,928,2672
940,801,888,801,1143,851,462,851,1195,919,245,643,2858,2492,954,703,767,1685,2093,1715,393,2718,2901,2718,930,1341,1756,2585,688,1491
940,946,888,946,801,839,2845,2360,1756,2585,646,1809,1478,1628,2393,2806,904,1702,904,2613,1821,2317,357,591,649,1638,322,322,596,2472,596,2554
940,888,902,752,342,1485,283,598,430,687,1614,1744,1478,928,2672
940,946,752,122,2576,253,1869,2196,671
1245,977,849,480,410,1376,957,775,1306,1262,1691,2387,56,2773,1516,1432,865,282,837,1211,282,2437,1694,1689,2406,1703,2087,941,1432,1493,1822,2554
1245,977,1213,462,2693,965,1349,2564,2865,1664,1852
1245,977,812,81,2574,2588,769,663,476,2479,1021,2497,817,912,323,1059
1245,2598,921,847,125,1282,417,705,388,2408,1712,155
1245,2598,849,456,2286,456,993,59,1109,298,151,486,1223,2084
1245,2598,847,1437,146,954,2496,1770,1306,2490,2380,283,838,187,865,1315,1478,594,2371,242
1245,977,776,812,2114,850,1687,2893,1071,2463
1245,2598,847,1499,1218,850,408,1434,2497,1122,1692,259,1539,670,1888,2858,1687,1686,155
1245,2598,1146,938,1574,1113,1697,378,2175,1438,1057,828,88,1267,1287,1740,1756,1647,2397,2554
1245,977,812,2173,2454,1563,143,1614,2735,973,379,283,1494,2285,2449,2119,2433,1741
1245,977,977,61,1566,898,705,1059
1245,977,847,1499,2094,2105,2515,287,2088,589,2233,362,761,2428,1643,2419,478,690
1245,2598,61,456,1574,863,1024,1329,1762,1697,1694,143,1563,2454,2174,630,1540,245,1262,408,450,1097,436,309,724,725,1623,309,699,537,155
1245,977,812,1357,934,2240,2226,1227,1312,2545,1726,1627,2798,1741
1245,2598,812,2175,1707,1505,754,1257,412,1348,1089
1245,977,776,1146,462,2453,576,2453,528,1741
1245,2598,977,1146,2723,2741,2321,1725,1378,308,1116,204,1186,194,193,2774,372
1245,977,1146,2863,1384,1518,302,1599,1949,783,2532,769,1695,408,450,366,408,1434,109,2813,635,688,2585,2813,1491
1245,977,847,1574,871,433,1769,1511,1250,1008,1229,185,192,542
1245,2598,977,847,898,2201,2199,1705,282,1772,2199,1282,1707,498,155
1245,2598,977,2598,977,1213,462,2453,835,1824,2805,2433,1742,1742,2433,1741
1245,2598,466,1224,2794,2817,673,2245,2717
1245,2598,847,431,1922,151,2680
1245,2598,2598,1146,1266,108
1245,977,1146,97,1647,2397,1077,1897,710,2485,538,2533,1991,1299,417,419,782,2192,1944,2667,357,2315,1645,1592
1245,2598,2598,776,977,1146,1381,1356
1245,977,2598,812,821,1253,1190,1619,963,1820,476,374,845,1253,815,966,1259,943,371,963,1553,1759,1431,371,1116,1256,2455,2522
1245,2598,847,1146,2180,2679,893,934,958,944,1922,1922,664
1245,2598,977,1146,1266,2111,2488,1593,1057,828,2087,2548,2881
1245,2173,849,1120,2175,2114,1078,1139,2765,2380,1097,1299,525,1942,511,817,2801,620,1215,378,1707,1286,1482,2196,671
1245,2598,977,2598,847,1213,462,2682,1001,148,1949,90,1471,323,2406,1302,1645,1592
1245,2598,466,998,839,2845,1003,471,2346,2511,2472,1214,1065,1322,2353,47,1635,1852
1245,2598,2598,61,1120,454,717,417,619,2508,1628,2893,252,2491,1008,2448,1608,378,2447,1214,1665
1245,977,847,898,951,427,187,1702,2804,645,1638,1811,2645
1245,977,61,762,503,1070,1071,2459,807,2741,1278,1954,1408,2721,1699,2406,2397,407,187,353,865,47,1635,2319,2700,2829,2718,2901,2697,2672
1245,849,1396,1358,470,78,185,1445,542
1245,977,2598,977,1146,1549,955,1574,1724,161,1888,151,1686,372
1245,2598,812,921,2756,299,1571,2897,2640,2640,2228,2604,56,2891,2425,2860,2586,1283,1667
1245,977,847,1212,2173,849,469,2178,2286,676,1311,2221,1651,2554
2204,801,752,124,2638,2849,151,1633,372
2204,946,752,2172,124,1029,299,1188,81,246,2231,1627,1543,2463
2204,801,752,913,1122,1696,1071,1749,947,2316
2204,888,1143,851,462,1176,586,575,1339,2541,1044,1391,1059
2204,888,799,2576,2194,552,664
2204,122,1301,1193,395,2638,944,2858,2105,2858,1019,423,460,1427,2728,2413,2533,436,1695,1436,1619,2858,167,192,1201,187,449,1731
2204,801,1143,1395,1409,2232,1734,705,653,1338,1279,1853,2596,1019,1326,452,368,704,2810,371,1130,1319,2196,1692,2522
2204,888,1143,1074,685,1757,1706,1501,2234,1761,2865,1483,1637,2713,663,1695,1694,1376,1286,2702,1406,1577,1432,1762,1272,2447,2361,400,2245,2680
2204,801,1143,2584,2733,2846,2646,1761,1725,2463
2204,888,122,1301,269,136,1185,1515,1485,1545,788,769,661,476,2342,1463,705,187,802,593
2204,888,752,299,943,2380,1678,2380,1326,1545,717,848,1545,1471,388,2325,661,116,570,1299,2773,2112,1316,2549,2724
2204,888,752,123,1304,337,135,269,1499,1438,1478,1059
2204,903,902,2588,2369,286,1519,1775,143,2491,803,449,1792,1617
2204,801,799,124,340,1476,1525,961,1759,1813,1692,2455,1690,2421,2305,467,649,1638,2214,2043,2488,558,2455,1828
2204,799,124,1101,664
2204,888,801,903,752,913,1812,632,148,1905,704,302,2583,1761,1911,2447,1063,2554
2204,801,1143,841,1384,2496,1081,2511,2485,1588,1741
2204,752,1683,358,1099,855,337,913,2363,1443,594,518,1071,1692,1588,2554
2204,801,888,821,1224,2481,1372,1908,1043,1399,841,1512,1820,1071,1621,518,2463
2204,888,986,752,1179,2637,1446,1657,1616,2852,2417,1774,1244,1821,709,2488,1593,1057,2404,2373,323,2245,1320,580,2555,2829,928,2672
2204,799,912,2192,1751,1852
2204,801,902,1143,288,1399,1282,704,1288,766,2321,1725,1726,2798,1741
2204,888,123,1105,838,2383,1657,840,2194,1692,2522
2204,902,124,1101,1424,2491,252,1116,2284,115,1922,663,2363,1078,368,679,1475,1667
2204,801,946,902,1683,911,730,680,380,381,180,1211,803,1047,1038,1171,2329,367,388,1316,109,1316,1406,1493,2488,2769,928,2724
2204,902,2611,2417,1705,2746,2245,1089
2204,946,902,913,2363,2807,1115,2489,2398,2769,928,2672
2204,801,1143,2475,174,2244,1599,1116,300
2204,752,1143,1395,246,151,1692,2522
2204,888,752,976,547,1356
2204,946,1143,841,769,2497,342,2380,679,1627,2798,1745,2507,2219,861,947,645,1638,518,1071,1692,2522
2204,801,888,839,2641,698,728,1820,2442,1222,2594
2204,799,1190,1473,1812,2196,1633,166,562,2775,662,2406,2305,2422,2608,2305,558,407,388,2199,1270,2785,1354,2618,1649,486,537,155
2204,888,801,752,1143,2179,664
2204,903,946,888,1143,1043,1657,1903,2030,2611,998,621,2455,2522
2204,799,124,265,128,2726,2801,1443,1628,2086,1903,1353,2756,1708,2541,2392,2485,1788,852,1391,1475,45,1115,1645,1592
2204,801,946,752,970,261,817,1715,1026,2511,1313,824,2706,2118,2463
2204,801,1143,545,148,490,666,222,1420,1288,963,1756,2702,2901,2702,813
2204,801,903,851,2719,2680
