,0,1,2,3,4
29,0,0.0,0.0,1.0,0
37365,0,0.0,0.0,1.0,0
40045,0,0.0,0.0,1.0,0
40152,0,0.0,0.0,1.0,0
677717,0,0.0,0.0,1.0,0
766246,0,0.0,0.0,1.0,0
855719,0,1.0,1.0,2.0,1
858479,0,1.0,1.0,2.0,0
865151,0,1.0,1.0,2.0,1
867393,0,0.0,0.0,1.0,0
869360,0,0.0,0.0,1.0,0
891237,0,2.0,,,0
900032,0,0.0,0.0,1.0,0
902038,0,0.0,0.0,1.0,0
902877,0,0.0,0.0,1.0,0
945309,0,1.0,,,1
946481,0,0.0,0.0,1.0,0
992646,0,1.0,1.0,2.0,1
1011675,0,0.0,0.0,3.0,0
1065967,0,0.0,0.0,1.0,0
1137946,0,0.0,0.0,1.0,0
1141813,0,0.0,0.0,1.0,0
1347886,0,1.0,1.0,2.0,1
1351125,0,1.0,1.0,4.0,1
1367171,0,0.0,0.0,5.0,0
1375101,0,3.0,2.0,6.0,0
1377586,0,0.0,,,0
1391179,0,0.0,0.0,1.0,0
1392771,0,0.0,3.0,7.0,0
1395971,0,0.0,0.0,1.0,0
1398253,0,0.0,0.0,1.0,0
1400725,0,0.0,4.0,8.0,0
1405493,0,0.0,0.0,0.0,0
1406463,0,0.0,0.0,9.0,0
1414206,0,0.0,2.0,,0
1415168,0,1.0,1.0,4.0,1
1419315,0,1.0,1.0,2.0,1
1427012,0,1.0,1.0,,1
1428271,0,1.0,,,1
1429969,0,,,,1
1431256,0,1.0,1.0,,1
1432836,0,1.0,,,1
1435466,0,3.0,,,1
1591270,0,0.0,0.0,1.0,0
1591351,0,0.0,0.0,1.0,0
1622901,0,0.0,0.0,1.0,0
1646076,0,0.0,0.0,1.0,0
1678567,0,0.0,0.0,1.0,0
1679034,0,0.0,0.0,1.0,0
1706716,0,0.0,0.0,1.0,0
1709802,1,,,,2
1715990,0,0.0,0.0,1.0,0
1805406,0,0.0,0.0,1.0,0
1805418,0,0.0,0.0,1.0,0
1805669,0,0.0,0.0,1.0,0
1856512,0,0.0,0.0,1.0,0
1868538,0,0.0,0.0,1.0,0
1924051,0,1.0,1.0,2.0,1
1961182,0,0.0,0.0,1.0,0
2142817,0,0.0,0.0,1.0,0
2200028,0,0.0,0.0,1.0,0
2204467,0,0.0,0.0,1.0,0
2206279,0,0.0,0.0,1.0,0
2209091,0,0.0,0.0,1.0,0
2215247,0,0.0,0.0,1.0,0
2215447,0,0.0,0.0,1.0,0
2215622,0,0.0,0.0,1.0,0
2216131,0,0.0,0.0,1.0,0
2216187,0,0.0,0.0,1.0,0
2216445,0,0.0,0.0,1.0,0
2260755,0,0.0,5.0,10.0,0
2268281,2,4.0,,,3
2283495,0,0.0,0.0,1.0,0
2284021,0,0.0,0.0,1.0,0
2305234,2,4.0,,,3
2340336,0,0.0,0.0,1.0,0
2355126,0,0.0,0.0,1.0,0
2357110,0,0.0,0.0,1.0,0
2369444,0,0.0,0.0,1.0,0
2379529,0,0.0,0.0,1.0,0
2379544,0,0.0,0.0,1.0,0
2438653,0,0.0,0.0,1.0,0
2439067,0,0.0,0.0,1.0,0
2439134,0,0.0,0.0,1.0,0
2439150,0,0.0,0.0,1.0,0
2456826,0,0.0,0.0,1.0,0
2495308,2,4.0,,,3
2504517,0,0.0,0.0,1.0,0
2505266,0,0.0,0.0,1.0,0
2505675,2,4.0,,,3
2506050,0,0.0,0.0,1.0,0
2512602,0,0.0,0.0,1.0,0
2524026,2,4.0,,,3
2532841,0,0.0,0.0,1.0,0
2544902,0,0.0,0.0,1.0,0
2552701,0,0.0,0.0,1.0,0
2557644,0,0.0,0.0,1.0,0
2568465,0,0.0,0.0,1.0,0
2568522,0,0.0,0.0,1.0,0
2571761,0,0.0,0.0,1.0,0
2582391,0,0.0,0.0,1.0,0
2584838,0,0.0,0.0,1.0,0
2597151,0,0.0,0.0,1.0,0
2608843,0,0.0,0.0,1.0,0
2610744,0,0.0,0.0,1.0,0
2611805,0,0.0,0.0,1.0,0
2612527,0,0.0,0.0,1.0,0
2628785,0,0.0,0.0,1.0,0
2648254,0,0.0,0.0,1.0,0
2650887,0,0.0,0.0,1.0,0
2652641,0,0.0,0.0,1.0,0
2655798,0,0.0,0.0,1.0,0
2659386,0,0.0,0.0,1.0,0
2659504,0,0.0,0.0,1.0,0
2663649,0,0.0,0.0,1.0,0
2667061,0,0.0,0.0,1.0,0
2667980,0,0.0,0.0,1.0,0
2669331,0,0.0,0.0,1.0,0
2669844,0,0.0,0.0,1.0,0
2670619,0,0.0,0.0,1.0,0
2772093,0,0.0,0.0,1.0,0
2775707,0,0.0,0.0,1.0,0
2775943,0,0.0,0.0,1.0,0
2776773,0,0.0,0.0,1.0,0
2797480,0,0.0,0.0,1.0,0
2846555,0,0.0,0.0,1.0,0
2852273,0,0.0,0.0,1.0,0
2854715,0,0.0,0.0,1.0,0
2878185,0,0.0,0.0,1.0,0
2881070,0,0.0,0.0,1.0,0
2885630,0,0.0,0.0,1.0,0
2910892,0,0.0,0.0,,0
2911847,0,0.0,0.0,1.0,0
2914206,0,0.0,0.0,1.0,0
2920061,0,0.0,0.0,1.0,0
2920554,0,0.0,0.0,1.0,0
2921933,0,0.0,0.0,1.0,0
2932028,0,0.0,0.0,1.0,0
2935173,0,0.0,0.0,1.0,0
2935198,0,0.0,0.0,1.0,0
2963280,0,0.0,0.0,1.0,0
2964760,0,0.0,0.0,1.0,0
2966602,0,0.0,0.0,1.0,0
2979486,0,0.0,0.0,1.0,0
2979675,0,0.0,0.0,1.0,0
2988292,0,0.0,0.0,1.0,0
3002410,0,0.0,0.0,1.0,0
3009700,0,0.0,0.0,1.0,0
3010486,0,0.0,0.0,1.0,0
3021609,0,0.0,0.0,1.0,0
3027876,0,0.0,0.0,1.0,0
3032520,2,,,,1
3036249,2,4.0,,,3
3043970,0,0.0,0.0,1.0,0
3044500,0,0.0,0.0,1.0,0
3046503,0,0.0,0.0,1.0,0
3048606,0,0.0,0.0,1.0,0
3050645,2,4.0,,,3
3054101,0,0.0,0.0,1.0,0
3058132,0,0.0,0.0,1.0,0
3060480,0,0.0,0.0,1.0,0
3061422,0,0.0,0.0,1.0,0
3071301,0,0.0,0.0,1.0,0
3122533,0,0.0,0.0,1.0,0
3123905,0,0.0,6.0,11.0,0
3149791,0,0.0,0.0,1.0,0
3157405,0,0.0,0.0,1.0,0
3158085,0,0.0,0.0,1.0,0
3158123,0,0.0,0.0,1.0,0
3158543,0,0.0,0.0,1.0,0
3166745,0,0.0,0.0,1.0,0
3166836,0,0.0,0.0,1.0,0
3167039,0,0.0,0.0,1.0,0
3180681,0,0.0,0.0,1.0,0
3182103,0,0.0,0.0,1.0,0
3192952,0,,,,1
3199456,0,0.0,0.0,1.0,0
3232277,0,0.0,0.0,1.0,0
3232808,0,0.0,0.0,1.0,0
3234817,0,0.0,0.0,1.0,0
3235409,0,0.0,0.0,1.0,0
3251140,0,0.0,0.0,1.0,0
3267019,2,,,,3
3272218,0,0.0,0.0,1.0,0
3276003,0,0.0,0.0,1.0,0
3281684,0,0.0,0.0,1.0,0
3299214,0,0.0,0.0,1.0,0
3347708,0,0.0,0.0,1.0,0
3347834,0,0.0,0.0,1.0,0
3410499,0,0.0,0.0,1.0,0
3410506,0,0.0,0.0,1.0,0
3414508,0,0.0,0.0,1.0,0
3420915,0,0.0,0.0,1.0,0
3436420,0,0.0,0.0,1.0,0
3450442,0,0.0,0.0,1.0,0
3450751,0,0.0,0.0,1.0,0
3464773,0,0.0,0.0,1.0,0
3465659,0,0.0,0.0,1.0,0
3486381,0,0.0,0.0,1.0,0
3486867,0,0.0,0.0,1.0,0
3486950,0,0.0,0.0,1.0,0
3487306,0,0.0,0.0,1.0,0
3497901,0,0.0,0.0,1.0,0
3498479,0,0.0,0.0,1.0,0
3511996,0,0.0,0.0,1.0,0
3522293,0,0.0,0.0,1.0,0
3538129,0,0.0,0.0,1.0,0
3539170,0,0.0,0.0,1.0,0
3543931,0,0.0,0.0,1.0,0
3547397,0,0.0,0.0,1.0,0
3556191,0,0.0,0.0,10.0,0
3561724,0,0.0,0.0,1.0,0
3562954,2,4.0,,,3
3586984,0,0.0,0.0,1.0,0
3587612,0,0.0,0.0,1.0,0
3592997,0,0.0,0.0,1.0,0
3595837,0,0.0,0.0,1.0,0
3598000,0,0.0,0.0,1.0,0
3608397,0,0.0,0.0,1.0,0
3609202,0,0.0,0.0,1.0,0
3620633,0,0.0,0.0,1.0,0
3622234,0,0.0,0.0,1.0,0
3639968,0,0.0,0.0,1.0,0
3650006,0,0.0,0.0,1.0,0
3650600,0,0.0,0.0,1.0,0
3652587,0,0.0,0.0,1.0,0
3664102,0,0.0,0.0,1.0,0
3690921,0,0.0,0.0,1.0,0
3694515,0,0.0,0.0,1.0,0
3707204,0,0.0,0.0,1.0,0
3708875,0,0.0,0.0,1.0,0
3712893,0,0.0,0.0,1.0,0
3716797,0,0.0,0.0,1.0,0
3726990,0,0.0,0.0,1.0,0
3727004,0,5.0,,,0
3727026,0,,,,0
3729496,0,0.0,0.0,1.0,0
3729504,0,0.0,0.0,1.0,0
3732322,0,1.0,1.0,2.0,1
3736500,0,0.0,0.0,1.0,0
3756659,0,0.0,0.0,1.0,0
3762317,0,0.0,0.0,1.0,0
3762787,0,0.0,0.0,1.0,0
3764792,0,0.0,0.0,1.0,0
3765728,0,0.0,0.0,1.0,0
3765735,0,0.0,0.0,1.0,0
3768025,0,0.0,0.0,1.0,0
3771794,0,0.0,0.0,1.0,0
3774568,0,0.0,0.0,1.0,0
3790004,0,0.0,0.0,1.0,0
3793681,0,0.0,0.0,1.0,0
3793760,0,0.0,0.0,1.0,0
3794023,0,0.0,0.0,1.0,0
3795424,0,2.0,7.0,12.0,0
3795498,0,0.0,0.0,1.0,0
3797420,0,1.0,1.0,2.0,1
3806573,0,0.0,0.0,1.0,0
3806652,0,0.0,0.0,1.0,0
3813487,0,0.0,0.0,1.0,0
3813723,0,0.0,0.0,1.0,0
3814175,0,0.0,0.0,1.0,0
3814635,0,0.0,0.0,1.0,0
3814651,0,0.0,0.0,1.0,0
3814701,0,0.0,0.0,1.0,0
3814853,0,0.0,0.0,1.0,0
3819157,0,0.0,0.0,1.0,0
3819171,0,0.0,0.0,1.0,0
3819859,0,0.0,0.0,1.0,0
3820148,0,0.0,0.0,1.0,0
3822523,0,0.0,0.0,1.0,0
3827211,0,0.0,0.0,1.0,0
3840345,0,0.0,0.0,1.0,0
3844799,0,0.0,0.0,1.0,0
3844961,0,0.0,0.0,1.0,0
3848843,0,0.0,0.0,1.0,0
3862443,0,0.0,0.0,1.0,0
3865952,0,0.0,0.0,1.0,0
3869488,0,0.0,0.0,1.0,0
3872653,0,0.0,0.0,1.0,0
3882998,0,0.0,0.0,13.0,0
3885215,0,0.0,0.0,1.0,0
3886356,0,0.0,0.0,1.0,0
3890028,0,0.0,0.0,1.0,0
3893195,0,0.0,0.0,1.0,0
3896629,0,0.0,0.0,1.0,0
3913613,0,0.0,0.0,1.0,0
3913620,0,0.0,0.0,1.0,0
3913629,0,0.0,0.0,1.0,0
3915835,0,0.0,0.0,14.0,0
3925724,0,0.0,0.0,1.0,0
3926438,0,0.0,0.0,1.0,0
3926669,0,0.0,0.0,15.0,0
3926904,0,0.0,0.0,16.0,0
3928522,0,0.0,0.0,1.0,0
3928574,0,0.0,0.0,1.0,0
3928652,0,0.0,0.0,1.0,0
3930411,0,0.0,0.0,1.0,0
3931398,0,0.0,0.0,1.0,0
3932136,0,0.0,0.0,1.0,0
3944330,0,0.0,0.0,17.0,0
3944626,0,0.0,0.0,1.0,0
3945136,0,0.0,0.0,1.0,0
3945225,0,0.0,0.0,1.0,0
3945232,0,0.0,0.0,1.0,0
3945246,0,0.0,0.0,1.0,0
3945394,0,0.0,0.0,1.0,0
3945454,0,0.0,0.0,1.0,0
3945756,0,0.0,0.0,1.0,0
3946166,0,0.0,0.0,1.0,0
3946364,0,0.0,0.0,1.0,0
3946432,0,0.0,0.0,1.0,0
3946569,0,0.0,0.0,1.0,0
3954014,0,0.0,0.0,1.0,0
3958234,0,0.0,0.0,1.0,0
3963891,0,0.0,0.0,1.0,0
3966683,0,0.0,0.0,1.0,0
3979181,0,0.0,0.0,1.0,0
3980315,0,0.0,0.0,1.0,0
3985829,0,0.0,0.0,1.0,0
3991518,0,0.0,0.0,1.0,0
4017089,0,0.0,8.0,,0
4017464,0,0.0,0.0,1.0,0
4022539,0,0.0,0.0,1.0,0
4023881,0,0.0,0.0,1.0,0
4030526,2,4.0,,,3
4044654,3,6.0,,,4
4059758,2,,,,3
4061049,0,2.0,,,0
4067286,0,0.0,0.0,1.0,0
4073353,0,0.0,0.0,1.0,0
4076389,0,0.0,0.0,1.0,0
4096703,2,,,,3
4097554,0,0.0,0.0,1.0,0
4099900,0,0.0,0.0,1.0,0
4101295,0,0.0,0.0,1.0,0
4101621,0,0.0,0.0,1.0,0
4102413,0,0.0,0.0,1.0,0
4103336,0,0.0,0.0,1.0,0
4108016,0,0.0,0.0,1.0,0
4108720,0,0.0,0.0,1.0,0
4110483,0,0.0,0.0,18.0,0
4114133,0,0.0,0.0,1.0,0
4116174,0,0.0,0.0,1.0,0
4117305,0,0.0,0.0,1.0,0
4119387,0,0.0,0.0,1.0,0
4127096,0,0.0,0.0,1.0,0
4127707,0,0.0,0.0,1.0,0
4127926,0,0.0,0.0,1.0,0
4127938,0,0.0,0.0,1.0,0
4127944,0,0.0,0.0,1.0,0
4128002,0,0.0,0.0,1.0,0
4130960,0,0.0,0.0,1.0,0
4134539,0,0.0,0.0,1.0,0
4142619,0,0.0,0.0,1.0,0
4144377,0,0.0,0.0,1.0,0
4152020,0,0.0,0.0,1.0,0
4152272,0,0.0,0.0,1.0,0
4154421,0,0.0,0.0,1.0,0
4173633,0,0.0,0.0,1.0,0
4180774,0,0.0,0.0,1.0,0
4185530,0,0.0,0.0,1.0,0
4188290,0,0.0,0.0,1.0,0
4188325,0,0.0,0.0,1.0,0
4190567,0,0.0,0.0,1.0,0
4195012,0,0.0,0.0,1.0,0
4199033,0,0.0,0.0,1.0,0
4201020,0,0.0,0.0,1.0,0
4201555,0,0.0,0.0,1.0,0
4214582,0,0.0,0.0,1.0,0
4215611,0,0.0,0.0,1.0,0
4227304,0,0.0,0.0,1.0,0
4227544,0,0.0,0.0,1.0,0
4227831,0,0.0,0.0,1.0,0
4227880,0,0.0,0.0,1.0,0
4228105,0,0.0,0.0,1.0,0
4228119,0,0.0,0.0,1.0,0
4229950,0,0.0,0.0,1.0,0
4230061,0,0.0,0.0,1.0,0
4230739,0,0.0,0.0,1.0,0
4230749,0,0.0,0.0,1.0,0
4234009,0,0.0,0.0,1.0,0
4234016,0,0.0,0.0,1.0,0
4234559,0,0.0,0.0,1.0,0
4235139,0,0.0,0.0,1.0,0
4241192,0,0.0,0.0,1.0,0
4241237,0,0.0,0.0,1.0,0
4247099,0,0.0,0.0,1.0,0
4260935,0,0.0,0.0,1.0,0
4274518,0,0.0,0.0,1.0,0
4279887,0,0.0,0.0,1.0,0
4311241,0,0.0,0.0,1.0,0
4311586,0,0.0,0.0,1.0,0
4319395,0,0.0,0.0,1.0,0
4324479,0,0.0,0.0,1.0,0
4324567,0,0.0,0.0,1.0,0
4324898,0,0.0,0.0,1.0,0
4327684,0,0.0,0.0,1.0,0
4337398,0,0.0,0.0,1.0,0
4338596,0,0.0,0.0,1.0,0
4346154,0,0.0,0.0,1.0,0
4354933,0,0.0,0.0,1.0,0
4363883,0,2.0,7.0,,0
4379508,0,0.0,0.0,1.0,0
4379603,0,0.0,0.0,1.0,0
4381129,0,0.0,0.0,1.0,0
4381377,0,0.0,0.0,1.0,0
4390116,0,0.0,0.0,1.0,0
4391317,0,0.0,0.0,1.0,0
4391978,0,0.0,0.0,1.0,0
4393026,0,0.0,0.0,1.0,0
4393049,0,0.0,0.0,1.0,0
4393350,0,0.0,0.0,1.0,0
4398543,0,0.0,0.0,1.0,0
4400767,0,0.0,0.0,5.0,0
4401350,0,0.0,0.0,1.0,0
4408362,0,0.0,0.0,1.0,0
4408369,0,0.0,0.0,1.0,0
4408397,0,0.0,0.0,1.0,0
4409374,0,0.0,0.0,1.0,0
4411505,0,0.0,0.0,1.0,0
4411542,0,0.0,0.0,1.0,0
4411688,0,0.0,0.0,1.0,0
4412036,0,0.0,0.0,1.0,0
4412315,0,0.0,0.0,1.0,0
4414163,0,0.0,0.0,1.0,0
4414184,0,0.0,0.0,1.0,0
4414426,0,0.0,0.0,1.0,0
4415241,0,0.0,0.0,1.0,0
4422289,0,0.0,0.0,1.0,0
4433197,0,0.0,0.0,1.0,0
4433960,0,0.0,0.0,1.0,0
4444354,0,0.0,0.0,1.0,0
4453485,0,0.0,0.0,1.0,0
4473922,0,0.0,0.0,1.0,0
4493199,0,0.0,0.0,1.0,0
4506509,0,0.0,0.0,1.0,0
4507955,0,0.0,0.0,19.0,0
4514494,0,0.0,0.0,1.0,0
4515496,0,0.0,0.0,1.0,0
4518546,0,0.0,0.0,1.0,0
4523584,0,0.0,0.0,1.0,0
4523803,0,0.0,0.0,1.0,0
4541081,0,1.0,,,0
4570270,0,0.0,0.0,1.0,0
4575178,0,0.0,0.0,1.0,0
4591713,0,0.0,0.0,1.0,0
4598109,0,0.0,0.0,1.0,0
4598363,0,0.0,0.0,1.0,0
4607160,0,0.0,0.0,1.0,0
4617479,0,0.0,0.0,1.0,0
4620453,0,0.0,0.0,1.0,0
4635057,0,0.0,0.0,1.0,0
4636432,0,0.0,0.0,1.0,0
4637677,0,0.0,0.0,1.0,0
4651929,0,0.0,0.0,1.0,0
4664256,0,0.0,0.0,1.0,0
4665186,0,0.0,0.0,1.0,0
4665627,0,0.0,0.0,1.0,0
4679139,0,0.0,0.0,1.0,0
4680995,0,0.0,0.0,1.0,0
4700078,0,0.0,0.0,1.0,0
4700182,0,0.0,0.0,1.0,0
4721087,0,0.0,0.0,1.0,0
4721538,0,0.0,0.0,1.0,0
4749004,0,0.0,0.0,1.0,0
4778745,0,0.0,0.0,1.0,0
4780707,0,0.0,0.0,1.0,0
4785242,0,0.0,0.0,1.0,0
4812481,0,0.0,0.0,1.0,0
4847079,0,0.0,0.0,1.0,0
4849988,0,0.0,0.0,1.0,0
4876704,0,0.0,0.0,1.0,0
4876839,0,0.0,0.0,1.0,0
4884579,0,0.0,0.0,1.0,0
4901087,0,0.0,0.0,1.0,0
4917442,0,0.0,0.0,1.0,0
4919895,0,0.0,0.0,1.0,0
4926999,0,0.0,0.0,1.0,0
4966994,0,0.0,0.0,1.0,0
4982172,0,0.0,0.0,1.0,0
4983938,0,0.0,0.0,1.0,0
4985759,0,0.0,0.0,1.0,0
4991243,0,0.0,0.0,1.0,0
5010581,0,0.0,0.0,1.0,0
5019924,0,0.0,0.0,1.0,0
5030808,0,0.0,0.0,1.0,0
5033480,0,0.0,0.0,1.0,0
5038920,0,0.0,0.0,1.0,0
5051342,0,0.0,0.0,1.0,0
5052370,0,0.0,0.0,1.0,0
5053417,0,0.0,0.0,1.0,0
5057916,2,,,,3
5080991,0,0.0,0.0,1.0,0
5088293,0,0.0,0.0,1.0,0
5090549,0,0.0,0.0,1.0,0
5091874,0,0.0,0.0,1.0,0
5093516,0,0.0,0.0,1.0,0
5095269,2,,,,3
5116147,0,0.0,9.0,,0
5116861,2,,,,3
5118060,0,0.0,0.0,1.0,0
5120097,2,,,,3
5120990,4,,,,5
5134110,0,0.0,0.0,1.0,0
5162462,0,0.0,0.0,1.0,0
5163599,0,0.0,0.0,1.0,0
5164129,0,0.0,0.0,1.0,0
5167842,0,0.0,0.0,1.0,0
5169587,0,0.0,0.0,1.0,0
5186443,0,0.0,0.0,1.0,0
5186461,0,0.0,0.0,1.0,0
5247102,0,0.0,0.0,1.0,0
5261424,0,0.0,0.0,1.0,0
5289042,0,0.0,0.0,1.0,0
5291791,0,0.0,0.0,1.0,0
5319633,0,0.0,0.0,1.0,0
5321459,0,0.0,0.0,1.0,0
5322337,0,0.0,0.0,1.0,0
5326407,0,0.0,0.0,1.0,0
5327961,0,0.0,0.0,1.0,0
5369028,0,0.0,0.0,1.0,0
5382876,0,2.0,10.0,,0
5395823,0,0.0,0.0,1.0,0
5448622,0,0.0,11.0,20.0,0
5453333,0,0.0,0.0,1.0,0
5462159,0,0.0,0.0,1.0,0
5474852,0,0.0,0.0,1.0,0
5476653,0,0.0,0.0,1.0,0
5478818,0,0.0,0.0,1.0,0
5480553,0,0.0,0.0,1.0,0
5484314,0,0.0,0.0,1.0,0
5500958,0,0.0,0.0,1.0,0
5503982,0,0.0,0.0,1.0,0
5507096,0,0.0,0.0,1.0,0
5512988,0,0.0,0.0,1.0,0
5516552,0,0.0,0.0,1.0,0
5545085,0,0.0,0.0,1.0,0
5558724,0,1.0,1.0,2.0,1
5559657,0,0.0,0.0,1.0,0
5560620,0,0.0,0.0,1.0,0
5577650,0,0.0,0.0,1.0,0
5585799,0,0.0,0.0,1.0,0
5590611,0,0.0,0.0,1.0,0
5591201,0,0.0,0.0,1.0,0
5592307,0,0.0,0.0,1.0,0
5617164,0,0.0,0.0,1.0,0
5656152,0,0.0,0.0,1.0,0
5657004,0,0.0,0.0,1.0,0
5669107,0,0.0,0.0,1.0,0
5671303,0,0.0,0.0,21.0,0
5675990,0,0.0,0.0,1.0,0
5678582,0,0.0,0.0,1.0,0
5679304,0,0.0,0.0,1.0,0
5680013,0,0.0,0.0,1.0,0
5681132,0,0.0,0.0,1.0,0
5684940,0,0.0,0.0,1.0,0
5688091,0,0.0,0.0,1.0,0
5689639,0,0.0,0.0,1.0,0
5690425,0,0.0,0.0,1.0,0
5691934,0,0.0,0.0,1.0,0
5700090,0,0.0,0.0,1.0,0
5704424,0,0.0,0.0,1.0,0
5708994,0,0.0,0.0,1.0,0
5712849,0,0.0,0.0,1.0,0
5730322,0,0.0,0.0,1.0,0
5734134,0,0.0,0.0,1.0,0
5738449,0,0.0,0.0,1.0,0
5744058,0,0.0,0.0,1.0,0
5744502,0,0.0,0.0,1.0,0
5745110,0,0.0,0.0,1.0,0
5745929,0,0.0,0.0,1.0,0
5746180,0,0.0,0.0,1.0,0
5747036,0,0.0,0.0,1.0,0
5750884,0,0.0,0.0,1.0,0
5754346,0,0.0,0.0,1.0,0
5755261,0,0.0,0.0,1.0,0
5760480,0,0.0,0.0,1.0,0
5762666,0,0.0,0.0,1.0,0
5763407,0,0.0,0.0,1.0,0
5764924,0,0.0,0.0,1.0,0
5767836,0,0.0,0.0,1.0,0
5768240,0,0.0,0.0,1.0,0
5769582,0,0.0,0.0,1.0,0
5771934,0,0.0,0.0,1.0,0
5778133,0,0.0,0.0,1.0,0
5782947,0,0.0,0.0,1.0,0
5783868,0,0.0,0.0,1.0,0
5786898,0,0.0,0.0,1.0,0
5790355,0,0.0,0.0,1.0,0
5791548,0,0.0,0.0,1.0,0
5794678,0,0.0,0.0,1.0,0
5805651,0,0.0,0.0,1.0,0
5816138,0,0.0,0.0,1.0,0
5835799,0,0.0,0.0,1.0,0
5835815,0,0.0,0.0,1.0,0
5836035,0,0.0,0.0,1.0,0
5836163,0,0.0,0.0,1.0,0
5836181,0,0.0,0.0,1.0,0
5836197,0,0.0,0.0,1.0,0
5836206,0,0.0,0.0,1.0,0
5836387,0,0.0,0.0,1.0,0
5855343,0,0.0,0.0,1.0,0
5856647,0,0.0,0.0,1.0,0
5858788,0,0.0,0.0,1.0,0
5859372,0,0.0,0.0,1.0,0
5865628,0,0.0,0.0,1.0,0
5869204,0,0.0,0.0,1.0,0
5870071,0,0.0,0.0,1.0,0
5874480,0,0.0,0.0,1.0,0
5890323,0,0.0,0.0,1.0,0
5893912,0,0.0,0.0,1.0,0
5895651,0,0.0,0.0,1.0,0
5898284,0,0.0,0.0,1.0,0
5900426,0,0.0,0.0,22.0,0
5902352,0,0.0,0.0,1.0,0
5934511,0,0.0,0.0,1.0,0
5935744,0,0.0,0.0,1.0,0
5936935,0,0.0,0.0,1.0,0
5937084,0,0.0,0.0,1.0,0
5938794,0,0.0,0.0,1.0,0
5946241,0,0.0,0.0,1.0,0
5955853,0,0.0,0.0,23.0,0
5956787,0,0.0,0.0,1.0,0
5959820,0,0.0,0.0,1.0,0
5963873,0,0.0,0.0,1.0,0
5966099,0,0.0,0.0,1.0,0
5971400,0,0.0,0.0,1.0,0
5973097,0,0.0,0.0,1.0,0
5975584,0,0.0,0.0,1.0,0
5976168,0,0.0,0.0,1.0,0
5993765,0,0.0,0.0,1.0,0
5995125,0,0.0,0.0,1.0,0
5996485,0,0.0,0.0,1.0,0
6011278,0,0.0,0.0,1.0,0
6049565,0,0.0,0.0,1.0,0
6061068,0,0.0,0.0,1.0,0
6111289,0,0.0,0.0,1.0,0
6114695,0,0.0,0.0,1.0,0
6125806,0,0.0,0.0,1.0,0
6133702,0,0.0,0.0,1.0,0
6143930,0,0.0,0.0,1.0,0
6153877,0,0.0,0.0,1.0,0
6154200,0,0.0,0.0,1.0,0
6154921,0,0.0,0.0,1.0,0
6155577,0,0.0,0.0,1.0,0
6156152,0,0.0,0.0,1.0,0
6182848,0,0.0,0.0,1.0,0
6188181,0,0.0,0.0,1.0,0
6190181,0,0.0,0.0,1.0,0
6193472,0,0.0,0.0,1.0,0
6218461,0,0.0,0.0,1.0,0
6219445,0,0.0,0.0,1.0,0
6219781,0,0.0,0.0,1.0,0
6220384,0,0.0,0.0,1.0,0
6250655,0,0.0,0.0,1.0,0
6252764,0,0.0,0.0,24.0,0
6254216,0,,,,0
6290724,0,0.0,0.0,1.0,0
6298455,0,0.0,0.0,1.0,0
6300434,0,0.0,0.0,1.0,0
6317793,0,0.0,0.0,1.0,0
6340439,0,0.0,0.0,1.0,0
6445994,0,0.0,0.0,1.0,0
6446394,0,0.0,0.0,1.0,0
6451332,0,0.0,0.0,1.0,0
6494274,0,0.0,0.0,1.0,0
6494382,0,0.0,0.0,1.0,0
6554358,0,0.0,0.0,1.0,0
6557581,0,0.0,0.0,1.0,0
6572414,0,0.0,0.0,1.0,0
6591182,0,0.0,0.0,1.0,0
6597872,0,0.0,0.0,1.0,0
6604203,0,0.0,0.0,1.0,0
6609380,0,0.0,0.0,1.0,0
6610913,0,0.0,0.0,1.0,0
6611100,0,0.0,0.0,1.0,0
6611894,0,0.0,0.0,1.0,0
6623049,0,0.0,0.0,1.0,0
6623089,0,0.0,0.0,1.0,0
6633635,0,0.0,0.0,1.0,0
6653450,0,0.0,0.0,1.0,0
6692908,0,0.0,0.0,1.0,0
6699205,0,0.0,0.0,1.0,0
6700147,0,0.0,0.0,1.0,0
6702830,0,0.0,0.0,1.0,0
6702943,0,0.0,0.0,1.0,0
6703240,0,0.0,0.0,1.0,0
6704232,0,0.0,0.0,1.0,0
6723364,0,0.0,0.0,1.0,0
6729443,0,0.0,0.0,1.0,0
6791927,0,0.0,0.0,1.0,0
6883831,0,1.0,1.0,25.0,1
6978585,0,0.0,0.0,1.0,0
7005145,0,0.0,0.0,1.0,0
7005184,0,0.0,0.0,1.0,0
7012280,0,2.0,,,6
7025064,0,0.0,0.0,1.0,0
7025831,0,0.0,0.0,1.0,0
7026287,0,0.0,0.0,1.0,0
7053966,0,0.0,0.0,1.0,0
7055857,0,0.0,0.0,1.0,0
7056904,0,0.0,0.0,1.0,0
7057730,0,0.0,0.0,1.0,0
7057894,0,0.0,0.0,1.0,0
7058243,0,0.0,0.0,1.0,0
7065182,0,0.0,0.0,1.0,0
7092086,0,0.0,0.0,1.0,0
7092417,0,0.0,0.0,1.0,0
7107433,0,0.0,0.0,1.0,0
7130033,0,0.0,0.0,1.0,0
7160160,0,1.0,1.0,2.0,1
7168356,0,0.0,0.0,1.0,0
7187384,0,0.0,0.0,1.0,0
7196392,0,0.0,0.0,1.0,0
7198338,0,0.0,0.0,1.0,0
7227010,0,0.0,0.0,1.0,0
7283193,0,0.0,0.0,1.0,0
7313896,0,0.0,0.0,1.0,0
7331555,0,2.0,,,0
7335439,0,0.0,0.0,1.0,0
7338309,0,0.0,0.0,1.0,0
7340629,0,2.0,7.0,12.0,0
7371184,0,0.0,0.0,1.0,0
7388340,0,0.0,0.0,1.0,0
7394271,0,0.0,0.0,1.0,0
7421507,0,0.0,0.0,1.0,0
7422253,0,0.0,0.0,1.0,0
7422595,0,0.0,0.0,1.0,0
7424178,0,1.0,1.0,2.0,1
7429933,0,0.0,0.0,1.0,0
7431625,0,0.0,0.0,1.0,0
7439909,0,0.0,12.0,26.0,0
7439913,0,0.0,0.0,27.0,0
7449767,0,0.0,0.0,1.0,0
7467027,0,0.0,0.0,1.0,0
7476468,0,0.0,0.0,,0
7480731,0,0.0,0.0,1.0,0
7483922,0,0.0,0.0,1.0,0
7485368,0,0.0,0.0,1.0,0
7503199,0,0.0,0.0,1.0,0
7515491,0,0.0,0.0,1.0,0
7527710,0,0.0,0.0,1.0,0
7529574,0,0.0,0.0,28.0,0
7530253,0,0.0,0.0,1.0,0
7540581,0,0.0,0.0,1.0,0
7542938,0,0.0,0.0,1.0,0
7555204,0,0.0,0.0,1.0,0
7555968,0,0.0,0.0,1.0,0
7556564,0,0.0,0.0,1.0,0
7557604,0,0.0,0.0,1.0,0
7563413,0,0.0,0.0,1.0,0
7566199,0,0.0,0.0,1.0,0
7568455,0,0.0,0.0,1.0,0
7569260,0,0.0,0.0,1.0,0
7571966,0,0.0,0.0,29.0,0
7573476,0,0.0,0.0,1.0,0
7574701,0,0.0,0.0,1.0,0
7582412,0,0.0,0.0,1.0,0
7582489,0,0.0,0.0,1.0,0
7587948,0,0.0,0.0,1.0,0
7589765,0,0.0,0.0,1.0,0
7590264,0,0.0,0.0,1.0,0
7594047,0,0.0,0.0,1.0,0
7600311,0,0.0,0.0,1.0,0
7612147,0,0.0,0.0,1.0,0
7616956,0,0.0,0.0,1.0,0
7627878,0,0.0,13.0,30.0,0
7658146,0,0.0,0.0,1.0,0
7688300,0,0.0,0.0,1.0,0
7690945,0,0.0,0.0,1.0,0
7692008,0,0.0,0.0,1.0,0
7694589,0,0.0,0.0,1.0,0
7700444,0,0.0,0.0,1.0,0
7719118,0,0.0,0.0,1.0,0
7719547,0,0.0,0.0,1.0,0
7778722,0,0.0,0.0,1.0,0
7786053,0,0.0,0.0,1.0,0
7802210,0,0.0,0.0,1.0,0
7807684,0,0.0,0.0,1.0,0
7828725,0,0.0,0.0,1.0,0
7829784,0,0.0,0.0,1.0,0
7838405,0,0.0,0.0,1.0,0
7840203,0,0.0,0.0,1.0,0
7840791,0,0.0,0.0,1.0,0
7843730,0,0.0,0.0,1.0,0
7845346,0,0.0,0.0,1.0,0
7851153,0,0.0,0.0,1.0,0
7852250,0,0.0,0.0,1.0,0
7864823,0,0.0,0.0,1.0,0
7865652,0,0.0,0.0,1.0,0
7865696,0,0.0,0.0,1.0,0
7865767,0,0.0,0.0,1.0,0
7868195,0,0.0,0.0,1.0,0
7873135,0,0.0,0.0,1.0,0
7874184,0,0.0,0.0,1.0,0
7891312,0,0.0,0.0,1.0,0
7897051,0,0.0,0.0,1.0,0
7897469,0,0.0,0.0,1.0,0
7901791,0,0.0,0.0,1.0,0
7910624,0,0.0,0.0,1.0,0
7916593,0,0.0,0.0,1.0,0
7934904,0,0.0,0.0,1.0,0
7935088,0,0.0,0.0,1.0,0
7939890,0,0.0,0.0,1.0,0
7939979,0,0.0,0.0,1.0,0
7941642,0,0.0,0.0,1.0,0
7941652,0,0.0,0.0,1.0,0
7952981,0,0.0,0.0,1.0,0
7955278,0,0.0,0.0,31.0,0
7962986,0,0.0,0.0,1.0,0
7971031,0,0.0,0.0,1.0,0
7977834,0,0.0,0.0,1.0,0
7980189,0,0.0,0.0,1.0,0
7980369,0,0.0,0.0,1.0,0
7982307,0,0.0,0.0,1.0,0
7982324,0,0.0,0.0,1.0,0
7982896,0,0.0,0.0,1.0,0
7983899,0,0.0,0.0,1.0,0
8005609,0,2.0,7.0,,0
8007556,0,0.0,0.0,1.0,0
8012953,0,0.0,0.0,1.0,0
8019816,0,0.0,0.0,1.0,0
8021456,0,0.0,0.0,1.0,0
8025665,0,0.0,0.0,1.0,0
8034919,0,0.0,0.0,1.0,0
8037197,0,0.0,0.0,1.0,0
8047280,0,0.0,0.0,1.0,0
8052161,0,0.0,0.0,1.0,0
8055671,0,0.0,0.0,1.0,0
8065380,0,0.0,0.0,1.0,0
8065771,0,0.0,0.0,1.0,0
8066542,0,0.0,0.0,1.0,0
8068173,0,0.0,0.0,1.0,0
8069365,0,0.0,0.0,1.0,0
8069432,0,0.0,0.0,1.0,0
8069478,0,0.0,0.0,1.0,0
8070872,0,0.0,0.0,1.0,0
8075484,0,0.0,0.0,1.0,0
8078096,0,0.0,0.0,1.0,0
8094859,0,0.0,0.0,1.0,0
8102935,0,0.0,0.0,1.0,0
8111135,0,0.0,0.0,1.0,0
8118474,0,0.0,0.0,1.0,0
8118929,0,0.0,0.0,1.0,0
8118947,0,0.0,0.0,1.0,0
8124177,0,0.0,0.0,1.0,0
8127390,0,0.0,0.0,1.0,0
8132513,0,0.0,0.0,1.0,0
8135412,0,0.0,0.0,1.0,0
8138616,0,0.0,0.0,1.0,0
8140109,0,0.0,0.0,1.0,0
8142831,0,0.0,0.0,1.0,0
8154054,0,1.0,1.0,2.0,0
8159396,0,0.0,0.0,1.0,0
8161142,0,0.0,0.0,1.0,0
8161148,0,0.0,0.0,1.0,0
8167696,0,0.0,0.0,1.0,0
8177199,0,0.0,0.0,1.0,0
8177991,0,0.0,0.0,1.0,0
8184598,0,0.0,0.0,1.0,0
8198238,0,0.0,0.0,1.0,0
8198317,0,0.0,0.0,1.0,0
8198416,0,0.0,0.0,1.0,0
8198513,0,0.0,0.0,1.0,0
8199671,0,0.0,0.0,1.0,0
8203947,0,0.0,0.0,1.0,0
8216541,0,1.0,1.0,32.0,0
8227502,0,0.0,0.0,1.0,0
8229118,0,0.0,0.0,1.0,0
8231264,0,0.0,0.0,1.0,0
8238322,0,0.0,0.0,1.0,0
8243455,0,0.0,0.0,1.0,0
8244723,0,0.0,0.0,1.0,0
8244823,0,0.0,0.0,1.0,0
8245014,0,0.0,0.0,1.0,0
8245146,0,0.0,0.0,1.0,0
8245513,0,0.0,0.0,1.0,0
8245692,0,0.0,0.0,1.0,0
8245869,0,0.0,0.0,1.0,0
8246081,0,0.0,0.0,1.0,0
8246750,0,0.0,0.0,1.0,0
8247451,0,0.0,0.0,1.0,0
8247641,0,0.0,0.0,1.0,0
8248631,0,0.0,0.0,1.0,0
8248706,0,0.0,0.0,1.0,0
8252067,0,0.0,0.0,1.0,0
8253413,0,0.0,0.0,1.0,0
8253620,0,0.0,0.0,1.0,0
8254894,0,0.0,0.0,1.0,0
8256186,0,0.0,0.0,1.0,0
8262302,0,0.0,0.0,1.0,0
8262372,0,0.0,0.0,1.0,0
8262503,0,0.0,0.0,1.0,0
8263140,0,0.0,0.0,1.0,0
8263285,0,0.0,0.0,1.0,0
8270683,0,0.0,0.0,1.0,0
8271034,0,0.0,0.0,1.0,0
8271875,0,0.0,0.0,1.0,0
8273369,0,0.0,0.0,1.0,0
8274021,0,0.0,0.0,1.0,0
8274902,0,0.0,0.0,1.0,0
8276782,0,0.0,0.0,1.0,0
8293958,0,0.0,0.0,1.0,0
8297018,0,0.0,0.0,1.0,0
8305958,0,0.0,0.0,1.0,0
8307514,0,0.0,0.0,1.0,0
8310087,0,0.0,0.0,1.0,0
8310955,0,0.0,0.0,1.0,0
8311264,0,0.0,0.0,1.0,0
8313802,0,0.0,0.0,1.0,0
8318678,0,0.0,0.0,1.0,0
8318813,0,0.0,0.0,1.0,0
8319311,0,0.0,0.0,1.0,0
8338584,0,0.0,0.0,1.0,0
8340950,0,0.0,0.0,1.0,0
8347613,0,0.0,0.0,1.0,0
8347720,0,0.0,0.0,1.0,0
8347907,0,0.0,0.0,1.0,0
8348277,0,0.0,0.0,1.0,0
8349454,0,0.0,0.0,1.0,0
8349553,0,0.0,0.0,1.0,0
8357933,0,0.0,0.0,1.0,0
8370111,0,0.0,0.0,1.0,0
8391330,0,0.0,0.0,1.0,0
8393981,0,0.0,0.0,1.0,0
8399890,0,0.0,0.0,1.0,0
8410627,0,0.0,0.0,1.0,0
8412625,0,0.0,0.0,1.0,0
8413543,0,0.0,0.0,1.0,0
8413663,0,0.0,0.0,1.0,0
8419602,0,0.0,0.0,1.0,0
8423405,0,0.0,0.0,1.0,0
8427677,0,0.0,0.0,1.0,0
8447845,0,0.0,0.0,1.0,0
8451818,0,0.0,0.0,1.0,0
8461082,0,0.0,0.0,1.0,0
8469124,0,0.0,0.0,1.0,0
8471817,0,0.0,0.0,1.0,0
8480221,0,0.0,0.0,1.0,0
8480418,0,0.0,0.0,1.0,0
8496618,0,0.0,0.0,1.0,0
8504660,0,0.0,0.0,1.0,0
8509534,0,0.0,0.0,1.0,0
8509987,0,0.0,0.0,1.0,0
8513389,0,0.0,0.0,1.0,0
8529400,0,0.0,0.0,1.0,0
8539175,0,0.0,0.0,1.0,0
8540770,0,0.0,0.0,1.0,0
8542422,0,0.0,0.0,1.0,0
8544824,0,0.0,0.0,1.0,0
8546775,0,0.0,0.0,1.0,0
8559525,0,0.0,0.0,1.0,0
8559607,0,0.0,0.0,1.0,0
8565131,0,0.0,0.0,1.0,0
8566140,0,0.0,0.0,1.0,0
8571259,0,0.0,0.0,1.0,0
8572353,0,0.0,0.0,1.0,0
8582134,0,0.0,0.0,1.0,0
8592501,0,0.0,0.0,1.0,0
8598886,0,0.0,0.0,1.0,0
8639662,0,0.0,0.0,1.0,0
8640212,0,0.0,0.0,1.0,0
8641784,0,0.0,0.0,1.0,0
8670503,0,0.0,0.0,1.0,0
8687096,0,0.0,0.0,1.0,0
8689148,0,0.0,0.0,1.0,0
8689674,0,0.0,0.0,1.0,0
8696919,0,0.0,0.0,1.0,0
8697453,0,0.0,0.0,1.0,0
8698941,0,0.0,0.0,1.0,0
8700125,0,0.0,0.0,1.0,0
8704079,0,0.0,0.0,1.0,0
8705088,0,0.0,0.0,1.0,0
8709865,0,0.0,0.0,1.0,0
8710444,0,0.0,0.0,1.0,0
8711574,0,0.0,0.0,1.0,0
8712361,0,0.0,0.0,1.0,0
8715940,0,0.0,0.0,1.0,0
8717042,0,0.0,0.0,1.0,0
8717219,0,0.0,0.0,1.0,0
8723267,0,0.0,0.0,1.0,0
8723983,0,0.0,0.0,1.0,0
8741619,0,0.0,0.0,1.0,0
8752697,0,0.0,0.0,1.0,0
8755914,0,0.0,0.0,1.0,0
8765298,0,0.0,0.0,1.0,0
8790590,0,0.0,0.0,33.0,0
8792477,0,0.0,0.0,1.0,0
8798010,0,0.0,0.0,1.0,0
8801715,0,0.0,0.0,1.0,0
8801736,0,0.0,0.0,1.0,0
8802069,0,0.0,0.0,1.0,0
8805777,0,0.0,0.0,1.0,0
8809171,0,0.0,0.0,1.0,0
8810141,0,0.0,0.0,1.0,0
8810739,0,,,,1
8812078,0,0.0,0.0,1.0,0
8813113,0,0.0,0.0,1.0,0
8814524,0,0.0,0.0,1.0,0
8814922,0,0.0,0.0,1.0,0
8821758,0,0.0,0.0,34.0,0
8826198,0,0.0,0.0,1.0,0
8835968,0,0.0,0.0,1.0,0
8838927,0,0.0,0.0,1.0,0
8840343,0,0.0,0.0,1.0,0
8842220,0,0.0,0.0,1.0,0
8847957,0,0.0,0.0,1.0,0
8850802,0,0.0,0.0,1.0,0
8864096,0,0.0,0.0,1.0,0
8864778,0,0.0,0.0,1.0,0
8864785,0,0.0,0.0,1.0,0
8865199,0,0.0,0.0,1.0,0
8877158,0,0.0,0.0,1.0,0
8877971,0,0.0,0.0,1.0,0
8880781,0,0.0,0.0,1.0,0
8884212,0,0.0,0.0,1.0,0
8891315,0,0.0,0.0,1.0,0
8912726,0,0.0,0.0,1.0,0
8922644,0,0.0,0.0,1.0,0
8924186,0,0.0,0.0,1.0,0
8932110,0,0.0,0.0,1.0,0
8939384,0,0.0,0.0,1.0,0
8942413,0,0.0,0.0,1.0,0
8943485,0,0.0,0.0,1.0,0
8951591,0,0.0,0.0,1.0,0
8953579,0,0.0,0.0,,0
8954684,0,0.0,14.0,,0
8954910,0,0.0,0.0,1.0,0
8955607,0,0.0,0.0,1.0,0
8957325,0,0.0,0.0,1.0,0
8970595,0,0.0,0.0,1.0,0
8974428,0,0.0,0.0,1.0,0
8978117,0,0.0,0.0,1.0,0
8979434,0,0.0,0.0,1.0,0
8980589,0,0.0,0.0,1.0,0
8981761,0,0.0,0.0,1.0,0
8993049,0,0.0,0.0,1.0,0
8995807,0,0.0,0.0,1.0,0
8997281,0,0.0,0.0,1.0,0
9006142,0,0.0,0.0,1.0,0
9015568,0,0.0,0.0,1.0,0
9015745,0,0.0,0.0,1.0,0
9034378,0,0.0,0.0,1.0,0
9037152,0,0.0,0.0,1.0,0
9039416,0,0.0,0.0,1.0,0
9048462,0,0.0,0.0,1.0,0
9051500,0,0.0,0.0,1.0,0
9051960,0,0.0,0.0,1.0,0
9057043,0,0.0,0.0,1.0,0
9057998,0,0.0,0.0,1.0,0
9061235,0,0.0,0.0,1.0,0
9062992,0,0.0,0.0,1.0,0
9064208,0,0.0,0.0,1.0,0
9067063,0,0.0,0.0,1.0,0
9068024,0,0.0,0.0,1.0,0
9068346,0,0.0,0.0,1.0,0
9069084,0,0.0,0.0,1.0,0
9072237,0,0.0,0.0,1.0,0
9072560,0,0.0,0.0,1.0,0
9074101,0,0.0,0.0,1.0,0
9077224,0,0.0,0.0,1.0,0
9078240,0,0.0,0.0,1.0,0
9083312,0,0.0,0.0,1.0,0
9085808,0,0.0,0.0,1.0,0
9091922,0,0.0,0.0,1.0,0
9094797,0,0.0,0.0,1.0,0
9097065,0,0.0,0.0,1.0,0
9103710,0,0.0,0.0,1.0,0
9103732,0,0.0,0.0,1.0,0
9109799,0,0.0,0.0,1.0,0
9116228,0,0.0,0.0,1.0,0
9119558,0,0.0,0.0,1.0,0
9141404,0,0.0,0.0,1.0,0
9154024,0,0.0,0.0,1.0,0
9161929,0,0.0,0.0,1.0,0
9177218,0,0.0,0.0,1.0,0
9201911,0,0.0,0.0,1.0,0
9202326,0,0.0,0.0,1.0,0
9207332,0,0.0,0.0,1.0,0
9212816,0,0.0,0.0,1.0,0
9234420,0,0.0,0.0,1.0,0
9235545,0,0.0,0.0,1.0,0
9236708,0,0.0,0.0,1.0,0
9237370,0,0.0,0.0,1.0,0
9237734,0,0.0,0.0,1.0,0
9238937,0,0.0,0.0,1.0,0
9239759,0,0.0,0.0,1.0,0
9241349,0,0.0,0.0,1.0,0
9251793,0,0.0,0.0,1.0,0
9252296,0,0.0,0.0,1.0,0
9275210,0,0.0,0.0,1.0,0
9287199,0,0.0,0.0,1.0,0
9287906,0,0.0,0.0,1.0,0
9288827,0,0.0,0.0,1.0,0
9291437,0,0.0,0.0,1.0,0
9291474,0,0.0,0.0,1.0,0
9291938,0,0.0,0.0,1.0,0
9294475,0,0.0,0.0,1.0,0
9348984,0,0.0,0.0,1.0,0
9351843,0,0.0,0.0,1.0,0
9372642,0,0.0,0.0,1.0,0
9384504,0,0.0,0.0,1.0,0
9408003,0,0.0,0.0,1.0,0
9409359,0,0.0,0.0,1.0,0
9421292,0,0.0,0.0,1.0,0
9422291,0,0.0,0.0,1.0,0
9423829,0,0.0,0.0,1.0,0
9424902,0,0.0,0.0,1.0,0
9428865,0,0.0,0.0,1.0,0
9429085,0,0.0,0.0,1.0,0
9436520,0,0.0,0.0,1.0,0
9445876,0,0.0,0.0,1.0,0
9447255,0,0.0,0.0,1.0,0
9457719,0,0.0,0.0,1.0,0
9469519,0,0.0,0.0,1.0,0
9480916,0,0.0,0.0,1.0,0
9481869,0,0.0,0.0,1.0,0
9488991,0,0.0,0.0,1.0,0
9503203,0,0.0,0.0,1.0,0
9503414,0,0.0,0.0,1.0,0
9503428,0,0.0,0.0,1.0,0
9507904,0,0.0,0.0,1.0,0
9508724,0,0.0,0.0,1.0,0
9513911,0,0.0,0.0,1.0,0
9519425,0,0.0,0.0,1.0,0
9521722,0,0.0,0.0,1.0,0
9524538,0,0.0,0.0,1.0,0
9525492,0,0.0,0.0,1.0,0
9527333,0,0.0,0.0,1.0,0
9527522,0,0.0,0.0,1.0,0
9530532,0,0.0,0.0,1.0,0
9531722,0,0.0,0.0,1.0,0
9532295,0,0.0,0.0,1.0,0
9539868,0,0.0,0.0,1.0,0
9556700,0,0.0,0.0,1.0,0
9565674,0,0.0,0.0,1.0,0
9567051,0,0.0,0.0,1.0,0
9577562,0,0.0,0.0,1.0,0
9583435,0,0.0,0.0,1.0,0
9585013,0,0.0,0.0,1.0,0
9585036,0,0.0,0.0,1.0,0
9585145,0,0.0,0.0,1.0,0
9589146,0,0.0,0.0,1.0,0
9594273,0,0.0,0.0,1.0,0
9604434,0,0.0,0.0,1.0,0
9606496,0,0.0,0.0,1.0,0
9609048,0,0.0,0.0,1.0,0
9612903,0,0.0,0.0,1.0,0
9621307,0,0.0,0.0,1.0,0
9637388,0,0.0,0.0,1.0,0
9641919,0,0.0,0.0,1.0,0
9643439,0,0.0,0.0,1.0,0
9698907,0,0.0,0.0,1.0,0
9707941,0,0.0,0.0,1.0,0
9714476,0,0.0,0.0,1.0,0
9716858,0,1.0,1.0,29.0,1
9718223,0,0.0,15.0,,0
9720614,0,0.0,0.0,1.0,0
9724693,0,0.0,0.0,1.0,0
9730873,0,0.0,0.0,1.0,0
9739780,0,0.0,0.0,1.0,0
9747418,0,0.0,0.0,1.0,0
9747710,0,0.0,0.0,1.0,0
9748269,0,1.0,,,1
9750356,0,0.0,0.0,1.0,0
9753418,0,0.0,0.0,1.0,0
9753494,0,0.0,0.0,1.0,0
9753530,0,0.0,0.0,1.0,0
9761454,0,0.0,0.0,1.0,0
9766793,0,0.0,0.0,1.0,0
9767705,0,0.0,0.0,1.0,0
9787592,0,0.0,0.0,1.0,0
9787859,0,0.0,0.0,1.0,0
9787933,0,0.0,0.0,1.0,0
9792178,0,0.0,0.0,1.0,0
9795662,0,0.0,0.0,1.0,0
9796812,0,0.0,0.0,1.0,0
9798791,0,0.0,0.0,1.0,0
9800031,0,0.0,0.0,1.0,0
9800178,0,0.0,0.0,1.0,0
9806510,0,0.0,0.0,1.0,0
9808022,0,1.0,1.0,2.0,0
9808146,0,0.0,0.0,1.0,0
9809626,0,0.0,0.0,1.0,0
9811608,0,0.0,0.0,1.0,0
9813188,0,0.0,0.0,1.0,0
9820270,0,1.0,1.0,2.0,1
9822593,0,0.0,0.0,1.0,0
9835169,0,2.0,7.0,12.0,0
9838294,0,0.0,0.0,35.0,0
9841469,0,0.0,0.0,1.0,0
9842000,0,0.0,0.0,1.0,0
9842383,0,0.0,0.0,1.0,0
9845997,0,0.0,0.0,1.0,0
9847388,0,0.0,0.0,1.0,0
9848760,0,0.0,0.0,1.0,0
9853425,0,0.0,0.0,1.0,0
9856062,0,0.0,0.0,1.0,0
9870483,0,0.0,0.0,1.0,0
9889095,0,0.0,0.0,1.0,0
9897223,0,0.0,0.0,1.0,0
9927082,0,0.0,0.0,1.0,0
9940382,0,0.0,0.0,1.0,0
9961098,0,0.0,0.0,1.0,0
9965610,0,0.0,0.0,1.0,0
9971209,0,0.0,0.0,1.0,0
9983191,0,0.0,0.0,1.0,0
9983417,0,0.0,0.0,1.0,0
10013517,0,0.0,0.0,1.0,0
10017944,0,0.0,0.0,1.0,0
10018150,0,0.0,0.0,1.0,0
10018161,0,0.0,,,0
10018260,0,0.0,0.0,1.0,0
10056280,0,0.0,0.0,1.0,0
10059655,0,0.0,0.0,1.0,0
10079731,0,0.0,0.0,1.0,0
10100020,0,0.0,0.0,1.0,0
10119916,0,0.0,0.0,1.0,0
10158972,0,0.0,0.0,1.0,0
10160250,0,0.0,0.0,1.0,0
10163418,0,0.0,0.0,1.0,0
10167078,0,0.0,0.0,1.0,0
10167116,0,0.0,0.0,1.0,0
10169396,0,0.0,0.0,1.0,0
10198121,0,0.0,0.0,1.0,0
10202724,0,0.0,0.0,1.0,0
10209260,0,0.0,0.0,1.0,0
10221622,0,0.0,0.0,1.0,0
10229852,0,0.0,0.0,1.0,0
10234576,0,0.0,0.0,1.0,0
10237401,0,0.0,0.0,1.0,0
10238739,0,0.0,0.0,1.0,0
10240382,0,0.0,0.0,1.0,0
10241716,0,0.0,0.0,1.0,0
10248031,0,0.0,0.0,1.0,0
10259967,0,0.0,0.0,1.0,0
10263287,0,1.0,1.0,4.0,1
10276161,0,0.0,0.0,1.0,0
10281116,0,0.0,0.0,1.0,0
10282065,0,0.0,0.0,1.0,0
10287315,0,0.0,0.0,1.0,0
10293348,0,0.0,0.0,1.0,0
10317031,0,0.0,0.0,1.0,0
10319019,0,0.0,0.0,1.0,0
10323628,0,0.0,0.0,1.0,0
10329208,0,0.0,0.0,1.0,0
10339991,0,0.0,0.0,1.0,0
10340880,0,0.0,0.0,1.0,0
10343101,0,0.0,0.0,1.0,0
10345590,0,0.0,0.0,1.0,0
10351681,0,0.0,0.0,1.0,0
10355356,0,0.0,0.0,1.0,0
10367190,0,0.0,0.0,1.0,0
10378182,0,0.0,0.0,1.0,0
10382686,0,0.0,0.0,1.0,0
10382824,0,0.0,0.0,1.0,0
10400440,0,0.0,0.0,1.0,0
10403609,0,0.0,0.0,1.0,0
10411574,0,0.0,0.0,1.0,0
10418394,0,0.0,0.0,5.0,0
10427055,0,0.0,0.0,1.0,0
10447988,0,0.0,0.0,1.0,0
10449035,0,0.0,0.0,1.0,0
10455234,0,0.0,0.0,1.0,0
10459723,0,0.0,0.0,1.0,0
10473853,0,0.0,0.0,1.0,0
10495502,0,0.0,0.0,1.0,0
10523825,0,0.0,0.0,1.0,0
10527147,0,0.0,0.0,1.0,0
10540188,0,0.0,0.0,1.0,0
10543751,0,0.0,0.0,1.0,0
10553248,0,0.0,0.0,1.0,0
10555409,0,0.0,0.0,1.0,0
10563755,0,0.0,0.0,5.0,0
10568310,0,0.0,0.0,1.0,0
10581624,0,0.0,0.0,1.0,0
10583715,0,0.0,0.0,1.0,0
10596949,0,0.0,0.0,1.0,0
10600188,0,0.0,0.0,1.0,0
10609443,0,0.0,0.0,1.0,0
10612094,0,0.0,0.0,1.0,0
10612630,0,0.0,0.0,1.0,0
10617840,0,0.0,0.0,1.0,0
10627239,0,0.0,0.0,1.0,0
10658673,0,0.0,0.0,1.0,0
10660512,0,0.0,0.0,1.0,0
10663559,0,0.0,0.0,1.0,0
10673895,0,0.0,0.0,1.0,0
10681487,0,0.0,0.0,1.0,0
10682411,0,0.0,0.0,1.0,0
10682660,0,0.0,0.0,1.0,0
10683313,0,0.0,0.0,1.0,0
10684539,0,0.0,0.0,1.0,0
10702736,0,0.0,0.0,1.0,0
10710503,0,0.0,0.0,1.0,0
10714526,0,0.0,0.0,1.0,0
10716080,0,0.0,0.0,1.0,0
10725068,0,0.0,0.0,1.0,0
10728318,0,0.0,0.0,1.0,0
10728323,0,0.0,0.0,1.0,0
10728328,0,0.0,0.0,1.0,0
10728333,0,0.0,0.0,1.0,0
10739296,0,0.0,0.0,1.0,0
10756813,0,0.0,0.0,1.0,0
10758204,0,0.0,0.0,1.0,0
10760217,0,0.0,0.0,1.0,0
10766722,0,0.0,0.0,1.0,0
10768709,0,0.0,0.0,1.0,0
10781924,0,0.0,0.0,1.0,0
10784285,0,0.0,0.0,1.0,0
10785260,0,0.0,0.0,1.0,0
10792336,0,0.0,0.0,1.0,0
10792617,0,0.0,0.0,1.0,0
10797407,0,0.0,0.0,1.0,0
10809383,0,0.0,0.0,1.0,0
10827212,0,0.0,0.0,1.0,0
10831005,0,0.0,0.0,1.0,0
10842047,0,0.0,0.0,1.0,0
10842099,0,0.0,0.0,1.0,0
10852875,0,2.0,10.0,,0
10855798,0,0.0,0.0,1.0,0
10865025,0,0.0,0.0,1.0,0
10868477,0,2.0,7.0,,0
10870424,0,0.0,0.0,1.0,0
10872426,0,0.0,0.0,1.0,0
10874769,0,0.0,0.0,1.0,0
10875178,0,0.0,0.0,1.0,0
10875625,0,0.0,0.0,1.0,0
10877689,0,0.0,0.0,1.0,0
10880408,0,0.0,0.0,1.0,0
10882750,0,0.0,0.0,1.0,0
10885466,0,0.0,0.0,1.0,0
10893103,0,0.0,0.0,1.0,0
10915553,0,0.0,0.0,1.0,0
10918898,0,0.0,0.0,1.0,0
10921106,0,0.0,0.0,1.0,0
10922020,0,0.0,0.0,1.0,0
10922928,0,0.0,0.0,1.0,0
10934438,0,0.0,0.0,1.0,0
10944822,0,0.0,0.0,1.0,0
10945111,0,0.0,0.0,1.0,0
10945581,0,0.0,0.0,1.0,0
10945795,0,0.0,0.0,1.0,0
10946002,0,0.0,0.0,1.0,0
10947427,0,0.0,0.0,1.0,0
10955244,0,0.0,0.0,1.0,0
10958210,0,0.0,0.0,1.0,0
10959064,0,0.0,0.0,1.0,0
10963761,0,0.0,0.0,1.0,0
10964258,0,0.0,0.0,1.0,0
10982951,0,0.0,0.0,1.0,0
10986253,0,0.0,0.0,1.0,0
10990803,0,0.0,0.0,1.0,0
11003551,0,0.0,0.0,1.0,0
11003660,0,0.0,0.0,1.0,0
11003696,0,0.0,0.0,1.0,0
11003707,0,0.0,0.0,1.0,0
11004239,0,0.0,0.0,1.0,0
11007420,0,0.0,0.0,1.0,0
11009492,0,0.0,0.0,1.0,0
11011058,0,0.0,0.0,1.0,0
11013351,0,0.0,0.0,1.0,0
11013583,0,0.0,0.0,36.0,0
11017761,0,0.0,0.0,1.0,0
11018254,0,0.0,0.0,1.0,0
11022546,0,0.0,0.0,1.0,0
11027071,0,0.0,0.0,1.0,0
11029359,0,0.0,0.0,1.0,0
11029851,0,0.0,0.0,1.0,0
11037238,0,0.0,0.0,1.0,0
11050498,0,0.0,0.0,1.0,0
11051276,0,0.0,0.0,1.0,0
11051740,0,0.0,0.0,1.0,0
11055480,0,0.0,0.0,1.0,0
11067379,0,0.0,0.0,1.0,0
11073313,0,0.0,0.0,1.0,0
11079069,0,0.0,0.0,1.0,0
11081239,0,0.0,0.0,1.0,0
11084320,0,0.0,0.0,1.0,0
11102156,0,0.0,0.0,1.0,0
11105182,0,0.0,0.0,1.0,0
11123016,0,0.0,0.0,1.0,0
11135340,0,0.0,0.0,1.0,0
11137808,0,0.0,0.0,1.0,0
11144258,0,0.0,0.0,1.0,0
11146422,0,0.0,0.0,1.0,0
11157622,0,0.0,0.0,1.0,0
11178891,0,0.0,0.0,1.0,0
11184236,0,0.0,0.0,1.0,0
11193510,0,0.0,0.0,1.0,0
11195708,0,0.0,0.0,1.0,0
11197975,0,0.0,0.0,1.0,0
11210000,0,0.0,0.0,1.0,0
11216417,0,0.0,0.0,1.0,0
11229136,0,0.0,0.0,1.0,0
11234536,0,0.0,0.0,1.0,0
11248536,0,0.0,0.0,1.0,0
11257084,0,0.0,0.0,1.0,0
11261332,0,0.0,0.0,1.0,0
11263687,0,0.0,0.0,1.0,0
11271082,0,0.0,0.0,1.0,0
11278919,0,0.0,0.0,1.0,0
11279244,0,0.0,0.0,1.0,0
11286854,0,0.0,0.0,1.0,0
11291344,0,0.0,,,0
11291653,0,0.0,0.0,1.0,0
11303036,0,0.0,0.0,1.0,0
11306294,0,0.0,0.0,1.0,0
11329998,0,0.0,0.0,1.0,0
11333054,0,0.0,0.0,1.0,0
11348509,0,0.0,0.0,1.0,0
11356523,0,0.0,0.0,1.0,0
11359482,0,0.0,0.0,1.0,0
11361875,0,0.0,0.0,1.0,0
11362334,0,0.0,0.0,1.0,0
11362589,0,0.0,0.0,1.0,0
11389855,0,0.0,0.0,1.0,0
11409587,0,0.0,0.0,1.0,0
11464638,0,0.0,0.0,1.0,0
11465297,0,0.0,0.0,1.0,0
11468088,0,0.0,0.0,1.0,0
11524047,0,0.0,0.0,1.0,0
11525714,0,0.0,0.0,1.0,0
11528017,0,0.0,0.0,1.0,0
11543212,0,0.0,0.0,1.0,0
11600886,0,0.0,0.0,1.0,0
11605567,0,0.0,0.0,1.0,0
11605861,0,0.0,0.0,1.0,0
11623145,0,0.0,0.0,1.0,0
11624548,0,0.0,0.0,1.0,0
11625573,0,0.0,0.0,1.0,0
11637003,0,0.0,0.0,1.0,0
11639192,0,0.0,0.0,1.0,0
11645541,0,0.0,0.0,1.0,0
11656349,0,0.0,0.0,1.0,0
11671564,0,0.0,0.0,1.0,0
11687072,0,0.0,0.0,1.0,0
11691603,0,0.0,0.0,1.0,0
11691640,0,0.0,0.0,1.0,0
11703922,0,0.0,0.0,1.0,0
11714576,0,0.0,0.0,1.0,0
11717001,0,0.0,0.0,1.0,0
11717014,0,0.0,0.0,1.0,0
11717020,0,0.0,0.0,1.0,0
11717025,0,0.0,16.0,37.0,0
11717030,0,0.0,0.0,1.0,0
11717035,0,7.0,17.0,,0
11717040,0,0.0,0.0,,0
11717045,0,0.0,18.0,,0
11719626,0,0.0,0.0,1.0,0
11725127,0,0.0,0.0,1.0,0
11725803,0,0.0,0.0,1.0,0
11736972,0,0.0,0.0,1.0,0
11745381,0,0.0,0.0,1.0,0
11756023,0,0.0,0.0,1.0,0
11782821,0,0.0,0.0,1.0,0
11785627,0,0.0,0.0,1.0,0
11788830,0,0.0,0.0,1.0,0
11813287,0,0.0,0.0,1.0,0
11821320,0,0.0,0.0,1.0,0
11826171,0,0.0,0.0,1.0,0
11838242,0,0.0,0.0,38.0,0
11841664,0,0.0,0.0,1.0,0
11851588,0,0.0,0.0,1.0,0
11853038,0,0.0,0.0,1.0,0
11871574,0,0.0,0.0,1.0,0
11874130,0,0.0,0.0,1.0,0
11876076,0,0.0,0.0,1.0,0
11889676,0,0.0,0.0,1.0,0
11891098,0,0.0,0.0,1.0,0
11905911,0,0.0,0.0,1.0,0
11908619,0,0.0,0.0,1.0,0
11909406,0,0.0,0.0,1.0,0
11934107,0,0.0,0.0,1.0,0
11934261,0,0.0,0.0,1.0,0
11946903,0,0.0,0.0,1.0,0
11986594,0,0.0,0.0,1.0,0
12000033,0,0.0,0.0,1.0,0
12026822,0,0.0,19.0,,0
12030078,0,0.0,0.0,1.0,0
12031406,0,0.0,0.0,1.0,0
12049797,0,0.0,0.0,1.0,0
12073881,0,0.0,0.0,1.0,0
12089601,0,0.0,0.0,1.0,0
12121795,0,0.0,0.0,1.0,0
12122924,0,0.0,0.0,1.0,0
12138418,0,0.0,0.0,1.0,0
12178825,0,2.0,,,0
12195879,0,0.0,0.0,1.0,0
12199095,0,0.0,0.0,1.0,0
12217572,0,0.0,0.0,1.0,0
12225666,0,0.0,0.0,1.0,0
12233237,0,0.0,0.0,1.0,0
12252572,0,0.0,0.0,1.0,0
12253020,0,0.0,0.0,1.0,0
12260696,0,0.0,0.0,1.0,0
12262910,0,0.0,0.0,1.0,0
12273754,0,0.0,0.0,1.0,0
12279909,0,0.0,0.0,1.0,0
12279941,0,0.0,0.0,1.0,0
12281339,0,0.0,0.0,1.0,0
12293334,0,0.0,0.0,1.0,0
12299621,0,0.0,0.0,1.0,0
12299647,0,0.0,0.0,1.0,0
12299704,0,0.0,0.0,1.0,0
12299805,0,0.0,0.0,1.0,0
12300089,0,0.0,0.0,1.0,0
12325227,0,0.0,0.0,1.0,0
12335381,0,0.0,0.0,1.0,0
12336493,0,0.0,0.0,1.0,0
12356747,0,0.0,0.0,1.0,0
12360656,0,0.0,0.0,1.0,0
12364717,0,0.0,0.0,1.0,0
12366224,0,0.0,0.0,1.0,0
12366640,0,0.0,0.0,1.0,0
12367135,0,0.0,,,0
12367568,0,0.0,0.0,1.0,0
12371688,0,0.0,0.0,1.0,0
12387154,0,0.0,0.0,1.0,0
12389097,0,0.0,0.0,1.0,0
12390459,0,0.0,0.0,1.0,0
12398622,0,0.0,0.0,1.0,0
12420377,0,0.0,0.0,1.0,0
12420898,0,0.0,0.0,1.0,0
12422147,0,0.0,0.0,1.0,0
12422355,0,0.0,0.0,1.0,0
12424328,0,0.0,0.0,1.0,0
12424940,0,0.0,0.0,1.0,0
12425856,0,0.0,0.0,1.0,0
12452356,0,0.0,0.0,1.0,0
12474164,0,0.0,0.0,1.0,0
12474815,0,0.0,0.0,1.0,0
12475432,0,0.0,0.0,1.0,0
12476851,0,0.0,0.0,1.0,0
12478620,0,0.0,0.0,1.0,0
12479019,0,0.0,0.0,1.0,0
12498338,0,0.0,0.0,1.0,0
12500843,0,0.0,0.0,1.0,0
12509506,0,0.0,0.0,1.0,0
12548756,0,0.0,0.0,1.0,0
12551020,0,0.0,0.0,1.0,0
12585379,0,0.0,0.0,1.0,0
12587013,0,0.0,0.0,1.0,0
12598741,0,0.0,0.0,1.0,0
12612426,0,0.0,0.0,1.0,0
12617396,0,0.0,0.0,1.0,0
12634154,0,0.0,0.0,1.0,0
12654063,0,0.0,0.0,1.0,0
12667895,0,0.0,0.0,1.0,0
12670738,0,0.0,0.0,1.0,0
12704069,0,0.0,0.0,1.0,0
12704360,0,0.0,0.0,1.0,0
12726582,0,0.0,0.0,1.0,0
12745771,0,0.0,0.0,1.0,0
12746220,0,0.0,0.0,1.0,0
12782494,0,0.0,0.0,1.0,0
12789813,0,0.0,0.0,1.0,0
12805363,0,0.0,0.0,1.0,0
12813847,0,0.0,0.0,1.0,0
12832017,0,0.0,0.0,1.0,0
12839441,0,0.0,0.0,1.0,0
12840470,0,0.0,0.0,1.0,0
12842593,0,0.0,0.0,1.0,0
12866697,0,0.0,0.0,1.0,0
12868041,0,0.0,0.0,1.0,0
12869029,0,0.0,0.0,1.0,0
12871993,0,0.0,0.0,1.0,0
12882179,0,0.0,0.0,1.0,0
12882387,0,0.0,0.0,1.0,0
12884490,0,0.0,0.0,1.0,0
12923749,0,0.0,0.0,1.0,0
12928099,0,0.0,0.0,1.0,0
12935696,0,0.0,0.0,1.0,0
12935706,0,0.0,0.0,1.0,0
12948470,0,0.0,0.0,1.0,0
12962772,0,0.0,0.0,1.0,0
12989453,0,0.0,20.0,39.0,0
12990900,0,0.0,0.0,1.0,0
13003574,0,0.0,0.0,1.0,0
13007383,0,0.0,0.0,1.0,0
13028455,0,0.0,0.0,1.0,0
13038489,0,0.0,0.0,1.0,0
13045287,0,0.0,0.0,1.0,0
13046354,0,0.0,0.0,1.0,0
13046847,0,0.0,0.0,1.0,0
13049485,0,0.0,0.0,1.0,0
13081886,0,0.0,0.0,1.0,0
13084891,0,0.0,0.0,1.0,0
13137623,0,0.0,0.0,1.0,0
13167025,0,0.0,0.0,1.0,0
13167730,0,0.0,0.0,1.0,0
13173311,0,0.0,0.0,1.0,0
13191017,0,0.0,0.0,1.0,0
13197236,0,0.0,0.0,1.0,0
13199414,0,0.0,0.0,1.0,0
13206239,0,0.0,0.0,1.0,0
13210358,0,0.0,0.0,1.0,0
13242252,0,0.0,0.0,1.0,0
13242336,0,0.0,0.0,1.0,0
13313410,0,0.0,0.0,1.0,0
13358515,0,0.0,0.0,1.0,0
13365464,0,0.0,0.0,1.0,0
13369670,0,0.0,0.0,1.0,0
13370624,0,0.0,0.0,1.0,0
13380660,0,0.0,0.0,1.0,0
13395814,0,0.0,0.0,1.0,0
13405613,0,0.0,0.0,1.0,0
13411394,0,0.0,0.0,1.0,0
13411445,0,0.0,0.0,1.0,0
13411525,0,0.0,0.0,1.0,0
13422280,0,0.0,0.0,1.0,0
13429045,0,0.0,0.0,1.0,0
13535380,0,0.0,0.0,1.0,0
13535387,0,0.0,21.0,10.0,0
13557064,0,0.0,0.0,1.0,0
13564607,0,0.0,0.0,1.0,0
13580849,0,0.0,0.0,1.0,0
13589251,0,0.0,0.0,1.0,0
13634759,0,0.0,0.0,1.0,0
13644685,0,0.0,0.0,1.0,0
13645610,0,0.0,0.0,1.0,0
13646473,0,0.0,0.0,1.0,0
13652117,0,0.0,0.0,1.0,0
13665529,0,0.0,0.0,1.0,0
13674287,0,0.0,0.0,1.0,0
13675374,0,0.0,0.0,1.0,0
13713529,0,0.0,0.0,1.0,0
13714311,0,0.0,0.0,1.0,0
13718916,0,0.0,0.0,1.0,0
13722516,0,0.0,0.0,1.0,0
13722900,0,0.0,0.0,1.0,0
13724377,0,0.0,0.0,1.0,0
13727202,0,0.0,0.0,1.0,0
13736919,0,0.0,0.0,1.0,0
13743125,0,0.0,0.0,1.0,0
13744425,0,0.0,0.0,1.0,0
13749806,0,0.0,0.0,1.0,0
13751194,0,0.0,21.0,10.0,0
13760954,0,0.0,0.0,1.0,0
13763548,0,0.0,0.0,1.0,0
13764822,0,0.0,0.0,1.0,0
13768622,0,0.0,0.0,1.0,0
13793212,0,0.0,0.0,1.0,0
13795090,0,0.0,0.0,1.0,0
13803032,0,0.0,0.0,1.0,0
13806524,0,0.0,0.0,1.0,0
13818467,0,0.0,0.0,1.0,0
13830600,0,0.0,0.0,40.0,0
13832416,0,0.0,0.0,1.0,0
13833814,0,0.0,0.0,1.0,0
13834125,0,0.0,0.0,1.0,0
13835439,0,0.0,0.0,1.0,0
13836327,0,0.0,0.0,1.0,0
13841523,0,0.0,0.0,1.0,0
13842372,0,0.0,0.0,1.0,0
13849274,0,0.0,0.0,1.0,0
13849557,0,0.0,0.0,1.0,0
13852833,0,0.0,0.0,1.0,0
13854190,0,0.0,0.0,1.0,0
13858797,0,0.0,0.0,1.0,0
13858824,0,0.0,0.0,1.0,0
13863331,0,0.0,0.0,1.0,0
13948718,0,0.0,0.0,1.0,0
13950464,0,0.0,0.0,1.0,0
13953184,0,0.0,0.0,1.0,0
13953356,0,0.0,0.0,1.0,0
13953546,0,0.0,0.0,1.0,0
13966828,0,0.0,0.0,1.0,0
13968203,0,0.0,0.0,1.0,0
13986477,0,0.0,0.0,1.0,0
13986583,0,0.0,0.0,1.0,0
13988443,0,0.0,0.0,1.0,0
14000746,0,0.0,0.0,1.0,0
14034206,0,0.0,0.0,1.0,0
14034311,0,0.0,0.0,1.0,0
14039007,0,0.0,0.0,1.0,0
14071449,0,0.0,0.0,1.0,0
14071613,0,0.0,0.0,1.0,0
14073503,0,0.0,0.0,1.0,0
14077179,0,0.0,0.0,1.0,0
14077615,0,0.0,0.0,1.0,0
14082322,0,0.0,0.0,1.0,0
14083681,0,0.0,0.0,1.0,0
14127447,0,0.0,0.0,1.0,0
14133114,0,0.0,0.0,1.0,0
14154154,0,0.0,0.0,1.0,0
14158399,0,0.0,0.0,1.0,0
14162492,0,0.0,0.0,1.0,0
14206030,0,0.0,0.0,1.0,0
14214039,0,0.0,0.0,1.0,0
14241490,0,0.0,0.0,1.0,0
14255342,0,0.0,0.0,1.0,0
14260575,0,0.0,0.0,1.0,0
14270761,0,0.0,0.0,1.0,0
14313750,0,0.0,0.0,1.0,0
14319185,0,0.0,0.0,1.0,0
14319498,0,0.0,0.0,1.0,0
14319960,0,0.0,0.0,1.0,0
14328512,0,0.0,0.0,1.0,0
14329745,0,0.0,0.0,1.0,0
14333371,0,0.0,0.0,1.0,0
14333495,0,0.0,0.0,1.0,0
14334367,0,0.0,0.0,1.0,0
14338439,0,0.0,0.0,1.0,0
14342744,0,0.0,0.0,1.0,0
14374534,0,0.0,0.0,1.0,0
14434314,0,0.0,0.0,1.0,0
14437742,0,0.0,0.0,1.0,0
14450919,0,0.0,0.0,1.0,0
14451162,0,0.0,0.0,1.0,0
14460113,0,0.0,0.0,1.0,0
14461238,0,0.0,0.0,1.0,0
14492757,0,0.0,0.0,1.0,0
14492880,0,0.0,0.0,1.0,0
14493841,0,0.0,0.0,1.0,0
14495367,0,0.0,0.0,1.0,0
14501257,0,0.0,0.0,1.0,0
14514597,0,0.0,0.0,1.0,0
14517691,0,0.0,0.0,1.0,0
14519048,0,0.0,0.0,1.0,0
14519756,0,0.0,0.0,1.0,0
14522124,0,0.0,0.0,1.0,0
14539753,0,0.0,0.0,1.0,0
14540633,0,0.0,0.0,1.0,0
14541927,0,0.0,0.0,1.0,0
14547259,0,0.0,0.0,1.0,0
14570370,0,0.0,0.0,1.0,0
14579509,0,0.0,0.0,1.0,0
14586769,0,0.0,0.0,1.0,0
14588375,0,0.0,0.0,1.0,0
14604028,0,0.0,0.0,1.0,0
14617508,0,0.0,0.0,1.0,0
14621584,0,0.0,0.0,1.0,0
14638686,0,0.0,0.0,1.0,0
14651659,0,0.0,0.0,1.0,0
14655602,0,0.0,0.0,1.0,0
14656798,0,0.0,0.0,1.0,0
14680483,0,0.0,0.0,1.0,0
14723506,0,0.0,0.0,1.0,0
14726012,0,0.0,0.0,1.0,0
14726069,0,0.0,0.0,1.0,0
14753815,0,0.0,0.0,1.0,0
14754777,0,0.0,0.0,1.0,0
14755393,0,0.0,0.0,1.0,0
14756000,0,0.0,0.0,1.0,0
14756061,0,0.0,0.0,1.0,0
14756440,0,0.0,0.0,1.0,0
14757050,0,0.0,0.0,1.0,0
14757992,0,0.0,0.0,1.0,0
14758420,0,0.0,0.0,1.0,0
14759661,0,0.0,0.0,1.0,0
14760757,0,0.0,0.0,1.0,0
14762026,0,0.0,0.0,1.0,0
14782250,0,0.0,0.0,1.0,0
14797760,0,0.0,0.0,1.0,0
14818307,0,0.0,0.0,1.0,0
14891367,0,0.0,0.0,1.0,0
14898295,0,0.0,0.0,1.0,0
14898816,0,0.0,0.0,1.0,0
14914182,0,0.0,0.0,1.0,0
14948339,0,0.0,0.0,1.0,0
14981128,0,0.0,0.0,1.0,0
14995061,0,0.0,0.0,,0
14999928,0,0.0,0.0,1.0,0
15005403,0,0.0,0.0,1.0,0
15018449,0,0.0,0.0,1.0,0
15023806,0,0.0,0.0,1.0,0
15023987,0,0.0,0.0,1.0,0
15028907,0,0.0,0.0,1.0,0
15048530,0,0.0,0.0,1.0,0
15055590,0,0.0,0.0,1.0,0
15063529,0,0.0,0.0,1.0,0
15068806,0,0.0,0.0,1.0,0
15096548,0,0.0,0.0,1.0,0
15155348,0,0.0,0.0,1.0,0
15202263,0,0.0,0.0,1.0,0
15225589,0,0.0,0.0,1.0,0
15250080,0,0.0,0.0,1.0,0
15253921,0,0.0,0.0,1.0,0
15334461,0,0.0,0.0,1.0,0
15343835,0,0.0,0.0,1.0,0
15365184,0,0.0,0.0,1.0,0
15398730,0,0.0,0.0,1.0,0
15398807,0,0.0,22.0,,0
15404207,0,0.0,0.0,1.0,0
15409328,0,0.0,0.0,1.0,0
15421363,0,0.0,0.0,1.0,0
15431408,0,0.0,0.0,1.0,0
15431795,0,0.0,0.0,1.0,0
15434200,0,0.0,0.0,1.0,0
15445198,2,8.0,,,3
15451084,0,0.0,0.0,1.0,0
15458316,0,0.0,0.0,1.0,0
15461769,0,0.0,0.0,1.0,0
15467736,0,0.0,0.0,1.0,0
15468308,0,0.0,0.0,1.0,0
15474790,0,0.0,0.0,1.0,0
15478720,0,0.0,0.0,1.0,0
15480928,0,0.0,0.0,1.0,0
15481779,0,0.0,0.0,1.0,0
15488316,0,0.0,0.0,1.0,0
15505837,0,4.0,,,1
15506094,0,0.0,0.0,1.0,0
15507888,0,0.0,0.0,1.0,0
15508475,2,,,,3
15508735,0,0.0,0.0,41.0,0
15510288,0,0.0,0.0,1.0,0
15512404,0,0.0,0.0,1.0,0
15512408,0,0.0,0.0,1.0,0
15513540,0,0.0,0.0,1.0,0
15514582,0,0.0,0.0,1.0,0
15516413,0,0.0,0.0,1.0,0
15517247,0,0.0,0.0,1.0,0
15519213,0,0.0,0.0,1.0,0
15522152,0,0.0,0.0,1.0,0
15522777,0,0.0,0.0,1.0,0
15524629,0,0.0,0.0,1.0,0
15524852,0,0.0,0.0,1.0,0
15525711,0,0.0,0.0,1.0,0
15525794,0,0.0,0.0,1.0,0
15525858,0,0.0,0.0,1.0,0
15530882,0,0.0,0.0,1.0,0
15531033,0,0.0,23.0,42.0,0
15531916,0,0.0,0.0,,0
15532105,0,,,,1
15533421,0,0.0,0.0,1.0,0
15539984,0,0.0,0.0,1.0,0
15541944,0,0.0,0.0,29.0,0
15541971,0,0.0,0.0,1.0,0
15541976,0,0.0,0.0,1.0,0
15542354,0,1.0,1.0,4.0,1
15543068,0,1.0,1.0,,1
15543394,0,1.0,1.0,29.0,1
15546924,0,1.0,1.0,29.0,1
15547235,0,0.0,0.0,1.0,0
15547732,0,1.0,1.0,2.0,1
15548107,0,0.0,24.0,,0
15548694,0,9.0,25.0,,0
15548844,0,0.0,0.0,1.0,0
15553218,0,0.0,0.0,1.0,0
15556081,0,0.0,0.0,1.0,0
15556868,0,0.0,0.0,1.0,0
15559195,0,0.0,21.0,10.0,0
15560623,0,0.0,0.0,1.0,0
15561413,0,0.0,26.0,43.0,0
15562137,0,0.0,21.0,,0
15563553,0,10.0,27.0,44.0,0
15564661,0,1.0,1.0,,1
15564706,0,1.0,1.0,29.0,1
15564782,0,1.0,1.0,29.0,1
15564807,0,1.0,1.0,,1
15564882,0,1.0,1.0,,1
15564911,0,1.0,1.0,,1
15566333,0,0.0,0.0,1.0,0
15567466,0,0.0,28.0,45.0,1
15568134,0,0.0,0.0,1.0,0
15568333,0,0.0,0.0,1.0,0
15569561,0,,,,1
15571194,0,0.0,0.0,1.0,0
15572414,0,1.0,1.0,29.0,1
15573283,0,0.0,29.0,,0
15573331,0,0.0,0.0,1.0,0
15573381,0,0.0,30.0,46.0,0
15573396,0,0.0,0.0,1.0,0
15573450,0,0.0,31.0,47.0,0
15574199,0,0.0,0.0,1.0,0
15574231,0,0.0,0.0,1.0,0
15574328,0,1.0,32.0,48.0,0
15574508,0,1.0,1.0,,1
15574941,0,1.0,1.0,2.0,1
15575052,0,1.0,1.0,,1
15575232,0,1.0,1.0,2.0,1
15575327,0,1.0,21.0,,1
15576194,0,1.0,1.0,4.0,1
15576292,0,0.0,0.0,1.0,0
15577444,0,0.0,0.0,1.0,0
15585114,0,0.0,0.0,1.0,0
15586536,0,0.0,33.0,49.0,0
15586914,0,0.0,0.0,1.0,0
15586949,0,0.0,0.0,1.0,0
15587166,0,1.0,1.0,4.0,1
15587533,0,0.0,0.0,1.0,0
15588389,0,0.0,0.0,1.0,0
15588620,0,0.0,0.0,1.0,0
15588691,0,0.0,0.0,1.0,0
15588711,0,0.0,0.0,1.0,0
15588800,0,0.0,0.0,1.0,0
15589362,0,0.0,0.0,50.0,0
15589411,0,0.0,0.0,1.0,0
15589591,0,0.0,0.0,1.0,0
15589738,0,0.0,0.0,1.0,0
15590555,0,0.0,0.0,1.0,0
15590761,0,0.0,0.0,1.0,0
15590793,0,0.0,0.0,1.0,0
15592096,0,0.0,0.0,1.0,0
15592696,0,0.0,0.0,1.0,0
15594038,2,,,,3
15594113,0,0.0,0.0,1.0,0
15594123,2,4.0,,,3
15595607,0,0.0,0.0,1.0,0
15595823,0,0.0,0.0,1.0,0
15595950,0,0.0,0.0,1.0,0
15599768,0,1.0,1.0,2.0,1
15601640,0,0.0,0.0,1.0,0
15605297,0,0.0,0.0,1.0,0
15605301,0,0.0,0.0,1.0,0
15605657,0,,,,1
15605987,0,0.0,0.0,1.0,0
15606239,0,0.0,0.0,1.0,0
15606918,2,4.0,34.0,51.0,3
15607180,2,4.0,34.0,,3
15607335,0,0.0,0.0,1.0,0
15608355,0,0.0,0.0,1.0,0
15608953,0,0.0,0.0,1.0,0
15609885,0,0.0,0.0,1.0,0
15610387,2,,,,3
15610774,0,0.0,0.0,1.0,0
15611642,2,,,,3
15611791,2,,,,3
15612241,2,,,,3
15612283,0,0.0,0.0,1.0,0
15615042,0,0.0,0.0,1.0,0
15615081,0,0.0,0.0,1.0,0
15615305,2,,,,3
15615475,2,,,,3
15615589,0,0.0,0.0,1.0,0
15615776,0,0.0,0.0,1.0,0
15615877,2,,,,3
15617305,0,0.0,0.0,1.0,0
15617459,2,4.0,34.0,,3
15618614,0,0.0,0.0,1.0,0
15618756,2,4.0,,,3
15618976,2,4.0,,,3
15620432,2,,,,3
15620606,2,4.0,,,3
15623649,0,0.0,0.0,1.0,0
15629241,2,4.0,,,3
15629355,2,,,,3
15629759,0,0.0,0.0,1.0,0
15629888,2,4.0,,,3
15632120,0,0.0,0.0,1.0,0
15632282,0,0.0,0.0,1.0,0
15633329,0,0.0,0.0,1.0,0
15636411,0,0.0,0.0,52.0,0
15636958,0,0.0,0.0,1.0,0
15637893,2,,,,3
15638520,2,,,,3
15638742,2,4.0,,,3
15638906,0,0.0,0.0,1.0,0
15638932,0,0.0,0.0,1.0,0
15638968,0,1.0,35.0,53.0,1
15639020,0,0.0,0.0,1.0,0
15639171,0,0.0,23.0,38.0,0
15639216,0,0.0,0.0,1.0,0
15639275,2,,,,3
15639294,0,0.0,0.0,54.0,0
15639331,0,0.0,0.0,1.0,0
15639548,2,4.0,,,3
15640425,0,1.0,,,1
15640548,0,,,,1
15640567,2,4.0,,,3
15640724,2,4.0,,,3
15640893,0,0.0,0.0,1.0,0
15641926,0,0.0,23.0,38.0,0
15645825,0,0.0,36.0,,0
15651438,0,0.0,0.0,1.0,0
15652529,0,0.0,0.0,1.0,0
15653288,0,0.0,0.0,1.0,0
15653432,0,0.0,0.0,1.0,0
15653927,2,,,,3
15655801,0,0.0,0.0,1.0,0
15656223,0,0.0,0.0,1.0,0
15656435,2,0.0,37.0,55.0,3
15656826,0,0.0,0.0,1.0,0
15658013,0,1.0,0.0,1.0,0
15662776,0,0.0,0.0,1.0,0
15668309,0,0.0,0.0,1.0,0
15668497,0,0.0,0.0,1.0,0
15668869,0,0.0,0.0,1.0,0
15669682,0,0.0,0.0,1.0,0
15671481,2,4.0,,,3
15671848,2,,,,3
15672153,2,,,,3
15672263,0,0.0,0.0,56.0,0
15672269,0,0.0,0.0,1.0,0
15672957,2,4.0,,,3
15673454,0,0.0,0.0,1.0,0
15673715,0,0.0,0.0,57.0,0
15673867,0,0.0,0.0,1.0,0
15673925,0,0.0,0.0,1.0,0
15674083,0,0.0,0.0,58.0,3
15674262,0,0.0,0.0,1.0,0
15674269,0,0.0,0.0,1.0,0
15674282,0,0.0,0.0,1.0,0
15675901,2,,,,3
15676016,0,0.0,0.0,1.0,0
15676571,0,0.0,0.0,1.0,0
15677030,2,11.0,,,3
15677323,0,0.0,0.0,1.0,0
15678441,2,12.0,,,3
15678833,2,4.0,,,3
15678849,2,,,,3
15679484,2,,,,3
15679577,0,0.0,0.0,1.0,0
15679639,0,0.0,0.0,1.0,0
15680043,0,0.0,0.0,1.0,0
15680093,0,0.0,0.0,1.0,0
15680292,0,0.0,0.0,1.0,0
15680710,2,11.0,,,3
15681740,0,0.0,0.0,1.0,0
15683275,0,0.0,0.0,1.0,0
15684934,0,0.0,0.0,1.0,0
15686444,0,0.0,0.0,1.0,0
15686512,0,0.0,0.0,1.0,0
15688358,0,0.0,0.0,1.0,0
15688523,0,0.0,0.0,1.0,0
15689046,0,0.0,0.0,1.0,0
15689373,0,0.0,0.0,1.0,0
15690093,0,0.0,0.0,1.0,0
15690392,2,13.0,,,3
15690711,2,,,,3
15690955,0,,,,3
15691114,0,0.0,0.0,1.0,0
15691118,0,0.0,38.0,,0
15691122,0,0.0,0.0,59.0,0
15698623,2,4.0,,,3
15699715,2,4.0,,,3
15700147,2,4.0,,,3
15706875,0,0.0,0.0,1.0,0
15711222,2,,,,3
15711289,2,4.0,,,3
15712024,2,,,,3
15713206,2,14.0,,,3
15713374,2,4.0,,,3
15714173,2,4.0,,,3
15714330,2,4.0,,,3
15714639,0,0.0,0.0,1.0,0
15714845,2,11.0,,,3
15715151,0,0.0,,,0
15715643,0,0.0,0.0,1.0,0
15715796,2,11.0,39.0,60.0,3
15716094,0,15.0,,,0
15716127,0,0.0,0.0,1.0,0
15716309,0,0.0,0.0,1.0,0
15716701,0,0.0,0.0,1.0,0
15716934,0,0.0,0.0,1.0,0
15717229,2,11.0,,,3
15717426,0,,,,1
15717736,0,0.0,0.0,,0
15717935,0,16.0,40.0,61.0,0
15718275,0,2.0,7.0,,0
15718981,0,0.0,0.0,1.0,0
15721919,0,0.0,0.0,1.0,0
15722306,0,0.0,0.0,1.0,0
15722867,0,0.0,0.0,1.0,0
15722990,0,0.0,0.0,1.0,0
15723479,2,4.0,,,3
15723727,0,0.0,0.0,,0
15724175,2,4.0,41.0,,3
15724385,0,4.0,,,1
15724520,2,,,,3
15724636,2,,,,3
15725127,2,,,,3
15725545,2,,,,3
15725673,2,4.0,,,3
15727304,2,11.0,,,3
15728017,2,4.0,,,3
15730645,2,4.0,,,3
15730680,2,,,,3
15732050,0,0.0,0.0,62.0,0
15732471,0,0.0,0.0,1.0,0
15732485,0,0.0,0.0,1.0,0
15732497,0,0.0,0.0,1.0,0
15732503,0,0.0,0.0,1.0,0
15732509,0,0.0,0.0,1.0,0
15734988,0,0.0,0.0,1.0,0
15736147,0,0.0,0.0,1.0,0
15736398,0,0.0,0.0,1.0,0
15741865,0,0.0,0.0,1.0,0
15743905,2,4.0,,,3
15746421,0,0.0,0.0,1.0,0
15748726,0,1.0,,,1
15762568,2,4.0,,,3
15764960,0,0.0,0.0,1.0,0
15766806,0,0.0,0.0,1.0,0
15766999,0,,,,1
15769419,0,0.0,0.0,1.0,0
15769680,0,1.0,1.0,,1
15770032,0,0.0,0.0,5.0,0
15770140,0,0.0,0.0,1.0,0
15770867,0,1.0,1.0,2.0,1
15770904,0,1.0,,,1
15770945,0,1.0,1.0,4.0,1
15788431,0,0.0,0.0,1.0,0
15792643,0,0.0,0.0,1.0,0
15800115,0,0.0,0.0,1.0,0
15810983,0,0.0,0.0,1.0,0
15823055,0,0.0,0.0,1.0,0
15825861,0,0.0,0.0,1.0,0
15825892,0,0.0,0.0,1.0,0
15829660,0,0.0,0.0,1.0,0
15861524,0,0.0,0.0,1.0,0
15894178,0,0.0,0.0,1.0,0
15894278,0,0.0,0.0,1.0,0
15897280,0,0.0,0.0,1.0,0
15914721,2,,,,3
15934458,0,0.0,0.0,1.0,0
15938337,0,0.0,0.0,1.0,0
15964206,0,0.0,0.0,1.0,0
15974183,0,0.0,0.0,1.0,0
15982306,0,,,,1
15983156,0,1.0,1.0,,1
15983225,0,1.0,0.0,29.0,1
15984231,0,1.0,1.0,29.0,1
15984797,0,1.0,,,1
15985265,0,0.0,0.0,1.0,0
15994926,0,1.0,1.0,29.0,1
15995327,0,1.0,1.0,,1
15995404,0,0.0,0.0,1.0,0
15995861,2,4.0,,,3
15995929,0,0.0,0.0,1.0,0
15995958,0,0.0,0.0,1.0,0
15996160,0,0.0,0.0,1.0,0
15996271,2,4.0,,,3
15996518,0,0.0,0.0,63.0,0
15997645,0,0.0,0.0,1.0,0
15997666,0,0.0,0.0,64.0,0
15997692,0,0.0,0.0,65.0,0
15997807,0,0.0,0.0,66.0,0
15997929,0,0.0,0.0,1.0,0
15997983,0,0.0,0.0,1.0,0
15998100,0,0.0,0.0,1.0,0
15998218,0,0.0,0.0,67.0,0
15998261,0,0.0,0.0,1.0,0
15998307,0,0.0,0.0,68.0,0
15998469,0,0.0,0.0,1.0,0
15998753,1,,,,2
15998768,0,0.0,0.0,1.0,0
15998782,0,0.0,0.0,,0
15998817,0,0.0,0.0,69.0,0
15998899,5,,,,1
15998913,5,,,,1
16007457,0,0.0,0.0,1.0,0
16014607,0,0.0,0.0,1.0,0
16014701,0,0.0,0.0,1.0,0
16015738,0,0.0,0.0,1.0,0
16017113,0,0.0,0.0,1.0,0
16026677,0,0.0,0.0,1.0,0
16039470,0,0.0,0.0,1.0,0
16045758,0,0.0,0.0,1.0,0
16051878,0,0.0,0.0,1.0,0
16057212,0,0.0,0.0,70.0,0
16058860,0,0.0,0.0,1.0,0
16059078,0,0.0,0.0,1.0,0
16059134,0,0.0,0.0,1.0,0
16070049,0,0.0,0.0,1.0,0
16087799,0,0.0,0.0,1.0,0
16089738,0,0.0,0.0,1.0,0
16089743,0,0.0,0.0,1.0,0
16095576,0,0.0,0.0,1.0,0
16096934,0,0.0,0.0,1.0,0
16098538,0,0.0,0.0,1.0,0
16100103,0,0.0,0.0,1.0,0
16100461,0,0.0,0.0,1.0,0
16115255,0,0.0,0.0,1.0,0
16115501,0,17.0,42.0,71.0,0
16115575,0,0.0,0.0,1.0,0
16124048,2,4.0,,,3
16131474,0,0.0,0.0,1.0,0
16141217,0,0.0,0.0,1.0,0
16154290,0,0.0,0.0,1.0,0
16158918,0,0.0,0.0,1.0,0
16160495,0,0.0,0.0,1.0,0
16167914,0,0.0,0.0,1.0,0
16176721,0,0.0,0.0,1.0,0
16178283,0,0.0,0.0,1.0,0
16181130,0,0.0,0.0,1.0,0
16181377,0,0.0,0.0,1.0,0
16188942,0,0.0,0.0,1.0,0
16195633,0,0.0,0.0,1.0,0
16210988,0,0.0,0.0,1.0,0
16220042,0,0.0,0.0,1.0,0
16223537,0,0.0,0.0,1.0,0
16223688,0,0.0,0.0,1.0,0
16240569,0,0.0,0.0,1.0,0
16259595,0,0.0,0.0,1.0,0
16260741,0,0.0,0.0,1.0,0
16267292,0,0.0,0.0,1.0,0
16283590,0,0.0,0.0,1.0,0
16288872,0,0.0,0.0,,0
16295025,0,0.0,0.0,1.0,0
16297403,0,0.0,0.0,1.0,0
16303262,0,0.0,0.0,,0
16316916,0,0.0,0.0,1.0,0
16316973,0,0.0,0.0,72.0,0
16316981,0,0.0,0.0,1.0,0
16318521,0,0.0,0.0,1.0,0
16327998,0,0.0,0.0,1.0,0
16335254,0,0.0,0.0,1.0,0
16339338,0,0.0,0.0,1.0,0
16339645,0,0.0,0.0,1.0,0
16340011,0,0.0,0.0,1.0,0
16340461,0,0.0,0.0,1.0,0
16340977,0,0.0,0.0,1.0,0
16340998,0,0.0,0.0,1.0,0
16341399,0,0.0,0.0,1.0,0
16341507,0,0.0,0.0,1.0,0
16341966,0,0.0,0.0,24.0,0
16342197,0,0.0,0.0,1.0,0
16345627,0,0.0,0.0,1.0,0
16347283,0,0.0,0.0,1.0,0
16347476,0,0.0,0.0,1.0,0
16347786,0,0.0,0.0,1.0,0
16348875,0,0.0,0.0,1.0,0
16350988,0,0.0,0.0,1.0,0
16353832,0,0.0,0.0,1.0,0
16355225,0,0.0,0.0,1.0,0
16356967,0,0.0,0.0,1.0,0
16361363,0,0.0,0.0,1.0,0
16362243,2,,,,3
16366055,0,0.0,43.0,,0
16369928,0,0.0,0.0,1.0,0
16383966,0,0.0,0.0,1.0,0
16385470,0,0.0,0.0,1.0,0
16386470,0,0.0,0.0,1.0,0
16388736,0,0.0,0.0,1.0,0
16393165,0,0.0,0.0,1.0,0
16399845,0,0.0,0.0,1.0,0
16405545,0,0.0,0.0,1.0,0
16409132,0,0.0,0.0,1.0,0
16415910,0,0.0,0.0,1.0,0
16422727,0,0.0,0.0,1.0,0
16422744,0,0.0,0.0,1.0,0
16424131,0,0.0,0.0,1.0,0
16427492,0,0.0,0.0,1.0,0
16428373,0,0.0,0.0,1.0,0
16431065,0,0.0,0.0,1.0,0
16433177,0,0.0,0.0,1.0,0
16433696,0,0.0,0.0,1.0,0
16434560,0,0.0,0.0,1.0,0
16434824,0,0.0,0.0,1.0,0
16434842,0,0.0,0.0,1.0,0
16435325,0,0.0,0.0,1.0,0
16435686,0,0.0,0.0,1.0,0
16435965,0,0.0,0.0,1.0,0
16438190,0,0.0,0.0,1.0,0
16440649,0,0.0,0.0,1.0,0
16440704,0,0.0,0.0,1.0,0
16442113,0,0.0,0.0,1.0,0
16442344,0,18.0,,,1
16443509,0,0.0,0.0,1.0,0
16444327,0,0.0,0.0,1.0,0
16444544,0,0.0,0.0,1.0,0
16444548,0,0.0,0.0,1.0,0
16444552,0,0.0,0.0,1.0,0
16444754,0,0.0,0.0,1.0,0
16444758,0,0.0,0.0,1.0,0
16445073,0,0.0,0.0,1.0,0
16445338,0,0.0,0.0,1.0,0
16448930,0,0.0,0.0,1.0,0
16448971,0,0.0,0.0,73.0,0
16448979,0,0.0,0.0,74.0,0
16450562,0,0.0,0.0,1.0,0
16457812,0,0.0,0.0,1.0,0
16463097,0,0.0,0.0,1.0,0
16464284,0,0.0,0.0,1.0,0
16468935,0,0.0,0.0,1.0,0
16471422,0,0.0,0.0,1.0,0
16472086,0,0.0,0.0,1.0,0
16474159,0,0.0,0.0,1.0,0
16475849,0,0.0,0.0,1.0,0
16484888,0,0.0,0.0,1.0,0
16485079,0,0.0,0.0,1.0,0
16485518,0,0.0,0.0,1.0,0
16486385,0,0.0,0.0,1.0,0
16490014,0,0.0,0.0,1.0,0
16492104,0,0.0,0.0,1.0,0
16494105,0,0.0,0.0,1.0,0
16501652,0,0.0,0.0,1.0,0
16515871,0,0.0,0.0,1.0,0
16520950,0,0.0,0.0,1.0,0
16540741,0,0.0,0.0,1.0,0
16541149,0,0.0,0.0,1.0,0
16544462,0,0.0,0.0,1.0,0
16544485,0,0.0,0.0,1.0,0
16544712,0,0.0,0.0,1.0,0
16545101,0,0.0,0.0,1.0,0
16545113,0,0.0,0.0,1.0,0
16545179,0,0.0,0.0,1.0,0
16545264,0,0.0,0.0,1.0,0
16547252,0,0.0,0.0,1.0,0
16547268,0,0.0,0.0,1.0,0
16547281,0,0.0,0.0,1.0,0
16547287,0,0.0,0.0,1.0,0
16547292,0,0.0,0.0,1.0,0
16547297,0,0.0,0.0,1.0,0
16554856,0,0.0,0.0,1.0,0
16560178,0,0.0,0.0,1.0,0
16561224,0,0.0,0.0,1.0,0
16561284,0,0.0,0.0,1.0,0
16561429,0,0.0,0.0,1.0,0
16561660,0,0.0,0.0,1.0,0
16562142,0,0.0,0.0,1.0,0
16571210,0,0.0,0.0,1.0,0
16578252,0,0.0,0.0,1.0,0
16586265,0,0.0,0.0,1.0,0
16588928,0,1.0,1.0,2.0,1
16594509,0,0.0,0.0,1.0,0
16594752,0,0.0,0.0,1.0,0
16617920,0,0.0,0.0,1.0,0
16621864,0,0.0,0.0,1.0,0
16625432,0,0.0,0.0,1.0,0
16627773,0,0.0,0.0,1.0,0
16627838,0,0.0,0.0,1.0,0
16627861,0,0.0,0.0,1.0,0
16627950,0,0.0,0.0,1.0,0
16629757,0,0.0,0.0,1.0,0
16629788,0,0.0,0.0,1.0,0
16629886,0,0.0,0.0,75.0,0
16629931,0,0.0,0.0,1.0,0
16630024,0,0.0,0.0,1.0,0
16630264,0,0.0,0.0,1.0,0
16630385,0,0.0,0.0,1.0,0
16630479,0,0.0,0.0,1.0,0
16630941,0,0.0,0.0,1.0,0
16631114,0,0.0,0.0,1.0,0
16631222,0,0.0,0.0,1.0,0
16631248,0,0.0,0.0,1.0,0
16635345,0,0.0,0.0,1.0,0
16636860,0,0.0,0.0,1.0,0
16637377,0,0.0,0.0,1.0,0
16651566,0,0.0,0.0,1.0,0
16666673,0,0.0,0.0,,0
16667592,0,0.0,0.0,1.0,0
16670540,0,0.0,0.0,1.0,0
16671014,0,0.0,0.0,1.0,0
16675987,0,0.0,0.0,1.0,0
16676038,0,0.0,0.0,1.0,0
16683883,0,0.0,0.0,1.0,0
16683943,0,0.0,0.0,1.0,0
16685117,0,0.0,0.0,1.0,0
16686371,0,0.0,0.0,1.0,0
16690648,0,0.0,44.0,76.0,0
16691937,0,0.0,0.0,1.0,0
16693923,0,0.0,0.0,1.0,0
16699958,0,0.0,0.0,1.0,0
16709072,0,0.0,0.0,1.0,0
16713227,0,0.0,0.0,77.0,0
16713231,0,0.0,0.0,78.0,0
16714214,0,0.0,0.0,1.0,0
16720240,0,0.0,0.0,1.0,0
16735586,0,0.0,0.0,1.0,0
16742642,0,0.0,0.0,1.0,0
16751955,0,0.0,0.0,1.0,0
16753901,0,0.0,0.0,1.0,0
16758011,0,0.0,0.0,1.0,0
16782830,0,0.0,0.0,1.0,0
16795524,0,0.0,0.0,1.0,0
16795838,0,0.0,0.0,1.0,0
16797672,0,0.0,0.0,1.0,0
16799809,0,0.0,0.0,1.0,0
16799939,0,0.0,0.0,1.0,0
16823703,0,0.0,0.0,1.0,0
16838915,0,0.0,0.0,1.0,0
16841026,0,0.0,0.0,1.0,0
16846805,0,0.0,0.0,1.0,0
16846902,0,0.0,0.0,1.0,0
16848475,0,0.0,0.0,1.0,0
16848497,0,0.0,0.0,1.0,0
16848587,0,0.0,0.0,1.0,0
16850888,0,0.0,0.0,1.0,0
16851496,0,0.0,0.0,1.0,0
16851577,0,0.0,0.0,1.0,0
16851718,0,0.0,0.0,1.0,0
16851791,0,0.0,0.0,1.0,0
16852421,0,0.0,0.0,1.0,0
16852589,0,0.0,0.0,1.0,0
16852622,0,0.0,0.0,1.0,0
16856369,0,0.0,0.0,1.0,0
16856539,0,0.0,0.0,1.0,0
16856617,0,0.0,0.0,1.0,0
16863538,0,0.0,0.0,1.0,0
16868923,0,0.0,0.0,1.0,0
16883909,0,0.0,0.0,1.0,0
16884085,0,0.0,0.0,1.0,0
16884962,0,0.0,0.0,1.0,0
16886842,0,0.0,0.0,1.0,0
16906721,0,0.0,0.0,1.0,0
16910799,0,0.0,0.0,1.0,0
16911458,0,2.0,,,6
16913476,0,0.0,0.0,1.0,0
16924423,0,0.0,0.0,1.0,0
16928740,0,0.0,0.0,1.0,0
16931001,0,0.0,0.0,1.0,0
16933362,0,0.0,0.0,1.0,0
16934932,0,0.0,0.0,1.0,0
16935790,0,0.0,0.0,1.0,0
16937395,0,0.0,0.0,1.0,0
16937799,0,0.0,0.0,1.0,0
16937815,0,0.0,0.0,1.0,0
16939375,0,0.0,0.0,1.0,0
16947349,0,0.0,0.0,1.0,0
16950097,0,0.0,0.0,1.0,0
16950115,0,0.0,0.0,1.0,0
16950121,0,0.0,0.0,1.0,0
16950321,0,0.0,0.0,,0
16950354,0,0.0,0.0,1.0,0
16950443,0,0.0,0.0,1.0,0
16950550,0,0.0,0.0,1.0,0
16950767,0,0.0,0.0,1.0,0
16950798,0,0.0,0.0,1.0,0
16952642,0,0.0,0.0,1.0,0
16952648,0,0.0,0.0,79.0,0
16952665,0,0.0,0.0,1.0,0
16952671,0,0.0,0.0,80.0,0
16952691,0,0.0,0.0,1.0,0
16959698,0,0.0,0.0,1.0,0
16961482,0,0.0,0.0,1.0,0
16972043,0,0.0,0.0,1.0,0
16977881,0,0.0,0.0,1.0,0
16978882,0,0.0,0.0,1.0,0
16985194,0,0.0,0.0,1.0,0
16987409,0,0.0,0.0,1.0,0
16992171,0,0.0,0.0,1.0,0
17000062,0,0.0,0.0,1.0,0
17012001,0,0.0,0.0,1.0,0
17013073,0,0.0,0.0,1.0,0
17013169,0,0.0,0.0,1.0,0
17015609,0,0.0,0.0,1.0,0
17016974,0,0.0,0.0,1.0,0
17019327,0,0.0,0.0,1.0,0
17022668,0,0.0,0.0,1.0,0
17025508,0,0.0,0.0,1.0,0
17036132,0,0.0,0.0,1.0,0
17036160,0,0.0,0.0,1.0,0
17038587,0,0.0,0.0,1.0,0
17047087,0,0.0,0.0,1.0,0
17053270,0,0.0,0.0,1.0,0
17058350,0,0.0,0.0,1.0,0
17062823,0,0.0,0.0,1.0,0
17067625,0,0.0,0.0,1.0,0
17068730,0,0.0,0.0,1.0,0
17075832,0,0.0,0.0,1.0,0
17083341,0,0.0,0.0,1.0,0
17086412,0,0.0,0.0,1.0,0
17087885,0,0.0,0.0,1.0,0
17096642,0,0.0,0.0,1.0,0
17102002,0,0.0,0.0,1.0,0
17105218,0,0.0,0.0,1.0,0
17105842,0,0.0,0.0,1.0,0
17105977,0,0.0,0.0,1.0,0
17107661,0,0.0,0.0,1.0,0
17108278,0,0.0,0.0,1.0,0
17109286,0,0.0,0.0,1.0,0
17110007,0,0.0,0.0,1.0,0
17110024,0,0.0,0.0,1.0,0
17110189,0,0.0,0.0,1.0,0
17123466,0,0.0,0.0,1.0,0
17125520,0,0.0,0.0,1.0,0
17132009,0,0.0,0.0,1.0,0
17140424,0,0.0,0.0,1.0,0
17147410,0,0.0,0.0,1.0,0
17147698,0,0.0,0.0,1.0,0
17150791,0,0.0,0.0,1.0,0
17165286,0,0.0,0.0,1.0,0
17165621,0,0.0,0.0,1.0,0
17165711,0,0.0,0.0,1.0,0
17165755,0,0.0,0.0,1.0,0
17166682,0,0.0,0.0,1.0,0
17170215,0,0.0,0.0,1.0,0
17173852,0,0.0,0.0,1.0,0
17173922,0,0.0,0.0,1.0,0
17176767,0,0.0,0.0,1.0,0
17176781,0,0.0,0.0,1.0,0
17176808,0,0.0,0.0,1.0,0
17176819,0,0.0,0.0,1.0,0
17176866,0,0.0,0.0,1.0,0
17176882,0,0.0,0.0,1.0,0
17176911,0,0.0,0.0,1.0,0
17176927,0,0.0,0.0,1.0,0
17177005,0,0.0,0.0,1.0,0
17177103,0,0.0,0.0,1.0,0
17177115,0,0.0,0.0,1.0,0
17177419,0,0.0,0.0,1.0,0
17223643,0,0.0,0.0,1.0,0
17223685,0,0.0,0.0,,0
17224013,0,0.0,0.0,1.0,0
17237305,0,0.0,0.0,1.0,0
17244655,0,0.0,0.0,1.0,0
17247877,0,0.0,0.0,1.0,0
17276867,0,0.0,0.0,1.0,0
17277623,0,0.0,0.0,1.0,0
17278502,0,0.0,0.0,1.0,0
17280216,0,0.0,0.0,1.0,0
17295912,0,0.0,0.0,1.0,0
17297936,0,0.0,0.0,1.0,0
17298108,0,0.0,0.0,1.0,0
17300165,0,0.0,0.0,1.0,0
17304269,0,0.0,0.0,1.0,0
17306107,0,0.0,0.0,1.0,0
17315288,0,0.0,0.0,1.0,0
17321919,0,0.0,0.0,1.0,0
17323054,0,0.0,0.0,1.0,0
17324637,0,0.0,0.0,1.0,0
17324711,0,0.0,0.0,1.0,0
17326213,0,0.0,0.0,1.0,0
17326218,0,0.0,0.0,1.0,0
17327188,0,0.0,0.0,1.0,0
17328580,0,0.0,0.0,1.0,0
17328632,0,0.0,0.0,1.0,0
17330632,0,0.0,0.0,1.0,0
17334530,0,0.0,0.0,1.0,0
17335266,0,0.0,0.0,1.0,0
17336347,0,0.0,0.0,1.0,0
17340931,0,0.0,0.0,1.0,0
17340955,0,0.0,0.0,1.0,0
17340973,0,0.0,0.0,1.0,0
17351780,0,0.0,0.0,1.0,0
17352470,0,0.0,45.0,81.0,0
17352824,0,0.0,0.0,1.0,0
17353986,0,0.0,0.0,1.0,0
17354392,0,0.0,0.0,1.0,0
17354403,0,0.0,0.0,1.0,0
17354414,0,0.0,0.0,1.0,0
17355745,0,0.0,0.0,1.0,0
17355757,0,0.0,0.0,1.0,0
17355860,0,0.0,0.0,1.0,0
17355864,0,0.0,0.0,1.0,0
17355872,0,0.0,0.0,1.0,0
17355892,0,1.0,1.0,2.0,1
17356024,0,0.0,0.0,1.0,0
17356442,0,0.0,0.0,1.0,0
17356450,0,0.0,0.0,1.0,0
17356454,0,0.0,0.0,1.0,0
17356467,0,0.0,0.0,1.0,0
17357979,0,0.0,0.0,1.0,0
17358864,0,0.0,0.0,1.0,0
17358891,0,0.0,0.0,1.0,0
17359101,0,1.0,1.0,2.0,1
17359111,0,0.0,0.0,82.0,0
17359133,0,0.0,0.0,1.0,0
17359501,0,0.0,0.0,1.0,0
17360010,0,0.0,0.0,1.0,0
17360022,0,0.0,0.0,1.0,0
17360030,0,0.0,0.0,52.0,0
17360038,0,0.0,0.0,1.0,0
17360042,0,0.0,0.0,1.0,0
17360070,0,0.0,0.0,1.0,0
17360076,0,0.0,0.0,1.0,0
17360225,0,0.0,0.0,1.0,0
17360254,0,0.0,0.0,1.0,0
17360262,0,0.0,0.0,1.0,0
17360266,0,0.0,0.0,1.0,0
17360282,0,0.0,0.0,1.0,0
17360286,0,0.0,0.0,1.0,0
17360296,0,0.0,0.0,1.0,0
17360404,0,0.0,0.0,1.0,0
17360593,0,0.0,0.0,1.0,0
17361566,0,0.0,0.0,1.0,0
17361757,0,0.0,0.0,1.0,0
17362538,0,0.0,0.0,1.0,0
17373283,0,0.0,0.0,1.0,0
17378475,0,0.0,0.0,1.0,0
17378483,0,0.0,0.0,1.0,0
17378548,0,0.0,0.0,1.0,0
17378648,0,0.0,0.0,1.0,0
17379298,0,0.0,0.0,1.0,0
17379360,0,0.0,46.0,,0
17379372,0,0.0,0.0,1.0,0
17379420,0,0.0,0.0,1.0,0
17380080,0,0.0,0.0,1.0,0
17380092,0,0.0,0.0,1.0,0
17380309,0,0.0,0.0,1.0,0
17380319,0,0.0,0.0,1.0,0
17380345,0,0.0,0.0,1.0,0
17380936,0,1.0,1.0,29.0,1
17383431,0,0.0,0.0,1.0,0
17384874,0,0.0,0.0,1.0,0
17414715,0,0.0,0.0,1.0,0
17415321,0,1.0,1.0,4.0,1
17415439,0,0.0,0.0,1.0,0
17420035,0,0.0,0.0,1.0,0
17423125,0,0.0,0.0,83.0,1
17423412,0,0.0,0.0,1.0,0
17425996,0,0.0,0.0,1.0,0
17430685,0,0.0,0.0,1.0,0
17434825,0,0.0,0.0,1.0,0
17435678,0,0.0,0.0,1.0,0
17435815,0,0.0,0.0,1.0,0
17437719,0,0.0,0.0,1.0,0
17437725,0,0.0,0.0,1.0,0
17438424,0,0.0,0.0,1.0,0
17448356,0,0.0,0.0,1.0,0
17454636,0,0.0,0.0,1.0,0
17455871,0,0.0,0.0,1.0,0
17464168,0,0.0,0.0,1.0,0
17466463,0,0.0,0.0,1.0,0
17468727,0,0.0,0.0,1.0,0
17473163,0,0.0,0.0,1.0,0
17484564,0,0.0,0.0,1.0,0
17488886,0,0.0,0.0,84.0,0
17513284,0,0.0,0.0,1.0,0
17525174,0,0.0,0.0,1.0,0
17529547,0,0.0,0.0,1.0,0
17535542,0,0.0,0.0,1.0,0
17537254,0,0.0,0.0,1.0,0
17541953,0,0.0,0.0,1.0,0
17543765,0,0.0,47.0,,0
17545695,0,0.0,0.0,1.0,0
17557290,0,0.0,0.0,1.0,0
17574013,0,0.0,0.0,85.0,0
17587452,0,0.0,0.0,1.0,0
17587710,0,0.0,0.0,1.0,0
17587726,0,0.0,0.0,1.0,0
17587730,0,0.0,0.0,1.0,0
17588623,0,0.0,0.0,1.0,0
17589475,0,0.0,0.0,86.0,0
17591442,0,0.0,0.0,1.0,0
17591687,0,0.0,0.0,1.0,0
17608754,2,,,,3
17629213,0,0.0,0.0,1.0,0
17639784,0,0.0,0.0,1.0,0
17641913,0,0.0,0.0,1.0,0
17647621,0,0.0,0.0,1.0,0
17654514,0,0.0,0.0,1.0,0
17654519,0,0.0,0.0,1.0,0
17654617,0,0.0,0.0,1.0,0
17654624,0,0.0,0.0,1.0,0
17654634,0,0.0,0.0,1.0,0
17654638,0,0.0,0.0,1.0,0
17654645,0,0.0,43.0,,0
17654967,0,0.0,0.0,1.0,0
17654973,0,0.0,0.0,1.0,0
17654991,0,0.0,0.0,1.0,0
17655000,0,0.0,0.0,1.0,0
17656886,0,0.0,0.0,1.0,0
17658602,0,0.0,0.0,1.0,0
17658672,0,0.0,0.0,1.0,0
17658884,0,0.0,0.0,1.0,0
17658907,0,0.0,0.0,1.0,0
17658927,0,0.0,0.0,1.0,0
17658943,0,0.0,0.0,1.0,0
17658948,0,0.0,0.0,1.0,0
17658978,0,0.0,0.0,1.0,0
17659014,0,0.0,0.0,1.0,0
17659219,0,0.0,48.0,87.0,0
17660233,0,0.0,0.0,1.0,0
17663944,0,0.0,0.0,1.0,0
17671219,0,0.0,0.0,1.0,0
17671375,0,0.0,0.0,1.0,0
17696578,0,0.0,0.0,1.0,0
17698681,0,1.0,1.0,2.0,1
17728571,0,0.0,0.0,1.0,0
17728605,0,0.0,0.0,1.0,0
17728632,0,0.0,0.0,1.0,0
17728695,0,0.0,0.0,1.0,0
17728723,0,0.0,0.0,1.0,0
17728730,0,0.0,0.0,1.0,0
17728781,0,0.0,0.0,1.0,0
17728896,0,0.0,0.0,88.0,0
17728922,0,0.0,0.0,1.0,0
17729020,0,0.0,0.0,1.0,0
17729088,0,0.0,0.0,1.0,0
17729110,0,0.0,0.0,1.0,0
17729161,0,0.0,0.0,1.0,0
17729167,0,0.0,0.0,1.0,0
17729195,0,0.0,0.0,1.0,0
17729335,0,0.0,0.0,1.0,0
17729347,0,0.0,0.0,1.0,0
17729410,0,0.0,0.0,1.0,0
17729418,0,19.0,,,0
17729424,0,0.0,0.0,89.0,0
17729888,0,0.0,0.0,1.0,0
17729973,0,0.0,0.0,1.0,0
17732031,0,0.0,0.0,1.0,0
17732076,0,0.0,0.0,1.0,0
17732085,0,0.0,0.0,1.0,0
17732256,0,0.0,0.0,1.0,0
17732270,0,0.0,0.0,1.0,0
17732291,0,0.0,0.0,1.0,0
17732311,0,0.0,0.0,1.0,0
17732334,0,0.0,0.0,1.0,0
17732346,0,0.0,0.0,1.0,0
17732737,0,0.0,0.0,1.0,0
17732791,0,0.0,0.0,1.0,0
17736641,0,0.0,0.0,1.0,0
17736654,0,0.0,0.0,1.0,0
17736748,0,0.0,49.0,,0
17736755,0,0.0,0.0,1.0,0
17740547,0,0.0,0.0,1.0,0
17743170,0,0.0,0.0,1.0,0
17746794,0,0.0,0.0,1.0,0
17755491,0,0.0,0.0,1.0,0
17756162,0,0.0,0.0,1.0,0
17762417,0,0.0,0.0,1.0,0
17769815,0,0.0,0.0,1.0,0
17776906,0,0.0,0.0,1.0,0
17776982,0,0.0,0.0,1.0,0
17777031,0,0.0,0.0,1.0,0
17777259,0,0.0,0.0,1.0,0
17777981,0,0.0,0.0,1.0,0
17784367,0,0.0,0.0,1.0,0
17804729,0,0.0,0.0,1.0,0
17806341,0,0.0,0.0,1.0,0
17809869,0,0.0,0.0,1.0,0
17813001,0,0.0,0.0,1.0,0
17813006,0,0.0,0.0,1.0,0
17813457,0,0.0,0.0,1.0,0
17813499,0,0.0,0.0,1.0,0
17814107,0,0.0,0.0,1.0,0
17819985,0,0.0,0.0,1.0,0
17822238,0,0.0,0.0,1.0,0
17827011,0,0.0,0.0,1.0,0
17827115,0,0.0,0.0,1.0,0
17844900,0,0.0,0.0,1.0,0
17847543,0,0.0,0.0,1.0,0
17850822,0,0.0,0.0,1.0,0
17854345,0,0.0,0.0,1.0,0
17867309,0,0.0,0.0,1.0,0
17877682,0,0.0,0.0,1.0,0
17884299,0,0.0,0.0,1.0,0
17896997,0,0.0,0.0,1.0,0
17897230,0,0.0,0.0,1.0,0
17897298,0,0.0,0.0,1.0,0
17913032,0,0.0,0.0,1.0,0
17913185,0,0.0,0.0,1.0,0
17913199,0,0.0,0.0,1.0,0
17927604,0,0.0,0.0,1.0,0
17933822,0,0.0,0.0,90.0,0
17937123,0,0.0,0.0,1.0,0
17937986,0,0.0,0.0,1.0,0
17937991,0,0.0,0.0,1.0,0
17942676,0,0.0,0.0,1.0,0
17951049,0,1.0,1.0,29.0,1
17951153,0,1.0,1.0,29.0,1
17952967,0,0.0,0.0,1.0,0
17962513,0,0.0,0.0,1.0,0
17975547,0,0.0,0.0,1.0,0
17980698,0,0.0,0.0,1.0,0
17980792,0,0.0,0.0,1.0,0
17990556,0,0.0,0.0,1.0,0
18023286,0,0.0,0.0,1.0,0
18028397,0,0.0,0.0,1.0,0
18035063,0,0.0,0.0,1.0,0
18035864,0,0.0,0.0,1.0,0
18058644,0,0.0,0.0,1.0,0
18058793,0,0.0,0.0,1.0,0
18062678,0,0.0,0.0,1.0,0
18076102,0,0.0,0.0,1.0,0
18080008,0,0.0,0.0,1.0,0
18087179,0,0.0,0.0,1.0,0
18088813,0,0.0,0.0,1.0,0
18098174,0,0.0,0.0,1.0,0
18099401,0,0.0,0.0,1.0,0
18111410,0,0.0,0.0,1.0,0
18123575,0,0.0,0.0,91.0,0
18133444,0,0.0,0.0,1.0,0
18142558,0,0.0,0.0,1.0,0
18149325,0,0.0,0.0,1.0,0
18163015,0,0.0,0.0,1.0,0
18187865,0,0.0,0.0,1.0,0
18220289,0,0.0,0.0,1.0,0
18231999,0,1.0,1.0,4.0,1
18232369,0,0.0,0.0,1.0,0
18248435,0,0.0,0.0,1.0,0
18264509,0,0.0,0.0,1.0,0
18267838,0,0.0,0.0,1.0,0
18292832,0,0.0,0.0,1.0,0
18302610,0,0.0,0.0,1.0,0
18302665,0,0.0,0.0,92.0,0
18302931,0,0.0,0.0,1.0,0
18305433,0,0.0,0.0,93.0,0
18305476,0,0.0,0.0,1.0,0
18341449,0,0.0,0.0,1.0,0
18412747,0,0.0,0.0,1.0,0
18425189,0,0.0,0.0,1.0,0
18440675,0,0.0,0.0,1.0,0
18464581,0,0.0,0.0,1.0,0
18485293,0,0.0,0.0,1.0,0
18500915,0,0.0,0.0,1.0,0
18500988,0,0.0,0.0,1.0,0
18501001,0,0.0,0.0,1.0,0
18527962,0,0.0,0.0,1.0,0
18538744,0,0.0,0.0,1.0,0
18545747,0,0.0,0.0,1.0,0
18551732,0,0.0,0.0,1.0,0
18566361,0,0.0,0.0,1.0,0
18566501,0,0.0,0.0,1.0,0
18570360,0,0.0,0.0,1.0,0
18597845,0,0.0,0.0,1.0,0
18598859,0,0.0,0.0,1.0,0
18604097,0,0.0,0.0,1.0,0
18620885,0,0.0,0.0,1.0,0
18625446,0,0.0,0.0,1.0,0
18630153,0,0.0,0.0,1.0,0
18639459,0,0.0,0.0,1.0,0
18644088,0,0.0,0.0,1.0,0
18648531,0,0.0,0.0,1.0,0
18655517,0,0.0,0.0,1.0,0
18656202,0,0.0,0.0,1.0,0
18679889,2,4.0,,,3
18695745,0,0.0,0.0,1.0,0
18740553,0,0.0,0.0,1.0,0
18785124,2,,,,3
18833414,2,4.0,,,3
18861011,0,0.0,0.0,1.0,0
18909888,0,0.0,0.0,1.0,0
18929470,0,0.0,0.0,1.0,0
18934019,0,0.0,0.0,1.0,0
19010160,0,0.0,0.0,1.0,0
19017386,0,0.0,0.0,1.0,0
19017854,0,2.0,,,6
19037563,0,2.0,,,0
19045334,0,0.0,0.0,1.0,0
19046339,0,0.0,0.0,1.0,0
19048289,0,0.0,0.0,1.0,0
19051631,0,0.0,0.0,1.0,0
19051762,0,0.0,0.0,1.0,0
19054481,0,0.0,0.0,1.0,0
19088042,0,0.0,0.0,1.0,0
19090042,0,0.0,0.0,1.0,0
19091931,0,0.0,0.0,1.0,0
19091995,0,0.0,0.0,1.0,0
19092010,0,0.0,0.0,1.0,0
19101351,0,0.0,0.0,1.0,0
19102929,0,0.0,0.0,1.0,0
19120772,0,2.0,,,6
19132527,0,0.0,0.0,1.0,0
19143114,0,0.0,0.0,1.0,0
19156025,0,0.0,0.0,1.0,0
19166349,0,0.0,0.0,1.0,0
19167389,0,0.0,0.0,1.0,0
19175973,0,0.0,0.0,1.0,0
19180425,0,0.0,0.0,94.0,3
19190681,0,0.0,0.0,1.0,0
19268007,0,0.0,0.0,1.0,0
19271710,0,0.0,0.0,1.0,0
19276024,0,0.0,0.0,1.0,0
19298625,0,0.0,0.0,1.0,0
19298644,0,0.0,0.0,1.0,0
19361427,0,0.0,0.0,1.0,0
19395500,0,0.0,0.0,1.0,0
19470184,0,1.0,1.0,2.0,1
19508873,0,0.0,0.0,1.0,0
19611917,0,0.0,0.0,1.0,0
19785305,0,0.0,0.0,1.0,0
19786464,0,0.0,0.0,1.0,0
19835787,0,0.0,0.0,1.0,0
19857573,0,0.0,0.0,1.0,0
19857577,0,0.0,0.0,1.0,0
19880680,0,0.0,0.0,1.0,0
19880740,0,0.0,0.0,1.0,0
19881737,0,0.0,0.0,1.0,0
19884188,0,0.0,0.0,1.0,0
19919566,0,0.0,0.0,1.0,0
19929273,0,0.0,0.0,1.0,0
19950281,0,0.0,0.0,1.0,0
19989037,0,0.0,0.0,1.0,0
20106468,0,0.0,0.0,1.0,0
20139548,0,0.0,0.0,1.0,0
20151537,0,0.0,0.0,1.0,0
20172310,0,0.0,0.0,1.0,0
20242957,0,0.0,0.0,95.0,0
20278329,0,0.0,0.0,1.0,0
20343986,0,0.0,0.0,1.0,0
20344845,0,0.0,0.0,1.0,0
20370716,0,0.0,0.0,1.0,0
20379247,0,0.0,0.0,1.0,0
20421224,0,0.0,0.0,1.0,0
20443362,0,0.0,0.0,1.0,0
20443420,0,0.0,0.0,1.0,0
20443457,0,0.0,0.0,1.0,0
20443501,0,0.0,0.0,1.0,0
20443505,0,0.0,0.0,1.0,0
20443544,0,0.0,0.0,1.0,0
20443571,0,0.0,0.0,1.0,0
20443598,0,0.0,0.0,1.0,0
20479959,0,0.0,0.0,1.0,0
20536322,0,0.0,0.0,1.0,0
20556072,0,0.0,0.0,1.0,0
20730780,0,0.0,0.0,1.0,0
20812872,0,0.0,0.0,1.0,0
20911961,0,0.0,0.0,1.0,0
20981306,0,0.0,0.0,1.0,0
20981350,0,0.0,0.0,1.0,0
21133456,0,0.0,0.0,1.0,0
21220994,0,0.0,0.0,1.0,0
