1,949,1115,1374,1108,431,1224
1,949,53,736,1730,1755,1108,1400,236,651,957,598,2337
1,1179,1361,51,1242
1,949,750,949,53,1361,155,154,1750
1,949,53,1361,1152,122,1478,1670,1532
1,949,1115,1512,497,1333,1474,2372,957,1720,1456
1,949,820,410,844,1360,2633,1304,2760,2491,2590,2069
1,949,750,53,736,482,2669
1,949,750,1180,910,1245,2571,1523,1387,1099,816,1497,1657,2329,1678,2393,2272
1,949,820,786,1323,294,1301,100,1256,2083,648
1,949,1115,1512,927,849,70,1079
1,2061,448,385,1648,1548,1688,1249
1,949,820,2320,456,618
1,949,820,73,1341,1532
1,1179,2066,1570,266,1340,1680
1,2061,736,2481,2066,1570,1508,1657,2645,622
1,1179,2336,1051,2393,1126,1674,1064,2079,1889
1,949,820,1180,1346,2652,2274,399,1041
1,949,786,384,512
1,1179,2336,282,640,402,344,471
1,949,1115,1334,743,547,1657,1648,800,1048,1541,1503,129,838,1678,2354,379,2764,741,489,957,1457,2234
1,949,786,449,51,154,66
1,2061,1687,147,1481,286,618
1,949,750,2061,435,2336,1569,290,1051,1383,2597
1,949,750,1180,2561,1084,563,1720,1456
1,820,1463,1338,1388,1086,1222,2168,802,1042,2205,2367
1,1179,2336,1051,1397,1782,2203
1,949,1115,1374,529,935,454,2181
1,949,1115,1512,2695,131,1663,282,289,431,547,607,456,2542
1,2061,1090,1152,1527
1,2061,435,1349,678,607,1020,68,728,1242
1,949,786,2264,2562,1637,2414,1723,1238,2329,1678,1085,1608
1,949,786,2521,294,1223
1,820,870,1657,1338,403,656,1268,625
1,1179,2336,2166,2625,1224
1,949,445,2633,2068,2558,2443,1675,2244,2371,2193,1085,2310,306,666
5,958,942,1530,638,1699,957,1215,1590
5,874,885,791,40
5,874,1774,1655
5,874,271,1889
5,1112,1573,2514
5,1112,353,1013,1049,1892,2455,1395,1658,607,2246,2272
5,824,1128,1742,643,206,197
5,918,726,2720,935,1720,2465
5,958,1225,638,656,1253,1709
5,726,1851,2322,2682,1279
5,874,885,2246,1407,2205,2272
5,824,752,805
5,918,726,1851,102,1562
5,1112,2072,143
5,918,108,747,816,319,1195,189,1511,2360,1675,1027,460,1288,2348,345,2390,415,2645,629,2664,2745,2152,1044,2295,2112,661,677,2584
5,726,2720,609,1301,1516,2105,1506
5,1112,272,1058,2387,2535,2639,2289,2198,569,2181
5,958,1225,307,1051,1397,1782,2436
5,958,885,791,1029
5,1112,752,644
5,918,726,885,1773,1384,1615
5,726,1404,1724,2616,1306,1457,40
5,1112,2638,740
5,874,1404,1370,1457,2584
5,958,885,1773,403,656,1439,1986,452,306,1630
5,874,885,791,2678,1990,806,1532
5,726,885,792,266,2006,1547,1799,1772,95
5,874,2489,955,667,1400,236,1402,2244,341,457,1630
5,824,2602,2598,540,570
5,874,2610,272,813,1369,1581,2372,529,1890,1497,2171,1402,629,2745,2772
5,874,1112,1360,2491,815,2105,655,1063,1606,1224
5,824,752,559
5,918,726,885,2246,1407,457,624
5,874,1851,2616,460,2102
5,958,1225,1445,2345
5,958,1225,638,778,1753,1694
5,726,1851,2322,2682,684,2367
5,1112,270,739
5,824,752,1756
5,726,2633,1671,936,2329,596,2397,1656,1265,503,681,1082,1680
5,918,726,885,1449,319,1983,1577,1712,1628
5,874,1112,2357,601,2720,792,1330,1700,1156,2364,1648,663,1145,1600,403,2390,1590
5,726,1373,1375,293
5,824,2602,558,1084,1892,48,1041
5,824,752,2652,1249
5,874,1014,1889
5,874,2368,415,293
5,958,2665,114,1452,1582,1384,674
5,824,2357,601,205
5,824,2602,563,926,2397,638,1051,2136,386,2605,1181,2236,2353,2750,100,2275,2493,40
5,1112,809,1784,622
5,824,2598,330,150,979,1100,170,179,291,652,1041
5,918,726,1146
5,1112,2602,1346,559
5,958,110,124,283,1405,1572,613,343
5,958,1225,1445,606,367,1591,1809
5,1112,2072,914,713,619
5,824,2602,558,1748,1879,2239
5,773,884,640,678,571
5,1112,2060,283,2667,739
5,874,1112,270,1173,1488,137,221
5,1112,2067
5,726,948,954,1898,1475,1780,1402,2280,1781,1249
5,958,942,929,1378,1215,1590
5,958,942,124,883,1445,137,226
5,1112,270,1248,2329,622
5,874,1851,2547,124,315,1826,1780,307,1268,655,1063,569,2402,376,2279,2193,1782,2436
5,824,1162,2477,1026,585,1499,1188
5,108,1075,885,2246,1407,2205,2272
5,874,271,2117,1590
5,1112,809,531,1304,1255,1890,957,2411,1770,2005,2733
5,1112,2072,158,2494,2507
11,775,773,126,2592,640,2591,1585,1735,1229,2476,1978,2203
11,775,1112,2072,1285,1452,1478,1338,267,762,1826,1569,1497,68,1081,1780,792,301
11,775,1112,913,2453,2105,2102
11,775,1112,752,2445,669,2352,2203
11,773,884,2246,1176,826,1464,444,1049,48,751,583,2199
11,775,1112,2368,1641,1265,396,1448,2343,2415,776,957,1788
11,918,875,918,726,1373,469,643,1618
11,918,726,1373,1195,616,1640,1628
11,775,875,775,875,824,752,2445,2601,1317
11,918,726,885,2244,341,2310,624
11,775,726,2665,1405,734,474,141
11,775,1112,1369,70,1995,2156,1463,1402,1678,1031,1927,1648,800,266,680,1253,1680
11,775,726,1146
11,773,1157,1075,811,172,667,791,2678,585,2202
11,918,726,948,954,2693,506
11,773,1157,883,791,2678,1103,1034,1738,800,2606,629,1182,399,1648,2682,2675
11,775,1112,2368,2343,40
11,918,108,1075,315,1445,403,357,2329,2210,644
11,918,726,1892,2705
11,773,1267,237,2713,39,1279
11,775,1112,271,2115
11,918,958,1112,2602,644
11,775,773,110,315,1445,1532
11,918,108,590
12,775,108,1075,315,1773,2130
12,775,1112,2368,685,2380,826,2329,585,902
12,773,110,1587,610,1041
12,775,108,318,2143
12,773,110,951,1316,791,1883,566,342,2523
12,775,1112,814,1387,1086,1087,89,1522
12,775,812,2111,2181
12,775,726,272,932,2633,2627,72,2673,2330,1569,1508,762,1641,1038,678,1038,678,1038,1542,166,1178,1013,2491,2590,2069
12,109,211,1013,1735,2411,1770,2280,2584
12,775,726,2491,1585,2322,1591,1614
12,918,958,1112,809,1788
12,109,2537,685,40
12,775,918,875,958,942,1561,2708,980,1788
12,918,726,2628,610,1192,1151,1852,1406,1374,679,2083,177,520,1642,2168,1194,1655
12,775,958,1225,307,1031,656,40
12,773,1157,1388,1577,1216,610,1890,957,1255,1675,2370,1085,2371,2456,1791,2236,2415,1173,104,2105,1279
12,918,874,1534,1144,751,2210,2656,952,629,1289,2152,612
12,775,875,874,272,2511,1934,626
12,775,1112,272,813,2081,1445,728,142
12,775,874,726,1092,1449,2713,1037,40
12,918,108,1157,1169
12,775,1112,1162,2118,2362,2459,2385
12,773,1267,1160,126,1751,728,1242
12,775,773,1157,1075,1225,791,1883,335,379,2675
12,775,108,951,928,1726,2239
12,775,918,958,885,2246,2272
12,918,726,1851,102,547,2390,1173,1082,1680
12,775,1112,1014,1691,2229,485,1039,1268,2370,376,1680
12,109,2624,2327,2246,1030,2079,1889
12,775,726,958,885,1773,1532
12,775,1112,2602,563,1788
12,775,1112,2602,441,1874,933,2411,1680
12,918,874,2491,968,2532,1891,2105,1608
13,726,328,590
13,726,1892,1144,1236
13,726,283,1892,2455,886,791,1031,630,1248,1653,1549,2683,2272
13,1112,270,1349,1472,1265,396,681,678,1265,2283,1445,1577,1712,2689
13,726,999,1873,2613,1401,1083,391,2059,2350,2643,650
13,1112,812,1457,2664,2354,1548,2184,1290,1712,2474
13,1112,809,1787
13,726,2489,1894,933,1706,1051,1519,2315
13,874,2489,930,2768,1691,1616
13,726,885,2246,1182,564,2662,1860,1402,96,2689
13,726,885,415,1612
13,726,999,121,1152,2480,197
13,1112,2060,885,2246,2380,2102
13,1112,2665,713,2708,2600,656,2681,1288,2354,2181
13,726,135,891,2362,1537,2710,1872,141
13,958,126,803,1341,1640,1064,1173,2379,1400,616,1583,1255,2337
13,958,951,541,1143,1720,2105,1391,1688,2083,648
13,824,752,534
13,726,948,954,705,205
13,108,1267,1160,321,1270,1587,2143
13,108,1157,315,638,1047,1532
13,958,942,1587,2592,2330,1185,1654,2729,1508,1657,2185,279
13,824,752,2445,2680
13,824,2602,558,1095,1696,132,1662,2168,460,1608
13,958,2457,2665,713,619
13,726,1534,1143,506
13,874,1534,2494,2152,2473,2353,1860,2076,1991,1648,2168,40
13,958,1075,883,791,2678,2343,2272
13,824,752,2705
13,874,1774,1655
13,1112,2368,656,40
13,726,1892,2705
13,1112,2665,713,98,1324,1321
13,958,885,791,1085,1986,1704
13,958,942,1515,1612
13,824,738
13,824,2602,563,1439,606,367,1224
13,726,1373,1375,2167,228
13,824,752,1756
13,824,2602,441,506
13,1112,814,1082,1675,2291,1499,972,1770,594
13,958,1225,307,2678,615,1535,1402,622
13,726,1112,2067
13,726,2471,431,1731,553,1680
13,1112,1014,1691,2244,388,1027,1278
13,824,2602,1718,534
13,726,2489,1572,267,667,882,529,2381,2713,1712,2015
13,1112,2173,1637,2079,452,306,1889
13,726,1373,1375,1314,2345
13,874,1112,2602,558,260,1844,1480,1216,431,2678,2504,1029
13,1112,2638,2729,2642,2263,1665,460,2102
13,824,2357,601,641
13,1112,2602,2350,528,1854
13,726,885,1773,2404
13,824,752,454,624
13,109,211,1013,932,2633,132,2679,1680
13,824,1162,891,2257,1494,835,1787
13,1112,2357,1948,482,2177,945,362,639,751,1027,802,919
13,1112,2060,885,2244,1986,452,2524
13,874,1851,102,957,1457,376,1680
13,1112,353,818,2491,1774,1627,1628
13,1112,270,963
13,1112,2602,738
13,726,961
13,824,2602,1432,886,1445,2642,1028,606,367,1253,1702,1255,2337
13,1112,1162,2729,2642,792,1048,2329,2244,735,2310,2717,2111,2012
13,824,752,2577
13,1112,886,791,2678,1027,2683,1278
14,775,773,1267,2081,2263,2684,1506
14,775,918,1112,2060,975,122,51,1242
14,775,1112,270,1248,1051,2585
14,108,1075,789,514,2602,2335,980,926,489,2103,1374,456,2463,1354,1649
14,775,726,1892,292,674
14,775,108,1157,1530,1445,2600,800,301
14,775,726,1146
14,775,109,2537,267,2283,2390,301
14,775,108,2457,121,1477,2121,486,2431,1212,364,1031,656,415,1488,285,2401
14,775,109,126,2592,137,226
14,918,726,2688,898,1260,351
14,775,726,283,167,1851,2547,2093,955,1038,1656,205
14,918,958,942,2659,713,619
14,918,726,874,1534,825,1049,48,2167,2762,664
14,775,875,918,958,1112,752,506
14,775,1112,1364,409,1398,415,2329,1027,2188,2303,376,1680
14,918,958,1112,245,2103,1463,1402,597,1792,629,2635,40
14,918,1112,814,2564,1879,1290,1215,834,1608
14,918,726,874,328,590
14,918,726,1112,2060,1874,640,1991,1799,919
14,773,951,121,74,2372,236,2381,1041
14,918,726,875,726,283,1744,792,301
14,918,874,1112,270,1349,1338,2600,571
14,775,958,942,245,816,1497,1394,2263,1292,272,2511,230,1583,1088,1087,1488,1384,2374,1340,2304,1085,1590
14,775,773,747,205
14,775,108,1157,928,2612,1162,891,2362,910,2140,2004,1037,2200,335,1035,2415,415,2713,1712,1446,934,1014,2727
14,918,875,775,812,2137,702,1780,1665,460,622
14,775,109,2624,704,1655
14,775,875,775,1112,271,2739,2130
14,775,918,958,2457,237,1503,1117,2373,777,1569,319,2330,1099,816,1508,2283,2263,2390,1268,335,1027,2188,2303,1085,2205,1590
14,918,726,1092,1655
14,918,875,824,2598,1545,98,1286,1724,1395,1773,266,367,1628
14,775,1112,2067
14,775,875,918,875,726,885,2246,1182,1133,834,1590
14,918,726,1851,102,547,1699,791,2678,597,2323,451,1614
14,918,1112,165,451,2395,2715,791,1085,2280,2234
47,775,812,2533,1188
47,775,109,211,762,1773,1396,1659,2087,1013,1395,2244,306,2309
47,775,1112,2081,1445,1384,2345
47,918,726,999,469,287,1271,1255,1770,2387,2396,1814
47,775,918,773,1157,1530,640,1402,1678,1187,1027,2331
47,918,773,2457,237,294,1223
47,918,726,1373,1195,2636,1195,1750
47,775,1112,245,1773,1662,1678,1080,2017
47,775,875,775,108,2457,237,1503,102,1664,1720,1395,656,40
47,775,1112,2357,160,454,624
47,775,874,1774,1356,2280,2315
47,918,812,1921,2600,2168,1268,1608
47,775,109,1075,281,315,791,1883,1027,1279
47,918,812,1500,2202
47,918,726,272,353,818,1635,2060,1947,122,2363,1048,547,1657,129,1652,2121,1047,1532
47,918,726,1112,2602,1432,2480,89,1522
47,918,726,230,2600,2606,622
47,918,726,885,685,802,1103,348,1700,51,278
47,775,1112,2610,270,1349,1472,607,1445,1086,284
47,775,812,2111,2181
47,918,726,229,652,777,1753,224,2145
52,949,822,1361,2065,296,294,1105,620,1452,129,2686,399,2329,2244,701,2672,1922,1031,364,1031,1265,396,2378,1041
52,949,820,1463,2329,1678,372,1792,2013,2315
52,949,820,2268,126,1751,197
52,949,2061,448,253,122,1152,2665,1405,527,1655
52,1179,2336,282,1640,1281
52,949,820,1115,1469,1249
52,949,786,389,1670,2381,387,429,1621,2631,809,1787
52,949,820,949,1179,2336,1018,1680
52,949,1115,910,1387,2728,2117,1173,957,1215,1608
52,949,1115,1432,317,2246,2006,1082,1680
52,949,820,410,1457,1279
52,949,786,295,1079
52,949,820,430,1402,1548,399,2329,2244,379,1590
52,949,750,786,1463,1041
52,949,750,1180,805
52,53,1361,1416,1402,96,2152,1044,1032,2393,2354,1034,1739,611
52,53,448,72,2549,2549,1486,1041
52,949,786,2066,1643,2329,2435,1268,1047,2329,1678,597,1029
52,949,1180,894,477,384,957,1255,1041
52,949,750,893,2520,2154,1051,806,1532
52,949,820,1361,2264,2336,1402,1678,1182,347,1051,2393,2607,2236,1738,661,551,2768,1584,496
52,949,53,736,2481,1696,1107,957,1215,1278
52,949,786,1140,600,1402,622
52,949,53,435,2126,2329,1548,1549,676,2203
52,949,1115,2335,1784,1591,1049,2519,1689,1626,2441
52,949,820,1463,2329,1678,2354,615,2420
52,949,820,410,915,2246,1407,1590
52,949,820,2154,2437
52,2061,736,449,74,1086,1612
52,949,53,448,1643,282,1086,1612
52,949,1115,2335,838,1326,623
52,1179,2066,1368,1385,2117,2489,899,230,935,1706,1709
54,949,786,72,1893,1531,2764,267,1657,68,66
54,822,294,1223
54,949,1115,1432,2659,125,2480,414
54,949,822,692,1048,1108,2645,629,1030,2379,307,40
54,949,820,430,1670,266,663,2130
54,1179,435,2126,2329,1678,1790,735,664
54,949,53,736,1687,2549,994,1741,2269,1874,640,1648,1548,2681,629,1030,656,2681,2205,1738,1871,1699,307,1030,629,2297,2354,1027,2603
54,949,750,1180,441,932,999,2537,205
54,1179,2066,295,278
54,949,820,1706,1709
54,949,1115,1432,448,2711,68,113
54,949,820,1706,1442,900
54,949,820,786,2521,1650,1649
54,949,1115,2068,2064,1893,2765,2580
54,822,1687,1696,1844,989,1641,1265,503,2383,2397,608,1503,236,289,610,2167,205
54,949,820,1115,558,2563,2568,2209,1481,289,1265,396,1282,1535,1653,1549,2683,1249
54,949,820,1706,1680
54,949,1115,1432,316,1637,685,1738,622
54,949,820,1115,1416,1041
54,949,822,1361,1079
54,949,1115,441,1874,641
54,949,820,2061,2336,2166,1326,2280,2585
54,1179,2336,1051,376,1680
54,949,786,247,1823,2079,735,1608
54,1115,1232
54,949,53,1090,1995,1341,728,171
54,949,1180,1346,2652,2100,2523
54,949,1115,1432,883,1773,933,1706,2420
55,1115,2459,1304,2299,1061,1585,1058,1229,2476,1799,655,1060,95
55,1115,2459,531,1304,285,1314,534
55,893,1518,1176,572,833,496
55,893,844,1599,1562
55,786,248,148,1756
55,820,1115,1334,1720,2465
55,822,1090,155,883,2246,400,629,1133,834,1772,457,2402,1782,2278
55,786,1322,2140,1086,1222,776,419,2079,1614
55,1180,894,477,1662,2606,629,1249
55,1115,2335,2679,1680
55,786,72,1696,2445,669,437,844,2547,1645,2477,640,1656,978,656,2681,1674,2397,2728,1088,2077,1516,2322,1330,681,1082,2437
55,1115,1493,527,1655
55,1180,1346,2463,2650,1738,2236,1739,2181
55,786,410,1234,1082,2437
55,1115,2561,752,539
55,786,295,51,170,205
55,786,2066,673
55,1115,2054,1322,1375,293
55,1115,600,2329,996,588,1556,2664,2337
55,53,279
55,1180,558,1377,555
55,786,295,1079
55,786,1323,294,1098,1403,2729,2642,2263,2684,655,1085,2205,2683,1249
55,1115,441,899,230,2083,1711,301
55,1115,1432,1293,1445,606,367,1331,817,1041
55,893,2520,2581
55,1180,894,944,2491,972,1770,1326,1027,2646
55,786,482,1474,2381,1041
55,1180,1346,1059
55,820,2411,2732
55,1115,1432,317,2244,338,607,1108,607,1655
55,1180,558,914,2559
55,786,1322,155,689,1286,641
55,786,1140,2066,589,1341,1301,1720,2154,2052,1699,791,1883,379,629,2337
55,1180,441,644
55,786,73,1670,292,1255,1041
55,893,2459,1304,2299,2387,501,838,594
55,822,1687,1696,1663,1105,2081,1445,1503,1394,2326,791,1031,307,1182,681,1082,1243,535,38
55,786,449,1478,2263,2390,1268,496
55,1180,1346,1059
55,1180,441,752,1763,2106
55,820,1322,155,2163,2605,583,2315
55,1115,1327,260,2445,586,2527,2389,735,471
55,786,71,539
55,786,248,84,2132,1194,1649
55,1115,804,155,1081,1222,2182,1739,2308
55,893,2459,563,1787
55,820,1115,441,752,1059
55,1180,894,930,2762,664
55,1180,1346,506
55,786,389,1670,289,608,275
55,820,2154,370,2387,1712,2074
55,893,844,2267,2765,264,152,2014
55,786,74,1394,652,1654,2130
55,820,1115,894,2118,2257,2459,1258,1591,1049,948,2547,1369,885,2246,1407,1279
55,1180,441,899,1387,2684,2102
55,893,936,1108,1400,267,1657,2645,629,1176,2769,1239,1034,40
55,1180,1493,2521,1650,1286,1228,1852,1406,2320,2087,1013,2060,2518,1171,1305,1646,1092,1773,1301,137,1982
55,786,295,1079
55,1115,2335,1094,966,681,678,1265,503,681,1468,51,63
55,820,2268,1780,791,1268,1759,503,639,1809
55,1115,1232
55,1180,563,1145,1600,137,226
55,1180,1346,534
55,786,1057,1341,137,1982
55,893,2349,2683,2272
55,1180,558,1124,1264,752,2559
55,1115,910,2575,2459,1258,2127
55,786,1463,678,2289,1439,496
55,1115,1432,127,1054,2121,1224
55,893,1463,1569,607,2246,1407,655,1063,664
55,786,2066,1643,1340,2337
55,786,73,1402,1548,1133,834,1608
55,786,295,278
55,1180,441,1143,1144,301
56,949,1115,1334,230,1640,2684,629,1209,2331
56,949,1115,441,558,2777,1308,945,1093,127,708,570
56,822,1361,294,1780,1665,1590
56,949,820,870,2329,966,1282,2431,2202
56,949,949,1179,1361,2062,1670,1532
56,949,1115,1232
56,949,750,893,1304,1387,1086,293
56,949,786,73,823,2713,1584,2410,2387,2535,2299,105
56,949,53,692,490,1949,2711,155,2636,1637,791,301
56,949,750,949,1179,2066,1843,406,1761,1753,1580
56,949,820,1463,1670,2121,1281
56,949,820,1115,441,558,660,1136,2542
56,949,820,1463,1402,1027,1029
56,949,53,2066,2231,282,289,610,1192,1904
56,949,1115,2335,2679,1770,40
56,949,820,1115,441,2561,752,539
56,949,820,1361,1057,1340,2052,2013,2315
56,949,820,1463,1569,1508,1657,1402,1674,2255,347,1658,266,680,812,1770,1331,1699,791,1883,2007,1597
56,949,820,786,1322,155,197
56,949,1115,2561,1056,1162,293
56,949,2061,1361,384,2480,278
56,822,1361,2063,1086,1222,529,2130
56,949,822,1090,1152,2480,1582,1226,1569,2600,1792,2236,2415,1292,1195,155,1449,2600,622
56,949,2061,435,2336,2645,427,1122,2102
57,949,786,73,1402,1027,1268,2523
57,949,1115,804,2068,2335,1787
57,822,1361,294,1223
57,949,822,1090,2481,2269,1143,644
57,893,1463,1041
57,949,820,2481,1152,2480,278
57,949,820,1323,1361,72,1293,1445,608,935,501,1562
57,1179,482,2177,2121,2005,2311
57,1115,1509,1463,2329,96,2431,2202
57,893,1227,456,1114,2739,1051,806,1279
57,949,786,394,2767,2739,2210,506
57,1179,2066,2231,2329,1674,399,1041
57,949,1115,1512,927,505,1236
57,949,2061,736,449,155,728,1192,1170
57,893,2685,2068,1078,2374,1041
57,893,2137,650
57,786,73,1341,137,465
57,893,2154,1675,1027,2456,2745,2431,902
57,949,1115,558,1405,734,474,1277,2107,1772,2306
57,822,1361,278
57,949,1115,849,2062,1051,2456,1791,427,1738,800,301
57,949,820,1180,910,1245,2576
57,786,394,2394,362,1698
57,949,1115,1512,927,531,1304,2410,2597
57,1115,805
57,1115,563,1720,1014,1356,2367
57,949,750,786,870,2283,1648,1990,2456,1126,1987,336,606,680,1331,1051,535,386,367,172,1145,1661,2739,1616
57,822,1687,147,1756
57,949,1115,1537,1323,1057,1385,1615
57,949,1115,441,2705
57,949,750,949,820,786,295,1468,1081,2240
57,949,750,786,1361,74,1394,2263,1292,2636,1899,1440,2330,1040,1041
57,949,53,2336,1402,583,1064,741,1402,1990,806,2354,379,2102
57,1115,539
57,949,1115,441,1143,1720,1870,2455,2490,271,2722,1058,1229,2649,1609
58,2061,2336,1991,357,2645,2102
58,949,1115,441,932,2633,2363,1479,935,1516,2105,1871,1699,2244,735,626
58,53,280
58,53,448,1152,329,751,2402,2337
58,949,820,1463,2171,2246,40
58,949,820,410,2490,1445,728,1522
58,949,820,1730,1387,2160,2397,236,651,236,1290,454,95
58,949,786,394,1478,2246,1407,1590
58,949,786,73,1670,606,680,301
58,949,2061,1361,2065,1696,560
58,949,1179,435,2336,129,1664,2244,379,2675
58,53,279
58,822,1361,2483,1488,1638,2443,1702,2579
58,949,1115,894,647,1843,137,2764,607,2171,2591,1774,1889
58,949,786,2185,1413,1823,2366,1656,512
58,949,820,1463,2329,1990,2456,1791,427,2415,452,2524
58,949,820,2154,1519,2315
58,949,949,820,1730,2268,1301,2381,1650,2764,2263,2380,1591,1691,2244,344,457,2309
58,949,1115,1432,788,2330,699
58,949,1115,441,2705
58,949,1115,1416,1402,1678,2678,615,2431,2302,535,386,354,2168,2683,1590
58,949,1115,1247,844,1952,310,1774,1655
58,949,1115,2335,2115
58,949,1179,2336,1402,596,1126,1674,2397,1825,935,2157,2764,1655
59,1179,2336,129,838,2625,1292,640,1472,78,428,9,170,67
59,1179,2336,1991,1051,1680
59,2061,482,2054,2231,1488,2729,1825,1532
59,949,1115,558,1748,468,1844,387,307,1268,655,1666,612
59,949,820,73,2645,622
59,949,786,296,1079
59,949,53,736,389,1402,2244,735,1608
59,1179,482,1480,2381,387,2103,2451,2616,1031,307,1176,1173,2283,823,2713,2132,1194,1286,2651,1649
59,53,448,1478,1670,2083,177,520,407,1761,2725,2255,2276,399,365,1076,307,1051,2304,2229,2083,152,228
59,2061,435,1696,1277,2107,2130
59,822,1361,449,278
59,949,1115,441,1364,994,1234,2275,2493,2234
59,1179,2336,1402,1628
59,949,822,435,1755,1648,1674,639,1890,431,350,285,189,1087,343
59,53,2336,2171,792,266,680,1666,612
59,949,786,1322,1375,293
59,53,1361,51,1079
59,949,820,410,1370,743,307,1051,806,1890,236,1228,1852,350,2121,1628
59,1179,2336,1402,2244,1047,1051,535,2273
59,820,410,2490,656,751,2435,1060,1986,344,1045,347,791,1883,566,2301,1045,1391,1978,40
59,2061,1361,278
59,949,820,1463,2645,1678,1883,1555
59,2061,1361,294,1223
59,949,1115,1509,482,2457,245,685,40
59,949,822,1361,449,155,1588
59,949,1115,1416,1341,728,1522
59,949,822,1361,1079
59,1179,1361,1478,1445,1254,674
59,1179,2336,1402,623
59,949,53,448,295,2521,1478,2246,2397,1921,1890,1173,1488,2083,177,9,154,1588
59,2061,435,296,673
59,949,786,2008,2283,638,678,1038,547,777,428,2588,1121,2335,2580
59,949,1115,1432,1361,2062,1341,1508,1657,68,170,177,520,2600,900
59,949,1115,1313,228
59,2061,1361,1079
60,1180,1346,1603,2493,1249
60,786,384,1751,1826,1340,2304,1782,2278
60,1115,1432,385,1648,800,460,629,1249
60,786,1463,129,1664,2117,2322,1616
60,786,1185,293
60,893,2575,1524,1107,1503,656,751,2291,902
60,53,280
60,1115,1416,1051,2136,386,354,1182,2379,1400,170,177,510,667,962,1301,1245,2431,2603
60,893,1537,2262,2363,1991,876,460,2102
60,893,1463,1338,267,762,607,2329,596,2397,1650,152,2652,2234
60,786,870,2329,583,2200,485,2714,1027,2331
60,1180,441,506
60,786,2481,2264,131,989,2379,1400,403,2263,103,2275,301
60,1115,438,459,389,1670,1378,2375,2600,1678,969,1019,1224
60,1115,1346,506
60,786,870,1657,1699,685,2367
60,822,1687,2521,728,423
60,1115,1416,2171,415,2713,1215,1590
60,1115,441,1874,137,1649
60,1115,805
60,893,2154,1770,2387,2714,996,806,1532
60,1115,994,1349,2171,2713,1215,1506
60,893,132,2679,1680
60,893,844,1171,1155,229,652,989,2263,2390,2280,376,1680
60,893,132,650
60,2061,448,736,1366,389,1341,607,1099,816,2600,2606,629,2716,17
60,1115,441,1345,888,1109,1481,286,228
60,786,73,2156,743,2246,1182,678,1038,1445,1086,1612
60,820,870,1657,1448,96,696,2698,901,2399,356,2504,1085,1608
60,893,482,2685,1343,2004,1255,2337
60,820,844,2547,884,1445,2600,2606,347,1271,1255,2302,2304,1785,2255,347,1700,2064,2364,1028,1391,1715,2683,1312
60,820,1463,1402,1027,2683,1249
60,1115,894,647,1755,1341,641
60,2061,435,2336,129,678,1265,2329,2244,735,496
60,893,1518,751,2402,1085,1027,2188,2237
60,2061,1361,1488,2373,989,1647,808,929,137,1286,2004,2706,1442,606,680,1029
60,893,1115,1509,1091,533,844,2403,899,930,916,1228,1662,2606,427,1122,2236,2337
60,820,844,1360,1572,757,743,1655
60,893,870,2085,1248,2329,596,1604,1195,613,1314,506
60,1115,558,554,1346,1584,1356,1268,1047,1479,1659,2087,2085,531,2520,1859,1877,934,2105,2102
60,1115,1416,2171,1402,2280,2436
60,1115,558,2536,2666,1400,236,652,777,1753,1694
60,893,410,2715,271,1356,1678,2354,615,2187,1212,1871,497,129,1664,2244,379,2102
60,893,2335,1626,1706,1675,2168,2683,1249
60,893,482,1526,1192,1203,129,2121,2289,1439,2371,386,2605,1030,1583,2374,866,930,1328,2702,1573,2514
60,786,394,1844,1863,2085,153,733
60,1115,910,1245,1116,1360,1659,2654,555
60,786,73,1402,996,1383,2323,611
60,53,692,503,2378,1654,2604,2130
60,893,2140,1026,2280,2646
60,1179,482,739
60,893,936,1051,535,386,354,1548,399,1648,996,806,2415,1678,2297,677,376,1680
60,820,2154,1770,2597
60,2061,1361,1079
60,1115,1432,1118,282,1228,1654,1384,740
60,893,430,2329,2435,2597
60,786,2481,2710,2116,2083,1711,2083,648
60,1179,2336,2171,685,40
60,786,394,469,395
60,893,1238,1051,1519,2331
60,1179,2336,1402,622
60,893,1227,1780,1670,1503,1665,2681,1287,1890,78,1753,1904
61,53,435,1537,389,2645,622
61,949,822,1090,1478,1341,609,1301,1720,2581
61,822,294,285,1041
61,949,786,2264,131,528,555
61,949,786,71,2499,535,2273
61,822,1361,1079
61,949,750,786,1366,278
61,949,820,1361,1079
61,893,849,2592,933,1788
61,2061,435,1741,1570,2397,791,2678,996,1785,2585
61,949,1115,910,1245,2431,1499,322
61,949,820,1115,1512,982,943,528,1562
61,949,786,73,2329,1027,2273
61,949,820,1463,679,2083,1655
61,949,820,1115,445,2465
61,949,820,1115,441,536
61,949,786,394,1478,791,1790,735,1608
61,2061,2336,1699,791,1051,2279,2278
61,2061,2336,1385,1720,2154,1675,2289,551,506
61,949,1115,1660,2390,40
61,949,820,2685,926,1604,2600,2380,347,778,1271,1706,1442,2280,2585
61,1179,2336,1018,1510,2064,1332,2224,539
61,893,2459,2520,2159,1770,2005,2703
61,949,820,1115,1432,1374,2329,622
61,949,1115,2335,1809
61,949,820,844,2547,789,1225,685,40
61,1179,2336,282,1640,2488,40
61,949,1115,1432,2480,278
61,949,786,2066,1570,293
61,949,53,2066,511,1648,2168,40
61,949,53,279
80,918,726,1373,1659,456,618
80,775,726,283,1155,1107,319,762,685,1738,1871,2606,2295,1739,2181
80,918,1112,2610,985,1526,1385,1809
80,109,2624,1171,1534,1143,2467,2199
80,775,875,775,726,1373,1403,816,1662,629,2337
80,918,726,2471,101
80,775,1112,812,815,2083,648
80,775,1112,2357,2526,1489,1492,550,618
80,773,110,237,2521,278
80,775,874,271,1614
80,918,958,1225,307,1268,1047,1051,2136,266,367,571
80,775,109,883,685,40
80,918,726,1092,1658,1503,1655
80,918,958,951,1515,2720,2729,2642,1665,2681,1045,1027,1029
80,918,773,110,2548,110,1072,1098,957,1215,141
80,918,874,885,1445,606,367,415,1654,2289,1666,485,100,2275,2277,585,2687,1019,606,367,1331,1699,1773,266,2079,1889
80,918,1112,2067
80,775,726,2665,713,1321
80,918,108,2457,2338,2326,638,1402,1678,969,2152,1287,1792,2181
80,775,918,726,1659,1863,1013,2469
80,775,875,775,812,844,2708,2600,2728,2374,141
80,918,726,2637,1662,2280,1783,446,1027,2199
80,775,1112,2602,2350,2643,534
80,775,874,1845,1253,2437
80,775,812,2760,2491,1014,1356,1268,606,680,1282,2152,2366,777,428,1694
80,109,126,2592,2330,678,1038,1108,1503,1445,1640,2684,1506
80,918,875,918,1112,814,1374,1402,1027,2331
80,775,1112,2067
80,775,1112,2093,1075,1316,2326,2283,823,1508,1129,656,2289,1439,2309
80,775,1112,2598,2384,540,1562
80,775,1112,2368,1173,1488,1228,1650,1649
80,775,108,1075,811,1013,954,1898,555
80,775,875,918,1112,2464,2623,2409,137,1649
81,775,726,323,2246,2006,1532
81,775,1112,2663,1360,1952,2491,2590,2069
81,775,773,1157,1403,1826,1823,2537,205
81,108,590
81,918,108,1267,2477,609,2729,1508,1657,2166,1204,2394,818,1369,74,1780,679,2684,1608
81,775,1112,1360,1572,403,792,266,367,1628
81,775,812,1585,2069
81,775,108,1267,590
81,918,958,1225,307,1326,966,2283,1445,103,2275,2493,1249
81,775,1112,814,988,2682,802,340,427,2348,2013,2234
81,775,1112,2602,1346,454,630,2764,205
81,775,108,1157,315,529,2604,2382,957,1255,1770,2387,2472,306,2775
81,775,1112,1014,735,1506
81,775,108,1157,590
81,918,1112,1014,2410,2387,2714,2280,2277,2005,2199
81,775,1112,1128,1084,1155,563,540,650
81,775,1112,2072,1355,1612
81,773,2457,2592,137,1286,1874,1378,2375,957,2375,2405,1851,813,2602,441,1364,1509,1374,1041
81,775,1112,814,2320,2087,1013,932,2067
81,108,747,1773,1378,45,2658,271,1889
81,775,1112,2665,713,1059
81,775,726,1373,1375,293
81,775,958,1225,1445,1252,2375,791,2678,615,2431,2579
81,918,726,1002,788,2729,293
81,775,1112,2368,415,1402,1027,2331
81,775,1112,2357,1948,1426,72,114,652,1654,2083,205
81,918,874,1845,1312
81,775,875,958,126,590
81,108,590
81,775,109,1267,122,1478,1449,978,1826,2171,2390,1890,607,1648,1288,1791,2236,1122,622
81,108,1075,1075,328,590
81,775,1112,809,2360,1510,2064,895,477,1662,2168,1540,743,2605,583,2584
81,773,590
81,775,918,875,824,752,2559
81,775,773,126,1751,278
82,773,2457,237,1650,1649
82,958,885,2244,338,2102
82,874,1874,933,1788
82,726,885,2246,40
82,773,1157,2409,640,2246,2380,2625,2379,1655
82,958,885,307,2229,1598
82,108,590
82,726,1851,102,1656,957,1255,2731
82,958,885,1773,606,367,96,2546,1034,2353,2504,2255,572,833,2236,1738,2236,2337
82,1112,2072,914,1071,403,2171,2379,307,1268,1045,1027,460,1279
82,874,2368,1173,365,2623,929,1577,1788
82,874,1851,2322,1029
82,875,824,752,1321
82,726,1014,1356,1439,1986,654,1027,2603
82,958,2457,110,249,2336,1402,826,925,1387,2441
82,108,1157,2480,278
82,1112,1162,891,2257,2335,2556,1745,2675
82,874,2067
82,875,726,1112,814,1755,1648,1674,399,365,762,638,1658,741,1508,2326,1338,757,743,656,2280,2277,2291,285,189,1203,667,1664,2739,1616
82,874,1873,1285,1228,1654,2130
82,918,726,885,2246,1182,778,1757,1402,2244,336,569,2775
82,1112,2602,805
82,958,1225,307,2354,1674,1549,1278
82,874,1534,310,1585,1735,696,1085,1608
82,1112,2173,1537,1308,527,675
82,726,283,1261,2140,1086,1314,1202,1046,1202,1718,989,2246,2272
82,726,109,2537,1445,1845,751,571
82,773,1069,514,2633,2055,137,2289,1439,606,680,1029
82,958,1112,2072,1246,2616,2289,1085,1769,919
82,918,108,1157,1530,1445,606,367,96,2465
82,773,2457,110,951,121,2481,2264,1663,282,2729,2713,1584,1042,427,40
82,874,1534,1952,740
82,958,2457,620,792,1330,2378,1108,403,426,1655
82,1112,2067
82,958,2665,713,2663,2765,2580
82,773,1157,2143
82,1112,353,757,885,2246,2006,2159,2437
82,1112,2060,942,1002,789,2624,283,1155,2626,289,1577,674
82,726,2471,1844,235,1018,2052,1027,2331
82,874,1534,2633,2068,2335,1787
82,958,885,2244,336,2306
82,958,1225,1445,1532
82,958,1225,791,1883,338,629,2587
82,958,885,2244,344,457,306,1889
82,874,1874,104,2728,2083,648
82,958,1112,270,1664,2117,431,1699,685,2380,1591,1614
82,874,1845,1720,2322,1407,2127
82,1112,271,1889
82,108,1075,1225,2246,1176,572,460,1279
82,109,1157,315,791,1790,335,622
82,874,310,937,2014
82,958,885,2246,1182,876,2331
82,958,1225,1445,1252,2374,2270,1194,2596
82,874,1112,1360,2633,2363,1468,1662,2678,1181,622
82,958,126,1751,67
82,1112,809,2580
82,958,885,685,802,2295,1739,2181
82,958,1225,791,2678,628,1085,2205,2683,684,1249
82,874,328,126,1169
82,958,1225,791,1268,626
82,773,1075,2548,512
82,918,875,918,1112,1364,1083,441,932,2633,2335,1788
82,773,126,2592,640,1648,1288,1122,2013,2315
82,726,2471,101
82,109,2665,713,469,643,206,222,1018,1675,1616
715,893,1463,2645,629,1978,40
715,820,1115,994,1741,552,570
715,820,1115,441,1318,2547,955,1400,267,1657,1341,1662,1674,399,1041
715,822,1361,1995,1670,2600,622
715,2061,736,482,2514
715,1115,441,2652,2703
715,1180,441,1143,2520,937,228
715,786,2066,295,294,2372,1497,1468,1508,762,1526,651,963
715,1115,441,559
715,822,1361,1079
715,1115,1232
715,1180,2561,1155,2575,1671,1571,1670,1081,1216,2764,2076,1394,1072,282,2729,1508,1657,1991,1799,1769,919
715,820,870,2283,1773,170,66
715,1180,1346,2650,2678,77,2431,2738,2348,2430,711
715,893,2320,1863,1013,932,1874,1826,2171,266,367,2208,1642,826,2255,876,2493,1278
715,1180,894,930,230,1049,1952,310,968,2535,2639,2289,900
715,1115,1660,2645,1608
715,1179,2336,1402,1990,2393,1503,2329,2244,735,1759,396,2378,1271,1680
715,820,844,271,2117,2682,40
715,1179,435,2062,1402,2682,2461,2337
715,1115,2363,2155,2111,2181
715,786,295,278
715,1179,2336,129,962,189,1511,2360,1510,1416,1041
715,786,2066,589,1652,2343,2272
715,820,410,1244,749,1384,1615
715,893,1671,2564,2562,559
715,820,2159,1051,535,2331
715,893,844,2547,249,1227,1099,1449,1503,567,1691,1033,2200,1987,1630
715,1115,804,1684,2711,1478,791,1085,1590
715,1180,1346,1321
715,820,2061,1361,1152,587
715,893,844,1599,114,1452,1338,78,428,733
715,820,1463,1051,677,2337
715,893,410,1037,551,2768,226
715,893,1671,1334,1723,1238,1402,2168,1590
715,893,1115,1346,738
715,786,2063,1991,357,1991,1799,834,1279
715,820,1091,1660,2390,2675
715,893,2140,1252,2275,2077,2104,1506
715,893,1238,1340,1519,38
715,893,2008,823,777,1753,509
715,820,410,615,2323,2015
715,893,2268,1640,2603
715,893,394,2394,1093,2610,272,2117,1810,2420
715,786,1687,1696,1257
715,820,1322,2477,2372,236,2372,1041
715,53,435,2336,1569,1285,2729,1650,2764,205
715,893,1463,2156,1717,1243,1680
715,1180,558,924,141
715,893,1304,2299,973,2581
715,1115,445,1500,2111,664
715,1180,2561,2269,738
715,1115,441,808,2612,249,147,1843,792,399,606,680,2208,2118,2257,2459,538,1337,817,1653,1715,2675
715,786,2521,1081,292,1516,1395,547,1265,396,639,1039,1051,1052,1739,2074
715,893,1671,1518,1029
715,893,2349,2255,572,2683,1590
715,820,1115,1432,2480,170,1750
715,820,870,991,1204,1755,129,1385,1809
715,1180,558,1095,2559
715,786,2066,1643,1488,285,1314,2542
715,786,1140,600,1338,757,885,791,1883,379,2764,1655
715,1115,445,2633,2363,989,365,762,2246,2684,1591,1809
715,1115,441,899,230,2600,2682,2675
715,822,1687,2549,1728,1308,1328,228
715,893,2459,2385
715,893,2140,1086,1612
715,1180,1346,2652,2199
715,1179,2336,1699,415,2713,1037,1249
715,1180,441,932,2633,927,1232
716,820,1706,1709
716,893,1518,1029
716,1180,441,1874,1577,2474
716,1180,910,1245,2420
716,893,1463,1341,1396,1374,1026,415,2645,622
716,1180,441,2652,2331
716,786,2066,1843,792,1330,2678,1181,1628
716,1115,804,505,2134,2292
716,893,1227,1086,1222,2168,802,1548,1549,2683,2272
716,1115,441,506
716,820,1463,1670,103,2411,1041
716,1180,1346,2125,2102
716,893,1232
716,820,1463,1648,1548,1182,826,2329,2244,335,1035,2683,1590
716,893,1518,1407,1590
716,1180,558,2763,713,515
716,1115,1346,141
716,1180,441,805
716,1180,441,2335,1787
716,820,1463,1341,1662,596,2390,2280,1064,1038,1108,1265,396,2461,2337
716,786,1482,1402,1678,2607,2256,411,656,2280,1085,626
716,893,936,1648,656,2683,1590
716,786,72,1726,2150,1648,826,1182,826,1028,2389,2105,655,1282,2420
716,893,2459,1258,1591,1809
716,786,384,205
716,1180,1346,454,306,2775
716,1115,558,752,560
716,1115,1432,1326,1045,2205,2683,1249
716,1180,441,2598,260,1257
716,1180,2561,956,2403,2693,2335,1787
716,893,2575,2055,137,2764,2263,1265,396,1883,335,1035,2353,628,1439,2370,2229,701,2420
716,1180,558,260,560
716,1180,441,2335,1562
716,893,1463,2645,1608
716,893,132,557,2437
716,786,2008,1402,2280,2436
716,1180,441,539
716,820,2411,2160,1326,2280,2235
716,820,1463,129,2686,957,1788
716,1115,1509,2137,650
716,786,394,2767,798,266,367,1331,1540,1659,2087,1013,2060,230,934,1712,1356,1326,2488,2188,588,2199
716,786,394,1478,1449,1852,2079,452,1606,420,529,1254,740
716,1115,600,1991,778,2006,1532
716,786,72,253,122,1478,1773,606,367,2289,2576
716,1180,441,2335,2768,2739,900
716,786,253,2592,2373,267,1657,1654,2289,1439,2181
716,820,2061,2336,1569,1503,350,2684,629,1289,2152,654,496
716,1180,1346,937,228
716,53,448,1040,2171,823,1650,1655
716,1180,441,2484,1572,2397,236,2083,648
716,820,786,2388,2481,2066,1413,456,618
716,1179,482,1474,289,2600,1176,347,791,2678,96,696,1085,629,2587
716,820,1730,1350,1787
716,820,1115,1677,132,2166,2682,802,496
716,1180,441,808,704,667,407,1761,2360,1510,1828,873,1657,1648,606,1048,2329,966,266,1340,1680
716,1180,558,914,1071,641
716,1180,894,230,2083,648
716,786,73,2171,1655
716,893,2459,2679,2199
716,786,71,48,1041
716,1115,1432,884,2246,2607,340,628,1126,1032,2337
716,1115,441,932,1244,2548,1075,885,2246,1407,1506
716,1115,1334,271,2015
716,893,1755,1341,1081,1254,454,664
716,893,430,1648,1990,2393,2367
716,893,1671,2459,2520,2154,1442,571
716,1180,1346,1321
716,786,1323,294,2372,741,1508,2283,415,1540,1723,1238,1051,535,2603
716,820,1115,445,2465
716,1180,441,2705
716,786,2521,1081,289,741,679,1532
716,786,394,734,474,2059,2209,143
716,2061,2336,1051,2456,682,2199
716,820,1463,1648,1548,2399,1221,533,926,2645,622
717,958,951,928,2663,135,2118,2284,355,2013,2342
717,958,2457,1070,350,1254,674
717,874,1845,1253,1709
717,874,1851,164,2633,132,1204,1474,1086,1222,1173,2197,1051,386,663,271,1889
717,108,2457,1404,913,2111,1630
717,824,752,2559
717,1112,2602,1096,477,1825,607,1670,384,1587,1440,1577,2689
717,108,1075,1437,791,1883,701,1370,1720,1456
717,958,110,975,122,253,1195,1522
717,1112,814,1562
717,109,747,816,2600,1268,569,2181
717,874,1404,844,2067
717,109,1075,790,1292,1526,1271,1255,1770,1584,1678,969,450,1877,1216,741,1653,2644
717,874,726,773,747,1773,587
717,874,1534,1144,1439,1630
717,958,1112,270,2131,1581,1780,547,1396,812,844,2491,1770,1584,2410,1029
717,773,1157,1440,2330,1185,1508,1657,679,2115
717,1112,812,2111,629,2754,1738,622
717,958,951,788,1773,933,1706,2732
717,108,1157,1582,640,2591,1585,1735,1220,1774,2410,2597
717,918,875,824,752,1844,1503,1655
717,108,2457,942,124,2081,2330,1488,292,1788
717,1112,271,1889
717,1112,812,1921,2390,1590
717,1112,2368,685,40
717,958,1075,951,2693,2335,1784,2682,460,2102
717,874,2491,1585,1735,1220,1585,1058,1207,1085,1506
717,824,2598,1377,1916,1896,68,154,1588
717,874,328,620,1577,2474
717,874,2067
717,918,108,318,885,685,2415,617,989,1541,1048,823,387,166,1198,630,1248,1041
717,1112,2060,1112,2602,441,2652,2199
717,918,726,885,1773,2414,1723,1248,1472,607,2171,1041
717,874,811,1038,1665,1330,489,350,2168,802,2295,2415,876,684,2367
717,874,2610,2617,1224
717,824,738
717,108,110,126,1403,1577,2160,751,571
717,1112,2368,685,2380,2102
717,958,885,1773,609,2337
717,874,272,2117,2289,2188,1519,2200,2007,496
717,874,885,816,2076,1394,2673,792,1048,1028,1769,471
717,958,1075,811,663,2404
717,775,1112,2598,805
717,824,2602,644
717,773,1157,2143
717,874,1851,102,838,926,2645,629,2587
717,1112,271,1651
717,108,1075,1112,1145,1628
717,958,951,2693,1475,1216,610,1890,2642,823,287,1271,1087,1041
717,1112,1364,790,1665,2277,1628
717,958,942,2673,1577,2474
717,1112,752,2542
717,958,942,713,618
717,958,1225,2246,1330,681,1991,1799,2675
717,874,2490,2130
717,918,726,2628,590
717,824,2067
717,874,726,885,791,1790,2007,2591,1585,1501,2187,1212,1769,471
717,874,1774,1889
717,918,1112,2067
717,824,752,560
717,874,726,1534,1144,751,2402,1085,1772,1630
717,1112,2602,441,932,2067
717,1112,2665,713,1321
717,824,2602,1180,1346,2652,1249
717,958,885,2246,2728,2374,2748,1893,1531,1720,2154,1041
717,874,915,1658,2130
725,775,1112,270,886,415,679,2117,1810,1243,588,2733
725,775,1112,2368,415,1540,743,2244,735,2310,388,1027,2331
725,109,110,281,2143
725,773,1157,2409,2605,1031,2379,271,1651
725,775,1112,1635,271,1889
725,775,874,1873,747,2263,399,402,572,834,1608
725,773,884,640,1670,1301,1712,2015
725,775,726,1851,102,2600,2168,676,2585
725,918,1112,743,307,1883,379,1396,1723,1660,823,387,429,1871,1652,1085,1772,2012
725,108,1075,315,791,40
725,775,1112,2067
725,918,726,957,1516,2422
725,775,726,885,415,685,2272
725,773,110,249,253,706,137,1982
725,773,1157,2592,1583,1088,226
725,108,1267,2081,1449,129,1664,1889
725,918,726,948,2547,272,2512,2540,127,708,809,2580
725,775,726,1112,2490,656,2675
725,775,1112,752,2652,1085,2205,2683,684,2199
725,775,726,2628,1751,142
725,918,958,951,1261,179,291,547,1657,68,189,1634,2605,1027,2367
725,918,958,1225,638,1665,2277,585,2733
725,775,918,1112,2067
725,773,1075,315,791,1182,826,1464,2406,644
725,775,726,135,916,2130
725,918,726,885,685,802,2017
725,775,875,824,752,534
725,773,884,1226,205
725,775,726,2491,2196,2772
725,775,875,726,874,2610,1620,2511,1859,1814
725,775,1112,2067
725,108,951,713,2708,46,1356,596,1532
725,773,884,791,1085,1583,1021,2389,1021,2102
725,775,1112,270,247,1823,2326,2263,1641,800,2329,826,2329,2244,735,1608
725,775,812,1859,2618
730,775,1112,814,988,1883,335,622
730,775,108,1267,245,1449,1081,714
730,918,108,951,1261,1649
730,775,1112,271,1691,2229,485,1039,1085,1506
730,918,726,1373,1195,1242
730,918,958,1112,353,415,2645,826,1464,953,1278
730,775,812,844,1003,2140,1780,1670,1252,105
730,775,1112,2060,885,1526,1082,1680
730,775,812,2590,2762,664
730,775,2721,114,652,607,1780,1991,656,1279
730,775,726,1851,102,732
730,775,918,874,2067
730,775,1112,814,1633,1041
730,775,918,875,775,1112,2067
730,775,1112,353,656,751,583,2200,1987,2727
730,775,1112,812,830,2104,2430,2752
730,775,109,211,1013,1599,955,2244,1810,2431,2603
730,775,958,885,2246,2684,833,2102
730,775,1112,270,1482,456,980,460,834,919
730,918,874,2665,122,51,613,2167,1242
730,773,1157,2143
730,775,1112,270,935,595,1356,571
730,775,1112,2484,2118,2362,1232
730,775,1112,271,2117,1279
731,874,1112,2060,2392,957,1809
731,773,2457,2592,652,757,2455,2490,2246,2255,347,1653,2337
731,958,1225,1773,609,2337
731,958,942,1515,2559
731,109,1267,951,1261,289,2764,1852,2079,735,1027,1085,626
731,775,1112,1360,230,2117,2289,1326,2310,2717,2111,2181
731,775,726,1112,886,307,1282,2420
731,874,1874,1384,1088,1688,1249
731,726,999,318,1557,1388,137,1649
731,824,1128,2169,888,2526,1000,1562
731,874,1014,2739,2289,2188,1519,38
731,824,2357,2078,2129,131,506
731,874,726,1112,2602,1493,891,2362,804,1512,1525,557,1702,1014,1889
731,874,1112,2067
731,726,875,874,2665,1405,734,474,2577
731,874,1534,48,189,1634,2605,1027,40
731,824,2357,601,2004,1215,2675
731,1112,2067
731,109,2537,685,2415,1396,2320,307,1031,606,680,1331,2329,966,2378,1472,607,1041
731,109,211,1013,954,1898,809,264,152,794
731,824,2598,554,1054,2374,1570,741,678,606,367,2290,1268,471
731,1112,1360,1328,2702,1814
731,874,1404,1395,307,1085,628,1085,1608
731,874,2491,2590,2375,2087,1013,245,762,122,1478,1699,957,1788
731,775,1112,886,1445,606,367,399,1385,2474
731,874,230,934,1049,1143,1144,1439,2181
731,875,824,752,2577
731,109,110,2659,1267,2143
731,958,1225,307,2678,996,1383,2754,2683,684,2331
731,874,1774,2410,2387,2702,1814
731,958,1112,2490,1655
731,773,1157,1169
731,726,272,1506
731,773,126,2143
731,773,110,951,2623,929,137,1982
731,958,1225,638,1799,1769,1986,654,2310,2307
731,726,1112,2602,1874,641
731,958,1225,2246,2006,1018,2052,2289,2273
731,874,272,2511,654,1027,2752
731,726,2637,292,17
731,824,1722,989,1654,2121,2683,684,1782,2193,2248
731,824,2602,1346,641
731,726,958,951,928,705,205
731,1112,2060,2548,1587,1588
731,726,1659,456,2463,1202,2525,1291,1129,685,40
731,874,1534,2491,1859,2618
731,773,110,249,803,1341,673
731,1112,1364,2060,2392,2326,1991,656,1590
731,824,752,2463,2680
731,726,885,1445,673
731,1112,271,1597
731,824,2705
731,824,2602,1143,1562
731,108,1157,2143
731,874,1112,814,1633,1648,663,2130
731,958,942,1527
731,1112,271,1889
731,109,1157,1372,1508,1657,2062,1341,289,741,1051,588,38
731,108,590
731,108,590
731,773,884,791,1883,379,2764,1018,2052,301
731,874,1851,165,2615,1584,1607,2015
731,773,1157,2592,640,2246,1407,2675
731,824,2602,441,1874,137,901,2397,656,1268,2370,1782,2193,1281
731,773,126,741,2378,1340,535,386,307,900
754,874,1112,2067
754,726,885,1773,1384,674
754,918,726,1146
754,958,885,1773,587
754,874,2491,2590,2375,957,1037,1249
754,726,1373,891,2284,2397,2246,2255,1027,2188,1519,38
754,874,2067
754,726,1112,2060,1373,1375,1314,2651,189,1634,689,2764,415,1341,2651,1655
754,773,951,928,1726,294,1780,1028,655,1383,2152,612
754,874,230,1049,48,1612
754,109,747,791,1029
754,773,1267,2081,547,2642,2018,78,2329,2244,338,1173,2713,1706,1709
754,874,1534,2768,2115
754,824,752,560
754,1112,1364,245,791,1085,1986,2301,1045,2205,2683,2331
754,918,726,230,934,1049,135,901,776,419,2246,2255,2769,399,402,2276,2683,1249
754,958,1225,2246,2684,834,919
754,726,1373,1195,414
754,1112,2638,1049,2519,1689,834,1506
754,958,942,884,1773,1638,555
754,1112,272,2117,2767,2739,301
754,874,1851,102,547,2642,2171,1051,1063,568,1035,2112,622
754,1112,271,1614
754,1112,270,2231,1402,996,2124,2152,2473,40
754,918,726,1092,2246,1407,834,471
754,726,1146
754,1112,1162,891,2362,1518,2461,2337
754,1112,272,2512,1259,266,367,812,1500,1770,1029
754,918,773,1075,328,1157,1582,103,2411,1442,583,2199
754,958,942,713,2708,1775,656,1279
754,824,2602,2705
754,824,752,2652,2234
754,874,811,1013,1058,1207,1029
754,726,323,1655
754,1112,2067
754,918,726,885,1773,2414,2111,629,2255,826,497,129,838,650
754,1112,2464,1307,104,2105,1278
754,1112,1364,1637,1445,1825,1129,1228,2397,1292,1526,652,777,1753,1408,616,2729,1650,1286,228
754,874,1112,270,448,736,2481,1696,1482,1340,535,386,2605,2681,617,1036,1922,497,1657,1648,1990,2124,2546,336,2310,306,664
754,918,726,283,1155,1440,640,1472,1503,2246,2380,571
754,109,1157,1072,2239
754,874,1873,477,2642,426,1400,267,2330,68,1223
754,874,1851,135,916,2382,1265,1340,535,386,791,1790,335,1035,2683,1278
754,874,1534,2462,2513
754,958,1112,353,1013,812,1457,2337
754,108,2457,1225,1577,2614,2491,1585,1735,1209,2331
754,958,1225,1445,935,2494,2534
754,108,1075,951,1316,2263,1731,1350,1475,1026,596,1532
754,874,1112,2665,114,2079,654,622
754,1112,752,101
754,1112,809,2580
754,874,1112,913,885,816,2155,743,1195,113
754,874,2489,2765,410,2451,1668,1064,607,685,1738,2295,1739,2181
754,1112,271,1691,1785,2670
754,958,126,1440,2103,2453,2581
754,874,1851,102,2087,1013,1395,2244,379,2764,1173,2390,966,40
754,958,110,126,2771,640,1472,2390,1608
754,874,230,1809
754,1112,271,1614
754,773,126,1440,1826,1413,456,2409,935,1717,2465
912,918,726,283,1372,1508,762,685,2112,2102
912,775,726,948,2267,454,2332
912,918,875,958,2665,713,2463,669,2561,1515,101
912,918,726,229,640,2591,1585,1735,1220,450,1597
912,918,726,885,791,1883,379,628,2281,2278
912,918,726,948,2765,2767,798,2200,1959,2370,376,1680
912,918,726,2491,2590,2762,664
912,918,875,775,874,2490,685,2380,571
912,918,812,2137,702,1780,1028,1769,919
912,775,1112,2665,1587,2771,640,1472,78,1051,806,2354,335,1032,1126,1674,2397,957,1583,2374,1780,547,2156,1535,1340,535,2367
912,775,1112,270,482,2613,950,1524,1879,527,1655
912,918,726,948,2765,1304,2668,1770,2387,76,2119,2722,1058,973,2494,2522
912,918,726,283,2693,2694,1387,1086,1222,1407,2127
912,918,773,1267,587
912,918,1112,808,2671,2770,122,1152,2480,1081,1385,2015
912,918,874,1774,2286
912,775,726,2720,2729,2283,1773,2600,1182,826,2255,876,2683,2331
912,918,1112,2602,558,540,650
912,918,726,1112,2471,2477,933,825,2689
912,918,726,875,918,1112,272,1145,798,2200,735,1986,452,1628
912,918,958,1225,1773,2600,1038,1472,762,1642,1640,1628
912,775,726,885,307,1030,2504,1085,1630
912,918,875,918,1112,2072,2058,482,1936,1195,63
912,874,1774,2739,2272
912,775,773,951,2623,929,2373,403,681,1041
912,918,875,775,1112,1364,1637,529,2083,177,510,1257
912,775,918,726,885,2246,1407,1279
912,775,726,1373,1375,293
912,775,918,726,957,39,834,471
912,918,875,726,230,2729,1852,792,301
912,918,1112,1360,2633,2677,2669
912,918,958,885,816,319,1195,1522
912,108,1075,281,1075,1587,1169
912,775,1112,2598,540,650
1211,949,786,1482,2329,826,497,1657,1341,289,267,762,431,2246,2287,1034,2353,1032,1739,486,2152,1104,661,551,534
1211,949,750,949,750,1180,441,506
1211,949,1115,1509,1463,2645,629,2121,2387,2702,2410,1085,1506
1211,949,53,435,2336,1402,2244,379,2326,1656,1265,396,1282,1019,2289,1030,1224
1211,949,820,410,2715,307,1326,2310,569,2402,1085,1590
1211,949,786,2521,155,1081,1780,1653,1519,38
1211,949,750,820,1115,1346,2542
1211,949,1115,910,531,1304,1500,1770,1331,817,2171,1265,817,2329,966,1698
1211,949,750,53,1361,155,1079
1211,949,1115,910,1368,1385,2015
1211,949,2061,1090,253,803,1388,1086,2167,1612
1211,949,53,2066,296,280
1211,949,786,2521,1468,1508,1657,1648,656,2280,38
1211,949,1115,1537,1322,2140,1780,792,2397,1921,415,1402,1678,969,2152,1104,496
1211,2061,448,155,1018,2052,301
1211,949,822,1687,2230,1246,2616,1253,1680
1211,949,820,1361,389,2645,629,2354,593,2545,913,1659,1665,2277,2291,2337
1211,949,1115,441,1894,933,2132,2347
1211,949,820,1387,1780,1472,1852,2079,341,2310,1986,344,1045,1674,2255,2430,2302,2337
1211,949,2061,736,389,679,1678,1383,2430,2302,1680
1211,949,1115,1512,1525,2520,1774,2739,2272
1211,2061,1090,447,1523,2652,1249
1211,2061,736,2481,1696,2577
1211,949,786,73,1341,1480,1223
1211,949,1115,910,1227,1301,1584,1711,1890,1503,1402,1027,2200,342,1986,2301,457,306,1630
1211,949,1115,441,2452,431,685,2678,615,2187,2754,2203
1211,949,53,2336,1385,1584,1356,1268,655,2229,612
1211,949,53,279
1211,949,1115,438,1055,2140,651,607,1670,1503,271,1614
1211,949,1115,441,1874,104,2652,2199
1211,949,750,2061,1361,2483,282,652,1662,1027,2200,335,628,1085,1288,1791,2236,40
1211,949,750,1180,441,2484,2139,2058,482,2514
1211,949,820,2320,1117,1826,1105,616,1640,415,1341,141
1211,949,1115,2335,2520,1387,1780,1472,266,2079,654,1045,1391,40
1211,949,1115,1432,743,791,1182,1648,800,460,1396,137,1655
1211,822,1361,389,1653,2303,2273
2090,918,874,328,1157,1440,1826,1402,1990,1383,1678,1182,678,1038,1341,289,741,2329,1628
2090,775,726,135,640,1658,1265,503,1282,2431,2738,1791,622
2090,918,1112,271,1628
2090,918,1112,2602,1432,788,791,1085,626
2090,918,726,2720,640,1340,1680
2090,775,1112,270,1271,1675,585,1212,1871,1653,1688,1249
2090,775,1112,2357,601,2498
2090,918,108,110,126,154,1588
2090,726,885,1773,285,1041
2090,775,726,283,1534,1143,1507,1278
2090,775,1112,2060,2633,910,2269,48,1655
2090,874,310,1585,1111,1022,2296,2210,2542
2090,773,1267,2480,1081,2121,2208,2244,485,1585,1735,1209,1249
2090,773,884,307,1268,655,2229,2005,386,663,1771,1548,1133,834,2102
2090,918,726,1112,2663,1720,2322,486,1518,301
2090,108,110,1071,267,1657,1921,2397,957,640,1658,387,429,890,823,1385,1584,2410,1735,1706,1442,1031,307,1282,2689
2090,773,1157,1582,1226,293
2090,775,1112,1364,2665,1405,734,474,141
2090,918,775,726,1092,547,656,1029
2090,918,958,885,816,319,1983,271,1889
2090,773,126,1751,113
2090,775,773,747,791,1060,2370,1680
2090,775,1112,272,2351,930,1744,2729,1041
2090,775,726,957,1720,2275,1590
2090,773,884,307,1051,2393,2354,2504,2348,2295,2203
2090,726,975,122,2363,817,1402,2244,336,626
2090,874,272,932,2491,2196,2754,2203
2090,874,1112,809,2125,800,2329,966,1532
2090,775,726,1014,2727
2090,918,108,1157,1440,1071,403,357,1648,996,2136,386,663,2469
2090,775,773,1157,2143
