2,768,2214,2257,804,505,2134,1525,1370,1659,1863,1013,1058,1229,2476,1799,1278
2,1467,2595,2336,282,1226,1569,170,177,1565
2,768,2214,1757,129,567,519
2,992,877,950,1232
2,768,2214,1757,823,963
2,768,2220,503,2378,1654,2616,1331,1991,1799,1278
2,645,1643,1340,1519,2200,2755
2,768,2220,1657,1402,2244,344,471
2,768,2421,2636,1559,167,1851,2616,2277,1027,1666,611
2,992,493,1633,1991,2390,2681,1287,1182,564,2620,154,177,508,2373,78,428,733
2,768,1697,1657,1823,1372,1173,2184,2125,1406,1659,638,656,571
2,1401,1083,1660,1852,1130,1663,2329,2435,2229,611
2,880,1271,2052,1033,2188,2303,1792,2236,2683,1249
2,768,2213,2257,2085,1236
2,645,1537,2262,1478,547,1265,503,681,2390,2435,1783,2203
2,1401,1272,2372,236,641
2,768,2220,503,681,2329,583,1064,1265,396,681,1082,2160,1018,1680
2,992,950,511,1648,1674,1715,2127
2,992,224,206,222,567,519
2,768,2213,1761,2166,2625,1292,2244,1759,503,681,1991,1656,267,762,350,1532
2,992,224,178,289,610,2167,228
2,768,2425,2005,266,367,1662,2343,40
2,1467,1508,2326,1991,1051,588,1253,1702,1255,1041
2,768,2214,2362,804,2363,1156,130,1664,2117,1173,2378,1991,1658,2244,379,629,2635,2415,1173,656,751,1027,2273
2,1467,69,1227,285,1041
2,768,2148,1657,2329,596,301
2,992,921,817,1402,1674,2681,617,1464,1548,1176,2769,2352,1279
2,1467,1508,1657,129,2360,1087,2360,2052,2603
2,1401,994,1478,816,1508,762,307,1268,569,1606,1506
2,992,719,849,170,177,519
2,495,493,1478,2263,1028,2205,2272
86,850,2602,441,2652,2274,2356,348,1224
86,850,1635,1197
86,850,1161,367,1699,957,1215,1278
86,850,1118,640,1472,1699,1773,2651,1649
86,2180,2244,338,2764,777,1753,2376,1105,1169
86,851,1404,2453,2465
86,850,1191,776,357,685,40
86,2180,419,2246,2380,1391,40
86,1705,761,1013,2396,2618
86,850,909,429,426,638,656,40
86,850,1364,1995,1338,78,428,9,170,67
86,1705,1213,1398,2379,271,1889
86,850,1364,1995,1670,933,2453,2387,1501,2494,594
86,2180,1526,1082,1051,2687,2152,612
86,850,1620,582,1718,1865,2329,2435,1439,471
86,850,1364,430,2329,2244,336,1759,503,681,1026,2684,2102
86,377,270,371,600,1699,1265,396,2461,2337
86,850,2173,1416,1341,1508,1657,1648,2168,802,77,2431,1212,1871,400,629,2754,2203
86,1705,1267,245,685,802,1740,1583,1788
86,1379,1435,1013,812,2717,2111,2013,2315
86,850,743,271,2074
86,1705,931,367,445,1774,1691,1439,2310,624
86,850,1161,762,2246,1407,1591,1691,2603
86,324
86,850,1195,2263,2390,2681,1674,2399,1548,399,2390,1590
86,850,1620,1292,529,2289,1031,2379,2079,2410,1268,2371,2456,2255,2247,2277,2005,2733
86,1705,2327,1195,1582,640,1472,741,1028,1769,2181
86,850,1161,172,667,791,40
86,850,1364,1416,1341,1662,2168,1739,611
86,850,1191,166,174,166,760,1888,1311,970,2681,1027,2273
86,192,2628,1372,319,1195,1522
86,850,759,667,791,1085,1506
86,192,1118,236,1826,2171,1654,2764,1488,1378,2728,1706,2160,1283,2132,1698
86,1379,1947,2457,237,1650,2764,1173,656,1890,1265,2329,2435,1439,1045,1288,2354,1990,2124,2431,2738,677,2193,1253,2052,1666,611
86,850,1161,1013,1395,402,2487,243,4,166,174,1013,1599,929,137,226
86,2180,2079,2722,2435,2597
86,853,760,1198,2343,2606,2289,2597
86,1705,470,307,2354,335,1035,40
86,850,1195,177,798,301
86,377,752,1059
86,850,2173,789,211,1398,564,2759,930,2762,2307
86,850,743,307,1030,1173,1082,1709
86,192,1118,2729,1852,1388,1086,1612
86,324
87,2180,663,354,655,1060,471
87,324
87,864,2327,2246,1182,2725,1674,1799,1772,622
87,864,2688,1401,1247,1368,456,1059
87,324
87,324
87,1348,1661,510,2686,1051,2393,2415,415,1341,2130
87,324
87,1348,524,1515,563,1145,206,227
87,864,2480,728,189,1203,678,606,1048,172,428,733
87,2180,1664,2739,900
87,324
87,324
87,1298
87,864,1244,214,640,1670,1384,454,95
87,1298
87,2180,962,1251
87,864,1403,1226,638,778,2166,1326,2534
87,864,1125,1093,310,968,2702,2083,1655
87,1298
87,324
87,2180,962,293
87,2180,663,570
87,864,1437,1773,1228,1662,1060,2371,2136,2234
87,1379,1435,882,791,1176,572,2404
87,1348,242
87,2180,307,1031,1173,1700,1156,2363,2360,2508,2107,496
87,1348,326,1369,74,289,741,2645,629,2670
87,443,2712
87,443,2712
87,2180,1642,2606,622
87,864,575,762,2244,338,2504,1085,1506
87,443,1661,1889
87,2180,2079,735,1608
87,324
87,1348,377,1128,1346,1317
87,492,216,1322,230,2168,2331
87,2180,271,1691,1085,2310,2307
87,1348,1661,2739,623
87,2180,2079,1959,1506
87,2180,2079,654,1047,2678,615,2431,1212,834,1590
87,2180,962,1522
87,2180,307,1051,588,38
87,2180,962,287,667,791,1883,615,2431,2202
87,324
87,1348,1661,1600,616,137,465
87,1348,858,1364,1374,2244,338,1173,1508,2283,791,2678,615,2187,2746,983,2720,2729,1852,1130,1763,2375,957,1516,1014,1691,1444,2100,585,2733
87,850,1637,2079,735,1759,2725,876,684,2733
87,1199,1599,2708,2600,1790,1628
87,2180,307,1085,1506
87,2180,307,2255,1674,399,1642,1027,2331
87,1348,242
87,1348,442,1197
87,2180,962,1192,1511,406,172,354,2005,2603
87,326,1664,1889
87,1379,758,1013,2060,885,2246,1407,2675
87,2180,962,406,172,1664,1584,2410,2387,76,1859,1597
87,1298
87,2180,307,1030,307,1051,806,2155,932,1845,1516,2581
87,2180,2079,344,457,2309
87,864,188,429,96,2465
87,2180,271,2117,2289,2272
87,1348,326,2366,1503,1117,350,2130
87,324
87,864,1017,818,2610,1404,844,1003,285,1041
88,718,2620,2659,1267,590
88,1661,1691,1735,1220,2299,2387,1501,1585,1058,1207,1060,1045,1769,2012
88,442,270,2595,438,505,538,2743,702,1385,1356,2280,2703
88,326,2081,1773,609,293
88,868,1154,1398,415,2645,622
88,241,390,959,955,1400,170,177,520,428,2377,616,933,1788
88,868,1364,1509,410,2320,2087,1013,812,2243,2387,2714,2310,624
88,442,999,283,1155,2133,751,571
88,242
88,241,2180,2079,1889
88,242
88,241,2180,962,1222,399,350,2441
88,492,2180,271,1889
88,868,1154,762,638,656,40
88,492,2252,1404,1724,2616,1278
88,868,1154,2326,1051,1519,2554,1239,622
88,1401,410,1234,1788
88,241,2180,166,981,818,2610,2067
88,718,899,1874,137,205
88,1661,1691,1029
88,868,2602,1874,2130
88,442,1360,1146
88,868,409,762,1658,1400,610,2596
88,326,2115
88,868,954,705,2542
88,718,1894,527,732
88,1661,1691,2272
88,241,524,1375,284
88,1661,1600,166,748,1013,812,1724,743,791,2678,1990,806,1503,236,2729,1650,1649
88,1661,2739,571
88,326,1562
88,868,1526,1086,1890,978,638,1051,1397,2367
88,1661,1889
88,868,1120,2166,1326,2280,2235
88,868,1163,663,1145,798,2337
88,241,1379,1435,367,2208,166,981,1398,2379,1145,798,1591,1691,2229,612
88,442,1936,1300,2616,1031,606,367,2208,2079,452,569,1606,1506
88,868,1178,429,426,656,2675
88,442,1244,1873,1062,1577,674
88,241,2258,2595,1486,1020,1108,2326,2263,2390,1268,1608
88,241,443,2712
88,326,813,2081,685,2367
88,326,2490,638,876,2683,2331
88,241,443,2712
88,241,524,1874,652,2713,1720,2159,2437
88,241,2259,316,932,2708,1775,656,40
88,868,1023,791,2277,1628
88,442,1244,214,2605,2168,1590
88,326,2398
90,443,2712
90,856,1646,317,1445,607,1670,422
90,443,1661,1205
90,856,1138,429,882,1656,1118,652,1018,1203,2360,1087,2004,1706,787
90,856,1751,1223
90,326,1244,2633,2394,362,1700,1497,1394,607,685,2272
90,1348,242
90,856,2602,2350,2059,2209,1903,247,1823,1826,1488,1216,741,681,2329,2435,1268,2308
90,492,192,477,1650,648
90,2180,1145,798,285,2596
90,443,1661,1691,2229,611
90,443,2712
90,443,1661,1691,1085,2205,2272
90,443,2712
90,856,1620,701,2431,2738,2353,628,1176,2769,659,1791,2013,2315
90,2180,962,1242
90,442,2602,2598,1354,695
90,443,2712
90,856,954,1898,2071
90,856,1605,1293,1445,608,1570,293
90,2180,2079,735,2310,624
90,856,771,1093,310,2196,2245,2111,2181
90,443,2712
90,1348,326,813,270,2185,155,278
90,843,2258,600,1670,935,2411,1442,1268,666
90,443,2712
90,1329,1358,870,2329,1628
90,326,2625,630,301
90,326,2617,2461,2337
90,326,2491,968,45,598,1688,2345
90,856,620,2729,1662,1990,2393,1532
90,2180,962,643,206,99
90,856,574,428,733
90,856,771,166,360,1093,2489,930,1328,1874,1826,2283,1773,170,179,422
90,443,2712
90,326,2067
90,492,2180,1664,1889
90,856,1071,1638,559
90,492,2180,2079,1889
90,324
90,2180,1664,2117,571
90,2180,2244,306,2523
90,1348,242
90,856,985,154,179,178,276
90,2180,1809
90,856,2327,2263,2645,1871,1540,1659,456,1114,2127
90,856,2338,2246,1883,335,1035,2683,2675
92,324
92,921,1271,2411,2342
92,878,498,781,2631,2767,798,2585
92,1298
92,769,1184,2085,445,2111,2012
92,1298
92,921,1340,1519,2273
92,769,1988,2085,1706,2653
92,1298
92,921,1340,1680
92,769,1977,2362,1509,1463,1402,1678,2716,1774,2727
92,921,2360,1087,291,2381,1650,1649
92,921,153,66
92,878,2508,2052,2210,641
92,878,880,2731
92,878,880,1232
92,921,1402,2280,2646
92,1298
92,1298
92,921,2360,1087,1477,2651,1612
92,324
92,878,880,1304,830,2104,471
92,324
92,1298
92,878,2508,1680
92,1298
92,878,921,817,1402,596,681,2329,2244,615,2431,2738,1791,427,2337
92,1298
92,1298
92,769,2227,396,681,1991,778,2006,1082,1680
92,1250,921,1340,2342
92,1298
92,878,224,2145
92,921,2329,1548,399,2329,1548,2198,306,2181
92,921,2360,2052,1027,2200,2007,1628
92,1298
92,878,2508,1680
92,186,2107,496
92,921,153,1613
92,769,2225,1340,588,2274,2255,876,2272
92,770,1416,1341,266,367,301
92,878,2508,2052,2289,1268,2310,388,2236,2415,2079,735,1986,452,306,2309
92,769,250,1657,1699,685,2606,629,2587
92,1298
92,921,2006,1532
92,878,2088,1359,1730,2562,1995,2329,1027,2311
92,921,2329,585,2337
92,186,1974,916,103,2275,2367
92,186,1974,961
92,769,1537,1359,2066,1570,1503,2246,2255,1391,399,606,680,1236
92,1250,950,1304,2668,1770,1584,2410,1735,1209,1249
92,324
92,878,2088,1416,2171,792,2713,1215,1279
92,921,2283,2244,336,735,1759,396,681,1041
92,878,180,1518,1268,1047,1503,1655
92,921,1271,1255,1519,2493,1249
92,1298
92,770,1333,1349,1569,1503,307,1051,2136,38
92,878,1683
92,186,1336
156,216,1995,2645,629,2664,1126,826,1133,834,1772,471
156,764,1667,396,1604,267,762,1195,171
156,992,1050,963
156,764,872,2362,2459,557,1680
156,880,1232
156,764,2218,503,1282,2597
156,764,2218,1051,806,2367
156,703,84,1061,593,2069
156,645,1183,1152,709,791,2678,826,639,751,1616
156,992,224,423
156,764,665,503,1790,335,661,677,2337
156,880,1082,1680
156,877,904,2068,866,2394,362,365,1225,307,1085,1288,1036,415,1402,629,1289,2413,381,1983,1577,1584,1934,2370,1680
156,1401,2610,245,2246,2684,2543
156,216,915,2079,344,457,2309
156,992,950,1232
156,645,1322,2477,289,610,1852,267,1657,1648,996,588,2273
156,764,1695,2362,2175,2060,281,590
156,645,2366,2764,1173,1082,1243,1067,387,429,1871,681,1799,2675
156,645,942,984,1225,1445,1532
156,645,1571,1569,403,681,2329,585,412,1537,1359,1730,2562,2612,331,2129,2662,2409,2605,2678,1548,1549,1278
156,645,984,114,2605,1031,357,2645,427,1122,2102
156,764,872,172,667,1038,1542,1828,2425,364,2380,571
156,992,950,2595,1416,2645,2102
156,992,1683
156,764,1695,680,445,844,1877,1780,1445,1825,641
156,645,317,1195,417
156,764,1433,1657,129,2373,1388,2729,2713,1215,1612
156,764,2126,1648,996,806,2390,2280,1306,1712,1356,1268,1047,387,429,1920,1612
156,703,1580
156,764,1695,1048,1292,1526,1271,2160,1439,606,367,301
156,645,1494,2363,1468,777,428,733
156,1401,975,122,51,613,293
156,992,950,482,2177,2004,2441
156,764,1512,1236
175,772,646,605,1991,2244,735,2205,40
175,880,2268,2381,1026,1051,1680
175,878,2088,1416,1341,1086,293
175,772,646,2150,1108,1503,567,2099,1145,1661,2739,2244,1810,2152,612
175,186,1336
175,1298
175,921,129,838,2682,2675
175,880,1247,1323,449,1057,1402,2682,460,2102
175,921,1271,2052,1085,1608
175,1250,950,1586
175,772,646,1730,1570,2600,364,1782,2278
175,1250,493,1359,1995,1341,141
175,921,1271,1680
175,180,552,557,2052,2244,379,2504,1085,629,2745,2772
175,1298
175,186,1336
175,1298
175,495,1050,384,1440,2373,1508,762,1195,1588
175,772,646,600,1341,137,226
175,1250,193,194,1195,1409,510,128,289,741,1082,1680
175,1298
175,878,880,1921,1890,1655
175,495,84,927,1432,963
175,921,1340,535,2277,1628
175,1298
175,772,2011,396,1282,2465
175,1250,950,1730,2572,702,1385,1584,451,1049,1143,567,443,1661,1600,1655
175,921,1340,1680
175,1298
175,878,2508,2551
175,1250,719,1090,2170,2322,1312
175,772,837,2085,438,2486,1710,1086,1087,1825,2414,1374,656,1326,1027,1312
175,1250,688,990,172,838,1326,2306
175,772,646,1685,2713,1037,676,2337
175,921,1340,1709
175,772,646,1057,2329,628,1792,2013,2315
175,1250,766,2063,1648,2343,40
175,880,927,849,2394,818,127,2409,641
175,880,1082,1680
175,772,1091,2486,1248,823,1508,1657,68,154,113
175,878,2508,2052,1326,2289,1268,2370,376,370,2733
175,772,1091,1334,1374,2244,336,2370,376,2136,2733
175,180,804,505,1236
175,1329,959,1293,1445,608,1086,1612
175,772,505,2387,501,838,40
176,645,1248,1468,1477,1283,1622,285,1041
176,382,2213,2362,1518,1176,1711,2105,606,680,1236
176,645,482,747,2263,129,1664,1809
176,382,869,2362,2175,245,1449,1508,1657,1341,1532
176,495,1467,777,1753,1408,2360,1087,1477,1283,2132,1194,205
176,382,2300,1657,1341,1532
176,645,1071,606,680,812,2243,2594,2598,554,713,2708,2625,2591,1585,1058,2387,1501,450,2291,1444,1781,1281
176,382,1686,1757,153,67
176,493,1478,2330,1654,2117,2289,1439,2306
176,382,869,1761,1271,1706,2731
176,382,1090,1152,1558,1995,1670,403,1665,2681,1288,2664,1126,1027,2331
176,645,2093,2610,1947,884,350,2115
176,382,1686,2085,1660,2645,1871,1540,1457,2234
176,382,646,448,1995,1340,535,1064,957,1712,1809
176,382,1184,1340,535,2367
176,645,1537,482,1260,205
176,645,984,747,1445,2373,403,1731,1015,2290,1792,2295,2353,1678,1080,1034,1122,2127
176,382,1090,155,1169
176,880,2731
176,645,942,2659,884,2600,802,1042,2256,96,1019,2600,1027,2188,2303,1085,1608
176,382,990,2329,596,266,663,2616,802,340,2504,682,2278
176,382,2126,2329,2280,2584
176,180,410,1374,402,1959,1230,1718,534
176,645,317,1658,307,1029
176,382,2213,1757,1082,1680
176,1401,1404,913,1723,1248,1340,535,386,367,1628
176,382,69,2734,2133,1703
176,382,2300,1657,1991,1051,588,2367
176,382,1272,2372,2713,1215,834,1590
176,880,1304,674
176,495,184,1374,1340,1680
182,184,1677,1374,1653,2303,1085,583,2393,1279
182,184,1995,2171,1402,2280,2311
182,184,2486,1248,1051,2393,2283,791,1182,2250,1870,1457,2367
182,880,1432,1482,2329,1990,588,2646
182,184,1512,2648,1258,571
182,1298
182,772,1667,396,681,1753,1580
182,1050,2548,2592,137,1649
182,184,1671,441,2696,847,2650,2203
182,184,2486,374,2720,640,1653,1442,2289,1439,2371,1782,2278
182,184,2054,51,170,99
182,184,1995,1670,728,189,1511,266,367,1187,1628
182,1050,317,638,679,2591,1585,812,1014,1889
182,184,2213,1757,823,1503,1445,1254,2404
182,495,1050,248,1487,1474,289,403,489,1445,2080,1457,2199
182,184,250,778,2166,1407,2102
182,495,1367
182,184,1677,2335,557,2437
182,184,441,752,2705
182,184,505,2132,292,1717,2581
182,1298
183,878,216,1238,2006,2166,1326,415,2397,638,2244,701,2431,2202
183,1357,1203,166,1008,1398,2130
183,780,2602,805
183,180,936,2329,1027,2607,2295,2337
183,180,2459,563,1439,1045,2205,2272
183,780,985,747,1773,1301,1457,2687,2431,2754,40
183,781,1635,932,272,1197
183,780,360,367,1591,1889
183,186,2107,834,1608
183,878,880,2175,988,1548,1176,572,1769,626
183,1298
183,781,1733,1051,1397,2234
183,878,224,2145
183,921,1271,2160,2520,2154,1675,2210,1722,2186,105
183,180,1304,285,189,1634,2360,1087,1468,1508,1657,1394,2263,1665,2277,2488,2315
183,324
183,1121,2166,926,2378,1654,2130
183,780,1635,271,2722,1058,1209,2077,2104,1035,2112,661,551,644
183,186,1336
183,1357,1203,407,172,667,791,1085,2205,2683,684,2367
183,780,317,2330,1488,641
183,1357,1203,1526,2729,2642,1665,2367
183,324
183,780,2361,1761,2166,2435,2380,1391,1978,2354,1027,2607,2236,2112,2013,2342
183,1121,894,2166,2616,684,2199
183,1298
183,180,1204,2394,362,398,2018,685,40
183,180,1432,2081,2330,2171,497,2062,1648,800,266,367,1616
183,1357,1203,1652,1027,38
183,1298
183,180,441,2705
183,780,321,713,469,643,206,2404
183,180,2068,1078,1026,1532
183,780,283,1261,653
183,180,441,805
190,180,936,1670,643,206,407,1761,1757,1271,1255,1770,1331,1699,685,40
190,216,1219,884,350,2441
190,1401,1537,482,2177,143
190,917,2561,752,805
190,645,704,271,2722,1047,2390,40
190,645,2637,1479,935,1387,2381,1654,2130
190,904,1416,1051,1519,2367
190,917,391,601,228
190,904,2068,894,477,285,1041
190,917,1524,1107,78,428,1694
190,904,441,2572,2014
190,216,122,253,1195,616,2605,1031,630,2289,1439,625
190,1467,1921,2764,1265,503,1282,2431,2738,2354,342,2402,2554,2274,2255,2210,1562
190,1467,248,129,2372,1041
190,1467,963
190,2259,2602,2598,158,2633,2068,2064,2558,894,1874,641
190,917,2561,1084,1261,1216,741,1780,791,1182,564,1751,613,1890,2397,732
190,877,1298
190,904,903,1657,1699,1654,2289,2597
190,645,942,884,1445,403,426,2244,338,607,1445,1662,583,2367
190,877,193,464,1329,700
190,917,2561,1165,1107,1503,1402,1027,1330,489,791,1060,471
190,645,2637,1406,743,1195,1522
190,992,950,1537,1730,2140,289,403,792,1048,1472,387,1928,2461,2337
190,917,2561,1084,1155,71,289,610,1041
190,180,2459,2385
190,904,2222,1657,1699,1445,1825,935,2453,2465
190,1467,266,367,1628
190,645,482,537,222,1018,1680
190,904,2068,866,809,1018,2052,1085,1583,1088,293
190,904,2222,1657,1991,656,1439,471
190,180,1304,1774,1889
190,877,2699,278
190,917,2561,914,838,2682,2675
190,1683
190,180,1204,894,702,292,2453,2159,2052,2017
190,1401,1316,2326,2244,344,919
190,645,2150,1402,1674,1549,2683,1249
190,917,563,1678,1383,450,2291,1444,1268,655,1282,2430,711
190,992,1467,1081,1385,1356,40
190,224,2145
195,770,2146,503,639,1591,1691,751,2755
195,770,1359,2062,2645,800,2277,1628
195,770,647,2023,1879,674
195,921,1082,1243,588,2136,2367
195,770,1333,248,1481,1086,1222,2168,2683,2493,1739,2181
195,770,1359,1482,2645,427,2112,2102
195,184,2064,2710,1872,141
195,770,1671,1247,296,279
195,921,817,2329,596,2329,1678,1790,338,2764,1018,1675,1704
195,1298
195,770,1359,441,1345,956,948,46,664
195,921,2329,1027,2273
195,770,2146,1657,2329,2280,2436
195,921,2006,1271,1706,1442,1616
195,770,505,2360,2376,689,1655
195,770,1333,477,1662,596,2272
195,770,1732,2329,2280,38
195,770,1676,1185,293
195,184,849,1242
195,770,1528,396,1282,2152,485,1039,1268,496
195,770,448,248,128,1026,2289,2576
195,770,1359,1730,1107,1503,791,1883,335,1032,2337
195,770,1416,1402,596,681,2171,2591,1455
195,770,1333,600,1341,606,680,1666,612
195,770,2220,2390,1268,2310,1606,1987,664
195,382,2217,680,1331,989,1542,1828,1994,396,1282,1518,301
195,921,1699,957,1255,1770,1584,1356,1029
195,921,2329,1990,2354,335,2504,2136,2199
195,770,1677,1374,1108,762,791,2678,597,2354,615,1518,2397,2246,1407,2205,2367
195,1298
195,770,505,2387,591,2488,38
195,921,1082,1680
195,921,129,1664,1584,2722,1735,973,450,1597
195,770,2131,737,2645,1583,2374,456,2542
195,382,837,680,96,2420
195,184,250,1657,1569,319,1195,189,1511,651,613,343
195,770,1671,410,2453,1668,1292,1388,1098,1260,1285,652,989,1028,1590
195,770,1333,477,1503,1773,137,1649
195,770,804,505,1921,2390,301
195,770,1333,2336,1051,588,682,2585
195,770,1676,737,1670,1086,1222,1532
200,694,505,1668,1064,2079,342,735,1047,2329,2280,2584
200,880,604,1349,1569,319,882,1654,2616,1439,1554,1959,1230,2527,2389,1600,2600,2684,1506
200,694,2226,2362,804,1512,1525,945,1093,272,1735,2411,1442,1253,1675,2198,1608
200,694,2068,939,72,2089,2470,1263,112,1354,293
200,694,849,2081,816,2076,1823,2326,1991,1051,535,2367
200,694,72,2673,1577,1216,741,2155,1374,1041
200,694,505,1671,2706,2731
200,921,817,679,1378,934,2724,2556,1469,2683,1249
200,694,1512,1671,132,650
200,495,84,2132,1194,1655
200,694,1697,1657,68,414
200,495,1367
200,694,1995,1648,1288,1122,1871,2378,2171,387,1928,2461,2337
200,694,1571,2171,1340,1680
200,694,2226,503,1604,2600,833,2012
200,495,1467,1494,2363,1654,2130
200,495,184,599,680,301
200,495,184,1571,1040,1340,1770,1029
200,694,1677,1374,2329,1678,1182,826,679,935,1723,1238,1648,800,1048,1445,935,1659,2087,2085,1334,271,2117,2289,1439,2181
200,694,72,1893,915,2246,40
200,694,1416,823,1508,762,1388,651,741,1082,1709
200,694,505,538,2437
200,495,1467,477,141
200,694,1393,1659,456,2542
200,921,1271,1255,1675,2244,338,2764,1662,900
200,694,1677,1706,1788
200,921,1340,588,1783,446,2181
213,687,2147,2257,1509,410,838,2682,1312
213,495,992,493,1322,230,2168,2272
213,495,184,1512,1668,1047,387,364,40
213,645,1244,2633,1671,2520,2196,1610,1278
213,688,2147,1761,1753,1580
213,880,1671,2520,1584,2410,1735,1229,1342,588,2493,1590
213,495,2339
213,645,605,1338,78,428,1168,153,177,2099,1297,2605,583,1064,741,2329,1674,1549,2683,2272
213,645,1537,1358,2231,1991,2591,2714,996,2124,2430,2100,1889
213,645,1244,1373,1403,652,1508,2326,1656,607,2246,2380,1772,471
213,992,921,1082,1680
213,645,1921,1656,78,428,1168,1400,1582,2373,2397,1700,68,2636,1637,1445,1216,1265,2156,1717,2581
213,645,2655,1086,343
213,495,770,600,2329,966,2329,583,2585
213,992,493,2626,1098,978,1145,1661,1628
213,992,1050,1258,2289,1330,285,1041
213,1683
213,992,1683
213,880,1304,2668,1770,2597
213,1401,1947,706,2729,1650,2764,1508,1657,1921,606,1340,1397,1782,2193,2356,439,348,2399,348,1628
213,495,1367
213,688,129,838,1407,457,2309
213,1683
213,495,184,646,511,1402,996,2393,1532
213,687,1995,1670,1301,1717,2322,1407,1224
213,688,2221,2283,791,1790,336,1608
213,645,959,1557,1826,1823,1072,282,1216,403,681,68,343
213,688,2363,1540,1720,2116,137,1649
213,645,505,497,129,1526,1652,2684,1608
213,880,1334,2403,127,803,1041
213,645,1322,2477,2651,205
213,687,250,1657,1921,415,777,1753,1386,2063,2329,1033,2278
213,992,950,511,1472,1503,2246,2380,655,2603
213,495,1250,950,1693,537,1649
213,992,180,441,1319
213,688,2147,2257,1509,1463,1402,1990,535,386,663,2130
213,1401,1247,296,279
213,1401,885,1773,2729,1650,529,2130
213,880,1374,1648,2343,802,486,2152,1044,496
213,382,1686,1828,1466,1340,1519,2554,1715,833,2102
213,687,2268,1640,1628
215,801,1687,2521,155,278
215,2258,385,1402,1678,1068,823,387,307,2678,826,679,2005,2315
215,2259,2268,933,1788
215,950,385,2329,1678,1067,1699,791,1282,2430,1306,1735,2594,2598,260,1854
215,2258,2602,2696,260,1562
215,801,1687,1663,2329,826,399,1658,2390,1591,1889
215,1401,1055,1872,89,422
215,645,1071,610,1041
215,1467,2595,1416,1338,978,2330,2171,529,2289,2229,2015
215,2258,1695,1340,1680
215,801,295,1581,2651,205
215,2259,316,1637,1773,641
215,801,72,713,706,935,1706,1709
215,801,2221,2284,1448,2379,791,2678,1103,348,2184,2257,1509,1463,1402,1678,1176,2769,2680
215,801,1687,1663,282,1086,293
215,801,2221,503,681,2390,596,2283,1445,1252,2275,2683,1739,1047,1852,1664,1889
215,1401,2685,927,849,1361,2063,1648,800,1030,1678,2716,271,1614
215,1467,248,1310,106
215,1329,384,1075,885,1773,266,367,445,2494,2466
215,801,1687,1152,709,1526,1086,343
215,801,295,1079
215,216,948,932,1534,1143,1144,751,2291,902
215,950,2150,2329,1616
215,950,1334,1720,2159,1770,2124,2430,1610,2435,1790,388,1035,2272
215,801,1687,2230,1531,301
215,801,482,2457,1587,2480,1478,415,2713,1215,1590
215,801,1152,114,236,289,2600,2380,1548,1715,460,800,2255,572,1590
215,801,2221,1048,1028,2625,630,1610,1591,1889
215,950,1524,1879,2404
215,1401,713,1562
215,801,1687,1152,803,1654,2130
215,719,2223,2085,1061,76,1499,1207,1439,1759,1340,535,2703
215,801,1732,1657,1341,317,1526,1018,2052,1027,1539,1659,1863,2085,2385
215,801,72,706,935,1706,2653
215,801,482,2688,2252,1947,2623,929,1228,2283,791,2678,628,2281,682,2585
215,950,1535,129,1991,1648,2168,676,2644
215,1467,1643,2329,596,266,367,2208,2244,1889
215,950,1693,2063,1402,996,588,2367
215,950,505,497,1657,1402,996,2393,2607,340,622
215,992,224,2145
215,801,1687,1262,129,640,656,1590
215,801,2221,1828,2148,503,1282,2152,612
215,801,2221,2284,2461,2337
215,2259,1272,2372,777,1753,1694
215,801,1732,1657,1402,1548,1182,1604,890,823,1503,236,289,2764,403,489,2390,1391,1715,1278
215,950,385,2329,2244,379,2675
215,801,1687,2549,72,1696,1663,282,137,2764,2171,1265,396,681,1753,1168,1400,267,882,1108,2390,1303,2132,292,39,460,629,1249
215,950,902
215,801,295,294,651,1388,652,1479,1720,1014,1627,2579
215,950,1494,2179,2230,1246,2616,684,2703
215,801,1684,1349,1041
215,801,1687,2253,1086,1612
215,801,72,1726,1216,741,1340,2052,1033,2313
215,801,482,777,1753,1694
215,801,1359,1995,1670,1532
215,801,1152,1558,689,1286,641
215,801,1687,280
215,801,1687,2066,1413,1394,2537,685,1126,1925
215,1467,449,1057,1341,285,1192,1511,1652,2121,1224
217,880,927,2268,1780,791,1883,335,1987,1889
217,495,1367
217,645,1071,2600,1182,876,684,40
217,645,1272,1488,137,1649
217,766,72,713,527,1222,2287,2236,1738,629,2587
217,224,423
217,950,1374,638,2244,338,1406,1659,1655
217,992,224,178,287,1271,1788
217,950,1432,2659,125,122,253,1557,154,177,519
217,766,1414,1761,1699,1388,2372,2155,934,2159,1519,2493,2331
217,495,1367
217,917,2561,752,2559
217,645,1118,1086,293
217,766,2221,2362,804,2501,131,989,1699,685,40
217,1580
217,645,1404,1238,1340,588,2273
217,645,482,1260,205
217,877,2508,2052,751,1027,2493,1249
217,645,522,1923,482,477,2076,129,2686,656,1439,2371,1680
217,1580
217,766,1414,2085,1306,2375,1307,2715,307,1051,2100,488,664
217,645,2072,1355,702,1086,1222,1532
217,992,921,2329,96,2702,1049,948,1003,137,2764,2642,1028,1391,1085,569,2181
217,495,2339
217,992,1362,1040,1670,1532
217,224,519
217,877,2508,2052,1027,2331
217,877,779,804,2150,1341,2600,800,301
217,765,987,503,1448,1678,1181,1035,2683,1278
217,180,1518,1921,656,571
217,766,1414,2085,1509,1247,2685,1236
217,493,964,51,113
217,766,1359,2066,2062,1341,317,402,1711,1279
217,766,1414,503,681,1216,2600,900
217,766,2011,1921,882,1654,2764,1497,1823,1826,1488,292,1215,1590
217,992,921,1340,1519,2554,1236
217,1580
217,645,2072,1275,515
217,687,1667,396,1282,2672,1922,1699,685,1738,2102
217,766,2483,2372,512
217,766,1414,680,301
231,1121,1387,1086,1890,777,428,1694
231,992,1386,1730,1474,1026,2280,2585
231,1683
231,324
231,880,1358,1055,1872,1252,2275,1312
231,880,2486,1620,1735,2411,2731
231,880,1693,1825,2480,89,414
231,992,2258,1637,2246,1407,1590
231,2508,1680
231,779,646,2336,1402,596,2380,2102
231,2508,1675,1628
231,1250,801,1732,1828,2319,1761,129,1026,2682,1278
231,992,2258,401,2329,1674,1464,1046,2276,1590
231,1401,788,1445,285,2401
231,1683
231,880,1671,2520,2717,2476,1799,2675
231,779,1333,1359,296,51,1169
231,779,2147,2257,2175,2081,529,2764,2155,1659,1863,1013,2105,2102
231,2508,2052,1616
231,904,2228,1828,869,680,2208,1664,1889
231,1401,2623,2592,2729,1852,2246,400,919
231,1250,493,1482,1105,567,2739,1031,629,1978,2354,1674,2397,1224
231,180,1370,2320,2087,2085,1248,1670,384,607,1338,2600,1391,2198,569,2307
231,904,505,538,1474,1780,1665,460,1772,471
231,779,2319,2006,1271,2437
231,763,605,1028,655,1085,664
231,779,2363,1479,2455,1395,1445,403,678,571
231,992,2259,886,1445,606,680,96,2689
231,992,1580
231,779,2707,1204,1663,2329,1033,2199
231,877,186,1250,493,2626,289,610,1654,2289,1268,1045,2205,2272
231,2508,2417
231,1683
231,992,1362,385,678,403,681,1991,1799,2675
231,1357,1510,1015,96,1342,1397,2229,611
231,1298
231,1683
231,779,441,2484,740
231,779,1676,384,1173,222,1664,1809
231,180,2459,563,2753,571
231,779,2131,1537,1308,289,236,2729,1662,1027,2273
231,1298
231,1683
231,904,1184,1654,2289,2200,1987,2430,2603
231,1401,2471,2477,2121,1628
231,1121,1684,1349,456,228
231,779,2361,1761,1402,583,2234
231,498,1454
231,498,224,519
231,779,2319,1657,68,616,641
231,2508,1680
231,1121,605,1402,596,1503,2246,2380,826,399,2329,2244,1614
231,1357,1510,2064,2459,1258,2675
231,779,1677,1518,1699,205
231,992,921,2360,1510,1340,2337
231,904,646,448,410,1724,1395,1665,460,2675
232,950,614,2330,1040,1341,962,406,1761,1757,153,197
232,719,1571,153,641
232,719,987,503,2378,2390,1326,2244,344,2306
232,324
232,719,1677,2411,1026,826,1700,1272,651,2713,39,2345
232,1580
232,1580
232,950,1730,2572,1144,1236
232,719,2057,1657,1394,2326,678,1384,674
232,719,1976,503,2378,1402,622
232,950,2068,131,2577
232,950,1432,743,2079,1889
232,719,1677,1374,2329,826,1182,826,1028,1391,40
232,719,438,646,589,2645,1871,1699,1265,2283,1388,1086,1222,1173,2006,1532
232,950,511,2329,622
232,1401,1247,1090,1361,449,1057,1402,1548,1182,2250,1457,1279
232,180,2520,1500,2111,629,2337
232,1580
232,719,1676,2231,2329,1027,38
232,719,2068,2442,1612
232,719,849,245,685,40
232,950,505,1921,2263,2645,1871,681,1216,620,792,266,367,1331,1402,1027,2273
232,1580
232,950,2595,2336,1402,1678,1080,1034,1738,629,2664,40
232,950,1524,1879,2270,137,2764,512
232,950,1185,293
232,719,849,1076,1665,2277,2488,1781,1792,2295,2353,1860,1086,1222,2682,676,2644
232,719,2057,396,412,2166,2625,1292,1526,1051,2193,1556,682,1783,376,2304,682,2585
232,1467,963
232,719,1090,2150,1341,1301,1706,1770,1628
232,645,2185,1089,1780,1648,1990,535,38
232,719,987,680,415,1699,236,137,226
232,1580
232,719,2068,2264,2336,1402,597,1029
232,950,1524,71,2404
232,216,2665,114,236,935,454,664
232,180,1247,1322,945,818,2610,1620,1016,363,2379,1658,403,1665,40
232,719,2068,866,2125,2236,2112,427,2415,415,2645,629,1519,2274,1085,1630
232,719,849,1637,1145,1600,1655
232,1580
232,719,2223,2006,2731
232,180,1304,2111,628,968,2105,655,2229,611
232,180,1755,2171,1658,2390,751,2310,306,666
232,719,1686,1828,2162,778,1852,1388,1216,267,667,2605,966,2329,1628
233,766,2300,680,571
233,917,2561,2269,738
233,1050,1075,2548,1440,1826,1569,319,1826,1082,1519,38
233,992,950,2521,1081,2121,2387,1712,1889
233,1467,449,278
233,950,511,1648,2289,1783,2235
233,917,2561,1084,2463,1218,538,2321,1541,1503,1082,1680
233,1467,477,293
233,917,2335,557,2492,1782,2203
233,917,437,2400,1173,395
233,1250,950,605,1991,1051,1052,682,2646
233,766,2213,1761,1654,2289,1439,1292,762,882,1656,741,1542,1828,1733,1828,2220,1757,1991,1051,2136,2733
233,1050,2268,2651,1612
233,1250,950,1537,482,512
233,1050,1244,1873,1040,1670,1216,610,1041
233,950,1344,2572,2669
233,917,2561,1124,1264,752,2652,2234
233,1683
233,1467,280
233,765,2050,1657,1852,757,141
233,917,2335,1809
233,1050,1662,2210,2133,2437
233,1467,614,791,2678,1027,2367
233,992,921,2329,2343,2367
233,917,1524,71,1194,351
233,950,2520,285,189,1203,406,172,428,224,2145
233,992,2259,922,1013,932,127,2666,228
233,917,437,563,46,2739,623
233,917,1346,515
233,917,563,2753,919
233,992,1386,699
233,1121,1476,2329,2205,1782,2193,1281
233,1467,1040,1341,1662,596,681,1402,1027,386,367,812,2594,2460,2182,1067,656,1439,2370,1085,629,1176,1674,2397,271,1889
233,766,1414,2329,1628
233,1467,1477,2651,189,2376,89,1192,1511,2372,2600,826,2329,2244,379,2102
233,880,2363,1753,1589
233,880,604,1995,2156,2453,2465
233,917,1346,794
233,917,1524,1474,1216,2600,1407,919
233,917,563,1145,798,2644
233,1467,1508,2283,2263,656,751,2534
234,858,1147,429,381,2759,916,934,2047,1844,989,823,387,776,663,570
234,326,1244,749,1384,740
234,2180,962,423
234,858,2129,559
234,858,1364,1995,1670,2642,2390,1268,624
234,492,2180,1664,1889
234,858,1637,791,1085,1986,452,306,2181
234,858,1191,1013,1599,1526,1385,2614,2519,1926,2289,1439,2775
234,442,2491,1774,2410,1735,1207,1085,629,2297,1126,1027,2683,802,2017
234,242
234,442,270,1684,2711,68,1650,2764,1662,663,137,1649
234,858,1637,2263,2390,1253,1709
234,242
234,858,1191,166,408,1398,564,1526,1991,1656,78,428,1408,2360,1087,1026,2244,379,1396,1374,1658,651,78,1753,9,170,177,508,792,301
234,858,2327,307,1326,628,1791,2013,2315
234,442,1404,1660,2645,427,1122,661,551,1603,2380,656,1439,2775
234,858,1637,791,1176,572,2683,1279
234,242
234,326,2490,656,1279
234,858,1195,197
234,241,443,1661,1889
234,858,0,172,838,650
234,858,1410,1983,1826,1539,2320,271,1614
234,390,1775,792,399,1224
234,241,378,2548,1437,350,2684,1772,95
234,858,929,1384,740
234,1661,1600,1403,640,1445,673
234,858,981,367,571
234,858,709,1526,1577,2015
234,858,272,1621,1316,2414,1659,1863,1013,567,1661,1691,900
234,858,955,1400,2600,622
234,492,2252,1404,1238,2390,2289,1031,628,1229,830,100,2374,1757,1648,2168,1279
234,242
234,442,2633,2677,598,1442,1063,2524
234,858,1195,189,1203,1051,2393,2354,1035,2415,1292,2244,1889
234,442,1534,2462,1049,933,1788
234,242
234,242
234,1348,1661,1691,2198,306,1630
234,242
234,2180,1664,1889
234,858,2655,282,2121,1281
234,242
234,1661,1889
234,858,1195,1192,1151,728,643,99
234,492,2252,1225,307,1268,2523
234,858,709,962,1276
234,326,809,650
234,442,1244,214,1655
244,2252,1587,613,2596
244,865,580,1398,1927,1448,1678,806,2354,2504,2348,735,626
244,1593,249,713,1321
244,865,174,166,578,429,415,679,935,2453,2581
244,2252,316,1620,932,2403,2129,559
244,865,1646,883,791,1031,656,751,2371,1782,446,2005,2278
244,865,1899,2063,1105,610,1041
244,865,174,1398,96,2689
244,216,1219,2624,1195,63
244,2252,1620,2322,1591,1691,1029
244,865,2327,1526,189,1634,678,606,367,1591,1889
244,865,580,1398,630,1395,402,654,1027,2683,2331
244,216,975,122,253,1582,933,1809
244,324
244,216,2637,1394,1388,1378,2411,1442,2435,1268,606,367,1591,1614
244,241,2252,884,2079,1889
244,2252,1225,791,2493,40
244,865,1138,1398,2379,1400,236,2373,989,402,1959,626
244,241,2252,1360,2633,2363,1662,2289,1268,2523
244,865,2081,1773,2600,1031,1173,1403,2729,1654,935,1037,2493,1978,802,2247,2683,2331
244,865,114,307,2678,1990,535,2188,2303,2273
244,865,1129,1445,728,1276
244,865,2081,2414,2715,2079,654,2310,2717,2111,1035,2112,2295,1792,2013,38
244,865,1163,1093,2610,1076,350,2130
244,2252,270,1023,2263,1569,267,762,2103,1086,284
244,436,758,818,310,937,48,1852,791,1790,336,1608
244,216,73,2645,1871,778,1852,428,2588,2699,247,1098,428,1329,1244,283,930,46,2727
244,216,1537,1323,294,1216,2600,996,1785,2436
244,860,1410,1129,791,2277,1181,826,490,1512,927,441,1143,1562
244,1401,1157,1169
244,865,1637,2326,957,2411,2585
244,1401,2685,2068,2264,296,280
244,241,1401,1874,104,285,2596
244,436,2173,434,1062,1452,278
244,2252,1118,1086,293
244,865,2623,2204
244,865,2081,1773,1503,1117,567,2739,571
244,865,1225,2246,2380,1038,547,2156,743,791,1883,735,2523
244,865,1195,1750
244,378,267,762,1195,2596
255,326,1395,656,2681,1674,399,876,2493,1249
255,324
255,324
255,850,2173,1571,1394,1655
255,851,986,1398,381,1195,1223
255,843,860,2628,2636,1637,2244,735,1986,654,1047,2390,1326,585,1336
255,851,1369,2081,1449,1508,1657,989,357,2642,2244,655,1790,335,1027,2331
255,851,1369,2170,2368,96,2689
255,851,2602,563,506
255,851,1364,2060,2720,103,2014
255,851,1637,307,1030,656,1326,2402,2274,2255,2210,2656,952,2205,1738,2675
255,1329,699
255,1329,704,271,1889
255,851,272,813,272,2375,529,1301,1659,456,618
255,851,1645,101
255,442,915,2079,735,2205,2272
255,851,1873,454,2181
255,326,1562
255,843,390,2338,685,2367
255,851,1637,1445,935,2381,1041
255,851,272,813,2602,1874,641
255,843,862,125,2759,1534,2625,2379,1658,2283,1656,267,2326,823,1503,2246,2272
255,324
255,324
255,324
255,843,1197
255,324
255,1329,1258,2127
255,326,271,1889
255,843,1197
255,851,743,2079,342,1606,1224
256,1661,1691,2229,2083,177,1750
256,781,247,1082,2303,1029
256,781,1620,1058,960
256,442,1244,2080,2455,2490,2079,2410,2387,1501,1585,1735,1207,1085,1608
256,781,1272,282,1780,547,266,680,301
256,2180,307,1085,629,1085,2205,1279
256,780,1620,1599,705,527,1532
256,718,1947,2081,2246,1182,1033,2188,535,2367
256,780,124,214,1577,1788
256,443,2712
256,780,2637,933,322
256,257,2693,952,1769,919
256,443,2712
256,492,442,310,1770,1769,919
256,324
256,443,2712
256,443,2712
256,1196,2099,1896,1557,170,113
256,324
256,781,127,948,932,1404,1717,2465
256,442,1404,2453,2275,676,2584
256,442,809,538,2437
256,718,317,307,1085,2280,2311
256,442,913,885,685,802,1740,1032,2348,2013,2315
256,2180,1664,1889
256,326,270,600,1699,415,1338,154,113
256,780,1947,1075,237,449,278
256,1196,2099,169,247,1394,2600,1027,684,2733
256,1348,1199,582,1718,1799,2295,1122,2295,1122,2013,2315
256,443,1661,2739,551,2133,2580
256,324
256,442,999,2633,1671,1494,1879,2720,1881,1712,1356,1439,2181
256,718,165,2474
256,442,1019,1224
256,442,1019,2208,2244,1889
256,781,1947,706,2130
256,443,2712
256,2180,307,40
256,443,2712
261,857,1113,1013,814,2455,886,2326,1656,607,1341,2130
261,843,2128
261,862,1076,1658,307,1326,1674,1715,1279
261,1329,2150,1670,587
261,843,856,574,818,1534,1144,1439,1047,1532
261,192,1091,2055,1374,1468,1477,2381,2642,489,1773,609,205
261,857,1008,1398,426,1655
261,843,2180,2079,1959,1608
261,843,856,2602,1346,1722,1603,1278
261,857,2327,2079,1356,623
261,857,2081,547,2642,681,1082,2303,1060,471
261,857,1113,818,1620,1292,1195,1588
261,857,954,899,1071,641
261,857,758,1093,2491,674
261,857,272,2286
261,857,272,2286
261,843,377,1128,1515,2720,137,1649
261,857,1635,743,640,638,1051,1052,1782,2193,2331
261,843,378,962,406,1761,1757,153,197
261,857,1113,307,1085,2280,2234
261,857,748,818,2620,1244,1637,2246,2684,1772,457,1606,335,622
261,857,1635,1712,1809
261,2180,2079,336,1759,2725,364,802,77,2431,1212,1769,919
261,857,1369,885,1445,2373,1650,2764,1852,791,1282,2689
261,857,2620,704,2263,2378,1108,431,1541,1048,497,129,153,179,291,407,1761,1757,1648,800,2683,684,2199
261,843,851,1635,2130
261,857,1113,818,2610,1534,327,2739,2210,644
261,857,975,121,155,728,414
261,857,1113,362,426,638,1648,800,2606,2675
263,378,2688,462,272,1197
263,2259,1272,651,236,289,236,652,282,2121,95
263,2252,316,1637,2079,2739,2399,356,349,2645,1608
263,378,962,287,1271,1706,1442,1326,2291,2337
263,1593,713,1059
263,2252,1873,2613,881,448,1262,803,1394,2600,1031,415,1341,1252,2160,1610,626
263,1593,2665,1558,2063,679,2083,177,519
263,2252,316,976,587
263,378,1070,2246,1176,1711,1279
263,216,604,1995,1648,2682,1330,778,1852,2246,2728,141
263,326,838,1678,1031,2379,271,1614
263,324
263,1593,2502,124,1587,2143
263,1593,1605,713,570
263,2252,272,2512,1689,1615
263,1593,249,253,803,1670,2729,699
263,1593,713,1572,2397,2713,39,1278
263,1593,1044,1032,1085,2310,1986,2301,95
263,378,317,1773,1378,2728,2374,1468,1662,900
263,1593,2665,706,2373,2156,743,307,1051,2393,1532
263,378,1071,267,1657,1823,2263,1028,919
263,2211,206,227
263,2258,1494,1893,1227,285,1041
263,378,317,2103,2453,2105,2102
263,1593,125,1169
263,2258,774,1761,2360,2376,89,189,1511,1662,1268,1045,2012
263,2252,1620,354,826,1402,1027,2188,2304,1060,95
263,216,1247,1633,1338,78,1753,509
263,1401,964,1079
263,216,942,1751,170,63
263,2252,1244,749,652,1173,2283,2244,735,568,471
263,1593,2089,2129,528,534
263,1593,2338,816,567,1889
263,1593,249,2662,1775,1658,387,429,2379,1400,267,1657,1569,290,567,2739,571
263,1593,122,1478,816,978,1773,2729,1503,791,1790,735,2181
263,1593,125,2771,935,2715,271,1614
263,216,1537,1083,441,2484,1300,2106
263,2252,1146
263,2252,310,2196,2116,651,78,307,1051,1680
263,1593,249,1413,1662,1407,1772,2308
263,1593,2665,114,1638,650
263,216,125,1400,154,722
263,1593,1043,2504,1792,1027,2188,2303,1085,2371,1064,2079,1691,585,2738,1229,1188
263,2211,206,2729,1662,800,387,429,426,1655
263,1593,249,1696,560
263,1401,2659,2623,2079,1889
263,1401,604,1349,1338,78,1753,632
263,1593,249,147,1481,1254,935,1814
263,216,2673,1228,2397,2246,2684,1591,1691,1029
263,378,961
263,859,408,166,1138,762,685,2367
265,492,192,2366,2642,1028,919
265,324
265,718,1119,2489,1572,1503,350,751,1616
265,829,760,762,1195,1588
265,442,2491,1585,1735,1229,2649,1609
265,326,2490,685,1739,1047,387,1398,96,1243,1791,2102
265,829,1635,1599,713,469,287,166,879,1013,102,732
265,443,2712
265,1348,242
265,492,1050,1494,2269,945,362,301
265,829,578,1398,2379,1400,2600,2678,2290,1792,1769,919
265,324
265,829,359,419,791,1883,1555
265,1348,242
265,324
265,442,899,1874,1378,2375,1716,2728,1706,1442,1616
265,1348,2544
265,633,83,2075,2730,1983,1826,1488,137,152,2014
265,390,704,547,1852,307,1439,1047,2390,1173,608,2414,1723,1248,1402,826,2383,2356,348,381,2129,835,945,1888,1678,1883,1810,1370,1717,2581
265,2180,1145,206,1228,1654,2130
265,1348,442,270,1333,1995,1540,1659,1041
265,829,1110,663,567,443,2712
265,829,2602,506
265,2180,307,1085,1759,2006,1086,343
265,1348,524,1375,1688,1343,1612
265,443,2712
265,1348,326,1369,249,2477,2121,2289,1439,1608
265,442,332,1156,1478,1445,2600,2280,2585
265,829,359,307,1031,307,1883,735,471
265,2180,1642,1060,1224
265,829,1645,1092,2263,2018,78,428,1694
265,443,1661,1600,512
265,829,1635,1395,1655
265,443,2712
265,1348,443,2712
265,326,2638,2117,415,1402,1027,1278
265,1348,1661,1691,1628
265,829,1119,2208,638,1051,1052,2200,1772,622
265,324
265,324
265,829,2602,441,2484,740
265,718,2602,563,506
265,718,1775,1658,2244,2007,2277,585,412,1537,482,2177,293
265,443,2712
265,829,808,1559,2667,101
265,829,124,1293,1773,137,2289,1540,1659,1863,2085,1248,503,1790,388,628,2348,701,1370,1374,1654,2130
265,326,838,1771,1027,2367
268,1705,470,818,2491,1188
268,326,2115
268,1705,909,818,2491,937,101
268,1705,1172,166,199,172,667,2244,338,1608
268,1705,1646,1171,1534,1952,948,46,1555
268,843,378,961
268,326,2491,1774,2410,2387,2714,2435,1785,1126,735,655,1060,1045,2310,1986,735,2291,2337
268,1705,272,2398
268,1705,998,367,1187,1035,2415,1647,899,702,1086,284
268,442,310,1712,1356,2435,1031,1871,400,629,2587
268,860,1947,122,253,708,570
268,1705,1266,1587,803,1526,456,1447,798,2205,1738,1608
268,1705,578,818,1874,933,1712,1446,2083,648
268,848,781,247,1780,1472,1503,236,137,152,1312
268,1705,2502,1637,685,2380,1678,1080,1032,2193,38
268,326,2490,638,1051,2393,1407,2675
268,326,1735,1229,2116,2083,1655
268,1705,761,1093,809,2753,2005,2436
268,1705,470,1013,813,1369,2062,2329,623
268,843,1298
268,442,809,2125,2414,1374,1051,1383,969,2715,656,2289,1031,656,1268,2310,1986,584,1049,1143,2208,2244,735,2310,2307
268,843,858,1526,2729,1825,103,1532
268,1705,272,2250,2465
268,1705,1225,1445,1086,1612
268,843,856,578,762,402,363,1860,1780,1658,431,792,266,2079,735,2775
268,326,1395,792,1048,497,1657,68,1823,2263,1051,535,38
268,1401,2659,2623,1400,267,762,1826,2283,2263,2725,364,2112,496
268,192,884,307,1790,379,1288,2664,2353,1555
268,843,2180,1145,798,606,367,347,402,1959,1506
268,1329,1366,1079
269,865,1410,1637,2263,1665,2681,2682,460,2682,1268,2371,2112,2102
269,216,1851,135,2172,2320,1041
269,859,2271,1013,812,2111,919
269,1401,2137,702,286,515
269,242
269,859,1364,1334,2455,2490,2246,2684,629,2664,969,2152,1104,1032,40
269,192,605,2645,596,2390,2280,2188,1519,2200,2755
269,241,2180,2079,735,1986,452,2524
269,865,1198,354,2168,1279
269,859,1138,1013,932,944,1936,915,2246,2006,1668,1591,1889
269,848,443,1661,1691,415,679,2130
269,241,2252,2628,1372,1265,503,1448,415,685,1738,622
269,859,408,429,356,496
269,326,1562
269,241,2180,1664,1889
269,192,2595,68,2636,2480,278
269,241,368,846,390,1058,1706,2052,2198,2402,1085,1288,2354,1035,1978,802,1548,1549,2675
269,859,408,1013,932,944,2491,1584,137,205
269,192,2072,1382,2445,669,1077,2564,2710,1514,1696,2242,2375,641
269,241,2180,2079,341,1506
269,865,1899,2336,1569,1503,1445,606,367,1331,1757,1991,2244,388,1035,2415,444,164,1892,2403,1155,1107,1852,1388,137,1649
269,843,390,1003,2083,351
269,216,1571,1995,293
269,192,2093,814,1271,1680
269,216,1247,2320,1863,2085,925,248,148,2734,647,2023,2501,2483,728,422
269,192,605,1569,170,66
269,859,1646,2327,307,1268,626
269,241,2180,419,2246,2684,622
269,241,324
269,859,803,2171,1265,2329,966,497,1995,1340,1680
269,192,394,2404
269,865,580,882,1670,267,1657,2645,2343,2287,1035,2683,2272
269,216,1845,751,583,266,367,2208,1664,1691,551,1784,2682,2277,1986,2402,1085,568,2306
269,192,964,1156,1728,2269,738
269,192,2457,2592,137,1982
269,865,580,2244,379,629,1229,1342,1067,1265,411,415,529,935,1245,2420
269,865,1138,1398,2379,1658,1265,396,681,1670,1252,2275,1312
269,1401,951,1405,2765,2767,1600,1403,1388,1378,1215,1590
269,326,2060,1266,747,1195,1079
269,192,1537,410,1585,1735,973,105
269,216,2143
269,216,975,122,253,803,1041
269,859,1557,2414,1659,1041
269,865,318,122,1152,709,2246,551,1562
269,859,2665,713,618
269,192,1285,289,2600,1883,1555
269,859,955,2600,1678,1176,572,2272
269,216,1055,1474,2372,1265,396,2018,267,1657,68,67
269,326,1874,1378,2571,2054,278
269,859,2271,307,40
269,326,2489,944,1659,1222,2276,1590
297,241,2211,178,423
297,862,1637,1773,2600,1407,1278
297,862,908,1013,415,679,2130
297,862,693,762,415,1991,826,2644
297,862,461,818,1534,1952,310,2717,2476,1133,335,2430,1306,1717,1342,2393,1126,1987,2722,1044,1032,2354,1033,1783,2311
297,862,581,1013,1395,307,1085,2310,1606,95
297,862,318,2143
297,862,1983,2330,1040,2171,1542,1828,2213,172,1145,206,407,172,667,2605,1181,1027,1279
297,1298
297,492,1329,1258,583,2234
297,862,1195,197
297,862,1983,1577,740
297,1298
297,241,2180,962,1223
297,862,1637,1773,1662,1616
297,378,1378,2411,1675,2244,338,607,2246,2324,1188
297,862,1637,2103,2453,1668,2280,2646
297,862,272,2286
297,862,408,762,431,1658,607,1569,1497,1394,2326,1338,287,962,1192,1511,1468,728,417
297,862,2628,1403,2330,679,285,189,2135
297,492,858,2655,640,679,2289,1540,2299,2387,2714,1027,2200,335,2504,1085,2205,40
297,862,911,166,1163,776,1664,1691,1444,1439,1986,452,306,2524
297,862,1195,1750
297,216,915,2246,400,1769,1608
297,862,995,166,758,1013,2505
297,241,2259,2595,296,673
297,862,1195,414
298,377,1127,2357,2526,1275,905,161,522,1071,2600,596,2329,596,900
298,377,2598,1405,527,1041
298,436,1178,1013,814,2455,271,1889
298,848,2165,898,1462,751,583,1781,1249
298,216,804,2501,835,1787
298,1401,394,469,293
298,377,1347,1310,106
298,442,1404,1585,1735,1978,2683,684,2200,1987,2722,2015
298,436,985,1129,1773,1406,1659,1863,1013,1599,1372,1265,503,1282,1535,945,818,2633,2677,560
298,1401,1404,1585,1735,1229,830,2104,471
298,1401,2665,713,1307,2455,2490,638,656,1391,40
298,436,315,1773,933,1809
298,436,2081,2163,2605,1439,1986,735,2310,2717,960
298,436,577,762,1526,651,567,443,2712
298,377,738
298,192,975,121,1478,547,1657,1823,1388,652,757,743,307,1030,2103,1463,1648,800,2329,1628
298,377,2406,644
298,436,461,1398,1990,535,386,429,415,1654,2130
298,436,272,2351,2765,2679,1680
298,377,2696,713,1307,609,1301,1706,1442,2289,2191,2136,2199
298,377,738
298,436,1071,1406,2238
298,368,867,2655,1394,267,2326,1648,2343,802,876,684,2733
298,436,1316,791,1176,876,684,2200,1987,2727
298,442,2602,1346,141
298,216,2490,656,1890,2642,2263,1051,2136,2188,2304,1085,2370,2393,1532
298,436,909,1761,129,838,1608
298,436,954,2638,935,1516,2154,1051,2687,2431,1212,1279
298,436,580,882,1656,607,1341,1301,674
298,436,124,959,706,1384,285,189,1511,2360,1675,364,2415,776,663,271,1889
298,436,909,429,2379,1400,607,683,166,758,1013,2469
298,216,1676,2231,2329,1033,682,2646
298,377,1162,179,422
298,192,1476,651,607,456,618
298,436,580,1038,2006,1018,2052,496
298,377,2484,2633,2335,1787
298,192,2655,1394,2326,1341,1252,2275,1279
298,262,245,1773,1406,2083,648
298,442,932,814,2320,456,2409,2605,1031,1265,503,1790,335,1035,1978,2337
298,216,1219,884,2246,2006,2360,1675,1027,2393,2354,1548,1549,2683,40
298,1401,915,2079,341,1759,1252,2157,2435,1883,335,2504,1785,1126,335,1032,2337
298,241,368,852,466,663,567,1628
298,377,2598,1515,230,547,415,678,2079,452,2430,2597
298,241,192,2628,321,713,2663,1712,1356,266,2006,1532
298,377,738
298,192,2185,155,803,2171,656,571
299,192,522,134
299,860,1410,788,2246,1407,1279
299,324
299,2180,307,1051,2136,386,367,1331,1271,1788
299,378,78,1051,535,1783,446,1027,2188,2304,682,2278
299,860,995,818,310,2111,2181
299,442,1936,2612,1012,469,643,206,1409,508,2373,1654,2435,2229,611
299,378,2637,1488,1638,2445,1202,1046,953,2675
299,860,461,818,999,121,131,2577
299,216,2707,926,2645,622
299,216,1463,1648,1548,2184,926,2397,1577,1584,2722,2469
299,216,1169
299,860,0,762,1195,1588
299,492,2180,1642,1288,1791,2013,2315
299,324
299,860,2665,713,1321
299,860,959,2081,547,2326,1340,1051,1397,2274,399,656,1590
299,442,1936,803,1449,2155,2320,1863,2085,445,2465
299,216,1463,1569,403,2379,791,1085,626
299,192,522,914,1612
299,492,442,1244,2721,929,1452,567,2099,166,755,1093,1534,838,650
299,848,850,1161,367,1029
299,2258,1947,2628,749,1384,2404
299,1694
299,2211,423
299,848,392,1132,166,774,367,2208,791,40
299,860,2665,713,709,1526,2441
299,242
299,192,1476,1780,1670,422
299,860,909,166,1132,762,1773,609,1301,1712,1889
299,854,922,1093,1534,1143,2208,1195,1588
299,326,2067
299,860,2655,640,1653,2303,1085,1986,654,1027,2188,1519,2607,629,1085,1630
299,860,1225,1445,2651,293
299,378,1388,651,741,1402,1027,1279
299,242
299,324
299,1694
299,442,2491,937,17
299,2211,2145
299,216,1537,1730,1474,1780,1665,2277,2402,2554,2352,2664,2354,1035,2683,1253,1675,1990,2136,1783,2199
299,860,1195,414
299,326,1145,443,1661,1600,1403,1577,2074
299,192,2655,2373,529,1890,267,762,1195,170,63
302,1329,737,2329,1548,1464,2182,397,1622,2381,387,429,357,791,1883,338,628,2587
302,241,2180,2079,452,1027,1253,2437
302,377,1143,2360,1087,1497,2283,1773,2083,351
302,378,78,307,1176,1674,2397,656,2289,2576
302,862,249,713,803,1670,1662,364,40
302,848,867,1213,166,759,663,567,1691,2244,341,1608
302,854,1213,1398,355,1391,38
302,378,2771,1640,2684,2625,1224
302,1329,2131,68,197
302,378,512
302,1329,1258,2130
302,326,271,2074
302,377,2696,554,1305,1515,2559
302,378,975,122,2363,1921,2390,2367
302,2252,214,1445,1662,2168,40
302,1329,449,294,1086,293
302,378,1073,2368,685,40
302,848,780,985,2537,685,1738,2236,2337
302,377,1898,1756
302,192,1118,282,640,679,2115
302,368,854,408,166,1138,166,1110,1013,813,2081,685,2415,415,2329,622
302,378,1561,1307,2715,529,1890,1388,1216,1265,396,2018,656,2289,2315
302,1329,963
302,377,2602,805
302,860,1410,985,1773,2729,1890,78,428,291,407,1761,2166,1608
302,718,1118,236,2083,1649
302,192,1244,1112,2067
302,241,2258,2150,1341,700
302,241,2259,998,367,1591,1691,2244,336,626
302,378,608,1086,293
302,854,922,1761,1699,685,1738,427,1122,2102
302,377,1128,1515,2559
302,241,2180,402,1655
302,436,577,762,415,2713,1712,336,626
302,848,832,1619,2655,2372,2642,426,1560,2079,1889
302,377,1128,1742,2269,1372,319,1195,1522
302,843,443,2712
302,377,1009,454,2709
311,852,2338,415,1670,2600,1030,1583,2374,1474,289,1285,1613
311,852,2327,2246,1883,335,2430,711
311,192,477,1662,1616
311,2252,270,1586
311,857,1163,1013,415,1402,96,1019,1591,1691,2277,1027,2331
311,524,1300,2767,1600,1656,205
311,852,1637,205
311,1329,1537,1323,74,1301,825,1934,1045,2625,426,350,2441
311,852,2502,706,2729,399,1271,1680
311,852,1410,1129,1445,1086,293
311,854,922,1761,2166,2682,1312
311,852,959,1726,205
311,852,2659,1873,732
311,852,1177,2079,336,1608
311,852,2665,114,63
311,436,124,1070,2263,399,2079,654,496
311,524,2129,2662,618
311,390,667,791,2354,1034,1122,2012
311,436,577,367,96,2413,1922,2354,335,628,2281,2193,1281
311,852,2502,2081,1773,403,2378,997,1773,2651,1041
311,848,862,995,307,1268,568,919
311,848,2180,1642,1085,2310,2370,1680
311,852,748,818,743,307,1326,1027,1029
311,852,2659,713,1726,2240
311,241,2180,307,2354,2181
311,852,466,172,428,1168,2372,2642,1658,1265,503,1604,1400,170,1750
311,852,466,762,1195,1522
311,852,2620,323,547,2326,791,1085,2280,2273
311,852,2338,1445,1086,293
311,852,2659,891,2362,1304,2760,2491,2111,626
312,442,310,2196,1609
312,2252,1244,1873,1462,1407,1590
312,442,913,2455,2663,1506
312,442,2489,930,1328,1724,743,307,900
312,442,1404,1457,802,357,2645,629,399,307,1085,2310,2307
312,2252,164,713,619
312,855,758,429,426,271,1889
312,853,2081,529,2121,1628
312,2252,270,600,1648,2682,460,919
312,216,1668,571
312,853,188,2326,1402,1027,2287,2236,1738,2236,2272
312,442,1244,1515,805
312,853,318,790,685,1738,629,2716,2410,2387,2714,1628
312,853,760,1013,932,2491,2590,2514
312,442,1019,2290,1182,2725,2684,2102
312,853,579,1398,1641,1038,1472,989,685,2606,629,2121,2686,957,1255,2337
312,2180,2079,1356,1439,306,2308
312,853,920,429,1927,1648,2168,2331
312,853,1645,2771,640,1665,1330,2378,148,2501,2562,2360,2052,2229,485,2658,451,2395,2152,2473,2415,1103,1034,2203
312,853,575,367,1331,1699,607,2171,2329,1678,969,2715,307,1030,606,367,1591,1809
312,853,911,166,760,362,2378,1991,1051,2279,2052,1616
312,326,2633,1671,1571,129,1192,1511,1652,1085,2205,2367
312,853,579,429,357,2645,1608
312,853,2602,1493,891,2257,2459,531,1531,1516,2154,1041
312,442,999,2537,267,1657,823,963
312,853,272,1058,1220,1111,584,1049,48,622
312,326,310,1859,2505
312,241,2180,307,40
312,2252,1244,1373,803,2171,1402,1027,1268,1608
312,2180,962,287,1664,1720,2275,2683,1278
312,241,2252,165,654,1027,2367
312,216,389,1402,1027,2703
312,853,315,638,791,1883,388,1027,1268,568,2012
312,853,1620,1735,696,2348,2295,40
312,326,2130
312,324
312,848,862,908,429,1927,1448,96,1370,1717,2581
312,442,1534,2633,2335,650
312,2252,2637,285,1041
312,848,192,1537,1730,2140,1290,1712,1356,1539,743,307,2354,342,2309
312,853,2081,1773,1301,743,307,1126,1027,1330,681,1402,2244,735,630,1312
312,2252,1404,2633,132,2166,1407,1772,95
312,324
312,853,1071,1384,2404
476,688,404,172,667,1400,2130
476,688,2147,2085,1509,1463,1402,1027,2188,2303,1085,2205,2272
476,688,2336,1402,1027,684,1281
476,688,2220,1828,870,1753,1694
476,688,939,2564,866,1319
476,688,939,2369,1101,112,1898,2253,2381,1048,1108,1503,529,935,1706,1788
476,688,404,2085,1677,2520,2299,2387,2396,2618
476,687,250,503,639,2397,2382,957,1712,1356,2289,1666,1651
476,950,1387,289,1173,1082,2731
476,1401,984,803,1341,384,1527
476,688,404,2085,1921,2390,1326,347,1700,1262,1338,267,762,656,1391,1496,2106
476,688,2063,1402,996,1383,2152,1104,628,1556,1792,471
476,950,1232
476,688,2062,2329,583,38
476,921,1271,1255,370,1236
476,2258,316,1645,706,935,1706,1770,2387,2702,2410,2597
476,493,295,1079
476,688,2220,396,2018,656,2683,684,2200,485,2535,2422
476,764,1512,927,1432,788,2729,2642,1028,2625,2379,638,1665,2681,2682,2272
476,688,1677,410,1037,399,402,572,833,2012
476,921,817,1402,1027,2603
476,688,2221,1657,129,2197,1051,677,2203
476,921,1271,1680
476,688,2147,1757,1402,596,2272
476,688,1184,1753,1408,153,205
476,688,2066,295,2062,1780,1028,2625,357,1402,1678,969,450,488,1597
476,921,1340,588,38
476,688,1571,1338,607,2326,1341,137,205
476,688,2126,2329,1027,2331
476,688,404,2362,2459,563,1439,2775
476,180,1204,1474,1780,2250,1457,2234
476,992,1467,477,1508,1657,2329,1181,1027,2287,1287,1791,2236,40
476,688,404,2085,438,433,459,384,610,1314,2445,586,2406,1894,713,527,1265,503,681,1041
476,688,2147,1757,2329,1027,38
476,2258,1695,1051,2393,1890,282,137,205
476,921,1468,1488,2373,1662,2684,833,2013,2315
476,688,2126,1991,1133,1590
476,688,404,2362,804,1512,1668,1253,2437
476,216,804,2150,1648,800,2683,1249
476,687,2215,2085,2175,1369,1099,1081,1254,2105,2430,2733
476,493,1478,791,2678,2290,2315
476,688,129,1577,1788
476,1401,1244,272,932,127,2638,1228,1852,2246,1048,1670,1503,1665,460,2102
476,921,1271,285,1314,105
476,688,2131,1730,2572,105
476,216,1463,678,571
476,688,939,253,803,1670,1252,2275,2277,2005,386,367,1224
476,950,441,932,2067
476,688,2126,1648,800,2329,2244,338,629,551,1720,2581
476,688,2363,1699,957,1457,1249
476,2259,2637,1532
476,950,994,1787
476,688,1184,680,1029
642,950,385,1670,266,1340,588,2274,460,622
642,180,1518,1330,778,2390,1253,1709
642,767,889,991,399,2329,2244,338,2102
642,180,1204,2394,1093,310,815,2375,2087,2085,910,2320,1117,1445,608,609,2337
642,180,1432,2480,197
642,180,2520,2299,2411,1026,529,1890,606,367,1331,1540,1659,1082,1709
642,950,441,644
642,180,2706,1688,1881,1706,1442,2280,1783,2203
642,950,1537,394,945,818,1534,2631,1775,1656,403,1665,2675
642,950,2595,2549,1728,1107,777,1753,291,68,2009,2372,387,1398,1224
642,767,2147,396,1604,307,1029
642,180,844,1664,1889
642,767,1571,1472,1699,791,1790,335,629,2635,2606,1769,2280,2235
642,688,68,616,1577,2015
642,382,869,1753,1408,407,1761,2360,1087,1468,1508,1657,2166,623
642,950,1432,155,278
642,180,2520,2590,2762,452,306,2307
642,767,2147,1757,1271,1675,1027,2683,1249
642,767,646,2262,2062,1341,1638,2445,2652,2234
642,180,1432,883,1773,609,395
642,767,1512,1335
642,767,1571,1823,2326,1051,588,2493,1249
642,767,990,680,96,2689
642,767,2175,2060,1373,734,474,1483,1481,2372,2600,1031,1928,2461,2337
642,950,2595,1478,791,1176,2210,1326,800,1030,656,751,2370,1085,2435,1883,735,1759,396,1604,2414,743,656,1439,2181
642,767,646,600,1341,2381,2642,2379,1400,170,66
642,703,904,1359,1995,1503,1655
642,1298
642,767,2063,1340,1519,38
642,180,1370,1720,1014,1356,1628
642,950,2634,1152,237,1825,137,1982
642,767,433,494,1366,1057,1340,2052,2198,471
642,767,1975,680,301
642,767,1975,503,1700,2064,897,72,1696,2320,456,980,926,1028,2236,2203
642,767,2361,2284,347,679,2005,2188,2304,682,2585
642,950,441,702,141
642,767,438,1693,1478,957,1516,2322,266,367,1699,1658,777,1753,1694
642,950,482,747,529,1173,2379,350,2168,2331
642,180,1432,2081,1449,1508,1657,1478,1388,286,228
642,950,1040,1338,2600,2168,1590
642,950,1010,2645,800,2329,622
642,180,1082,1675,2603
671,180,804,2068,2335,1809
671,2088,2175,2491,1814
671,880,927,849,2372,957,1809
671,1580
671,180,1304,2111,919
671,180,1247,1633,1108,2414,2299,1710,1249
671,2088,1732,2362,804,505,497,1271,1680
671,880,2166,1890,319,1195,1588
671,180,2459,2679,1342,2323,2435,1268,606,367,1224
671,180,804,505,925,1755,1108,1503,102,2079,735,1608
671,93,1359,2062,2329,826,1028,1391,2184,926,1028,2205,2272
671,1580
671,180,1247,1185,387,1398,354,529,935,1717,2105,2102
671,2088,68,197
671,2088,1090,1152,2480,1079
671,880,1271,1675,1628
671,324
671,2088,129,567,1661,1691,2289,2100,1810,2431,2202
671,180,2459,557,2437
671,2088,2300,1657,1653,970,2356,439,627,970,2397,1640,2684,2675
671,992,1467,247,1385,1584,1711,919
671,216,315,2246,1407,2205,2683,1249
671,1250,917,1524,2009,1098,567,443,2712
671,2088,2336,1991,876,2277,2488,2274,2255,347,497,68,154,1618
671,1683
671,992,1467,963
671,2088,1416,1051,2136,2200,664
671,93,2185,1368,1105,1440,2729,1508,1657,1991,357,1051,1383,450,612
671,904,2483,1086,1612
671,1544,770,849,1637,2326,2263,1402,1027,2456,2203
671,2088,1686,2085,438,1416,823,2642,1028,1590
671,880,1271,1675,1027,2752
671,1683
671,2088,1512,2132,2347
671,2088,1090,449,1079
671,992,2258,1055,2116,141
671,180,2262,1349,678,1384,2411,1442,2289,1085,1614
671,2088,873,997,1656,403,678,571
671,1683
671,779,889,503,1883,388,628,2136,2367
671,1298
671,2088,2634,371,459,604,2009,1780,1670,607,1670,1252,2275,1590
671,1250,1580
671,2088,2231,1051,1699,205
671,180,2520,2196,1116,2708,2625,357,2645,629,1289,2323,1303,1255,370,1064,2244,338,2102
720,495,84,1610,2280,2235
720,416,448,1482,1569,403,2378,1654,1173,2713,1037,551,1562
720,1298
720,416,1528,2085,1921,1890,2600,2678,1628
720,763,1677,1374,307,900
720,1298
720,416,441,558,1000,2679,1702,451,1356,1029
720,416,1684,295,155,197
720,950,2595,2549,1078,1256,2105,1871,2329,628,1085,1288,2354,1034,40
720,495,770,2146,1757,1082,1709
720,416,448,72,1482,1402,1548,1133,1506
720,1298
720,950,2595,1333,1359,1995,2283,2244,341,1506
720,917,2350,866,1784,2404
720,917,558,1492,147,555
720,880,1432,1293,236,935,1717,2581
720,416,1684,2711,1478,2326,1402,826,1464,431,1658,1448,2256,1224
720,416,2220,1761,1753,1694
720,416,2218,503,1282,2546,336,2370,2281,2313
720,416,1416,1670,935,1037,2733
720,416,448,1482,2329,1548,1549,1249
720,416,1528,680,1282,2430,2752
720,93,647,1843,1577,1788
720,416,849,1242
720,950,1741,1570,1503,2246,1407,1590
724,180,1304,1255,1041
724,763,668,2362,804,1512,2695,68,2636,955,1388,1228,1488,640,1665,2277,2488,2188,2303,2274,397,2132,563,2753,919
724,186,1250,1329,2521,278
724,880,910,1387,1086,2167,555
724,1298
724,763,441,2598,157,662,2497,540,1059
724,921,2360,1087,1041
724,2339
724,180,410,1457,2272
724,763,804,2363,1863,2085,910,844,955,2118,2362,1509,410,2320,1664,1889
724,763,2213,2257,2459,1258,2675
724,2088,837,2362,2175,318,1637,640,1653,2303,1783,2235
724,878,85,1518,751,2280,2188,2303,1085,2310,569,1606,664
724,921,1271,2160,2397,2326,2171,1656,403,2263,2684,622
724,763,394,2394,1093,127,2612,1012,1949,2626,1385,2132,1194,1286,1881,1788
724,1250,1467,1040,2283,1656,2087,1013,814,1086,1612
724,763,1427,2085,1671,647,2336,2171,1773,1252,105
724,180,1232
724,93,477,1508,1657,1921,882,2645,826,1402,1628
724,1467,1508,762,307,1439,606,680,1253,1680
724,180,2520,2299,2387,2714,2435,1439,2370,1680
724,1298
724,1298
724,1298
724,1298
724,1298
724,1298
724,878,877,2258,2659,1873,737,1402,96,2332
724,763,1667,396,681,1082,1709
724,1298
724,1121,1258,1173,656,40
724,878,904,1184,680,1331,1271,1255,1770,2005,2733
724,1580
724,763,2221,680,1331,1051,1383,2324,1243,588,386,307,1085,2280,639,1303,2706,2420
724,1250,688,1697,1340,2304,2235
724,1250,1329,963
724,878,880,2459,1194,1649
724,763,1427,2006,1234,2679,1680
724,180,441,539
746,2252,2489,1572,1508,2283,1445,137,1982
746,855,755,818,2491,2322,751,2370,787
746,216,1676,737,2329,1628
746,1379,1435,1093,1534,1952,310,1188
746,2252,2610,1620,701,2431,2738,2337
746,2252,1360,1892,48,63
746,1379,758,818,1874,2330,1823,2326,791,1031,1173,1040,2171,350,2117,1279
746,1379,575,1013,2366,607,1648,800,1182,1922,497,1657,1921,2764,2166,1890,267,762,2366,2642,1665,2277,1616
746,1379,954,955,2079,654,1027,684,2367
746,855,1163,762,2246,1407,1279
746,1379,954,2409,2605,583,2234
746,1379,1435,762,402,654,1027,1253,1675,1085,2371,446,1287,1182,776,428,1694
746,1379,985,1388,1086,293
746,1379,1410,704,1773,2083,648
746,442,272,1145,1661,1600,1655
746,2180,656,40
746,2252,2067
746,1379,984,1582,2605,1268,1759,680,1029
746,442,2610,985,1526,1271,1026,1268,1772,622
746,1379,124,747,1445,1662,364,1122,2236,40
746,1379,1435,762,2246,1268,1047,1852,1130,134
746,2252,317,2103,2715,791,1060,95
746,1379,575,1398,1871,2606,629,2297,2272
746,442,2491,1774,1691,2005,682,2278
746,2252,1530,2246,2684,2295,40
746,216,126,1440,640,1665,460,2102
746,1379,1435,882,1402,996,1383,2152,611
746,2252,245,1445,137,205
746,241,2258,317,307,1790,338,1590
746,1401,2548,2143
746,2180,2079,654,1027,386,354,826,490,1476,640,2263,129,289,205
746,1379,758,166,755,1013,1395,791,1439,2181
746,2252,984,749,2729,1662,1990,2354,388,2430,1666,611
746,1379,1435,663,102,838,1407,606,680,1029
746,442,1197
746,2252,165,2469
746,442,1404,1774,1691,900
746,241,443,2712
746,2252,1437,791,40
753,855,1266,788,2600,1678,1243,588,386,663,1664,2739,2272
753,326,1774,1655
753,855,1369,1152,1557,170,67
753,855,758,776,1773,587
753,241,2258,959,1557,1773,1226,205
753,855,755,367,571
753,241,443,2712
753,855,1437,1445,2688,216,2520,2196,902
753,326,570
753,241,2211,423
753,216,1247,384,1527
753,865,2327,2079,336,1608
753,855,755,762,402,2276,40
753,855,2602,1180,1346,1059
753,326,2067
753,1401,1851,2616,1282,2420
753,633,781,1620,1574,327,2727
753,326,2115
753,241,718,1559,249,1413,2642,792,399,1852,791,40
753,192,512
753,326,2067
753,855,748,367,1591,1049,933,1712,1356,1253,1680
753,855,789,514,2637,1488,652,685,2367
753,855,2662,838,650
753,241,2258,1695,503,1604,2414,1535,1108,387,429,357,2645,427,2415,2379,307,1031,307,1029
753,855,2602,441,1143,567,1691,1029
753,1401,964,74,1780,679,751,2370,1782,2278
753,855,1178,1013,812,2465
753,192,1646,886,1445,1226,816,1508,762,2246,2606,629,2121,2005,2436
753,855,755,1398,2289,1085,1506
753,216,1322,2477,1026,1031,630,1395,402,363,606,680,812,2465
753,192,1272,640,1472,2645,800,2367
753,192,2490,2246,1883,735,2310,306,2181
753,855,1620,1058,1209,2331
753,865,1195,66
753,326,270,1482,1341,317,1195,235,678,1038,678,1384,285,189,1634,792,1654,2289,1782,2193,2331
753,855,883,2246,1048,1658,2600,622
753,1401,2093,1369,122,1152,114,2605,1654,2764,741,1497,68,113
753,855,755,818,127,948,1320,2520,2658,451,496
753,843,443,2712
753,855,803,1041
753,855,272,2322,1312
753,865,1163,667,354,826,1464,1193,2102
753,855,2602,441,506
