1008,1398,2379,803,2171,630,1094,347,307,1030,2379,638,656,1608
1008,1398,2379,638,656,1279
1008,1398,355,2301,1987,2722,2366,2642,1731,51,170,1588
1008,1398,96,2332
1008,1398,2379,2244,2722,1058,973,450,1597
1008,1398,564,122,1152,1557,170,1449,2155,1374,1051,588,2733
1008,1398,2379,1655
1008,1398,355,2504,1176,347,1402,800,2329,585,1532
1008,1398,564,1558,129,1385,2117,567,1661,1691,1033,682,2278
1008,1398,2379,656,751,2435,1268,1047,2390,2280,2554,1715,834,1034,2337
1008,1398,2379,271,1889
1008,1398,426,307,1126,2017
1008,1398,1927,1402,1027,2278
1008,1398,1641,2682,2356,348,357,153,67
1008,1398,355,348,1922,266,680,2290,2348,566,336,1630
1008,1398,426,791,1282,1535,2329,1548,1064,656,1268,2310,569,624
1008,1398,426,1655
1008,1398,426,656,2681,661,1549,2675
1008,1398,1990,2456,2112,800,2678,2504,1182,564,1905,2421,1010,1341,614,652,610,1041
1008,1398,1927,1448,96,2465
1008,1398,2379,2079,1889
1008,1398,96,1342,588,386,663,1809
1008,1398,564,1558,68,1192,1634,456,570
1008,1398,1990,1556,1739,1047,2397,1385,1809
1008,1398,1920,1508,1657,1670,137,205
1008,1398,426,271,2117,415,2645,622
1008,1398,1224
1008,1398,2379,1559,2667,236,289,741,823,387,431,490,1903,2063,1402,2280,2585
1008,1398,2379,1400,616,2382,1265,503,1282,2420
1008,1398,96,2546,2722,1047,387,1398,354,996,588,386,367,1331,153,652,2713,1706,1675,2013,2315
1008,1398,2379,2244,701,2431,2754,2354,2017
1008,1398,96,2465
1008,1398,96,696,1085,2371,1556,1792,2308
1008,1398,96,2413,357,679,2381,1290,1706,2052,1085,568,1035,2348,2236,2272
1008,1398,426,547,2156,137,1649
1008,1398,1990,806,2415,1749,137,351
1008,1398,426,638,656,2681,629,551,1202,2527,1202,2629,2276,1771,2012
1008,1398,2379,271,1889
1008,1398,1871,2329,596,1282,1188
1008,1398,2379,1400,236,651,957,1720,1014,1614
1008,1398,96,1243,535,2273
1008,1398,1990,2393,1126,2370,2136,2646
1008,1398,2379,307,1085,2205,2272
1008,1398,2379,1655
1008,1398,2379,1655
1008,1398,2379,307,1182,2390,460,2102
1008,1398,1224
1008,1398,630,301
1008,1398,2343,2272
1008,1398,2379,354,1548,2681,826,2329,966,1604,267,762,791,1085,1288,2337
1008,1398,2379,271,1597
1008,1398,96,2465
1008,1398,426,1655
1008,1398,426,638,656,1326,2534
1008,1398,96,2689
1008,1398,2379,419,137,1982
1008,1398,1224
1008,1398,1641,1265,503,1204,1245,2312
1008,1398,1641,1038,1472,607,1051,2136,1783,376,370,2752
1008,1398,356,2013,2315
1008,1398,2379,2244,388,1035,2584
1008,1398,882,791,1085,1583,2375,957,1516,1014,2382,957,1255,1442,306,2181
1008,1398,426,271,344,457,2309
1008,1398,564,167,1892,2720,2605,1268,2308
1008,1398,2379,2244,335,1032,2203
1008,1398,355,439,876,40
1008,1398,1990,806,2287,1034,1739,486,2152,612
1008,1398,96,2689
1008,1398,2379,1655
1008,1398,1641,1038,1670,1532
1008,1398,1621,1983,1577,2374,1308,945,362,489,2103,1463,1670,403,1665,2681,2276,834,471
1008,1398,1990,2124,2413,415,282,640,1028,1391,1496,2004,1723,1238,1051,386,1398,426,2263,1656,78,428,1168,2372,78,428,288,651,957,39,1278
1008,1398,2379,1559,167,2666,976,1527
1008,1398,1990,806,1279
1008,1398,630,1253,2437
1008,1398,2379,350,2600,400,622
1008,1398,96,1370,450,585,1336
1008,1398,2379,657,529,2130
1008,1398,2343,2683,1278
1008,1398,2379,271,2117,2289,2188,2303,1060,569,1630
1008,1398,1990,2136,1782,2193,2356,348,1700,2063,1341,1583,1712,1356,1439,1554,345,1265,503,1883,701,2431,1212,1871,2018,267,1657,2166,1204,2261,1716,2014
1008,1398,2379,271,1959,2775
1008,1398,2379,638,1472,741,1503,962,1192,1203,1145,1600,2600,1407,1590
1008,1398,2379,657,529,2083,152,809,2520,2760,2714,2244,2005,2331
1008,1398,426,529,292,1788
1008,1398,564,1195,1226,1216,2764,777,428,291,2373,78,428,2588,1258,2289,1439,626
1008,1398,564,1751,1223
1008,1398,96,2119,1704
1008,1398,96,1342,2323,1651
1008,1398,2379,350,2441
1008,1398,890,1883,379,1288,2664,2745,2152,612
1008,1398,426,2263,387,1928,2461,2337
1008,1398,1920,2645,2675
1008,1398,96,2431,2754,2203
1008,1398,2379,638,1665,460,2102
1008,1398,2379,271,1597
1008,1398,426,638,1051,2687,2187,2196,2245,1245,2420
1008,1398,96,2465
1008,1398,2379,1145,1661,1691,900
1008,1398,96,594
1008,1398,96,2152,1044,566,388,1035,40
1008,1398,426,1655
1008,1398,96,2152,2366,2414,2320,1086,293
1008,1398,426,1655
1008,1398,890,1790,356,348,1628
1008,1398,1224
1008,1398,426,1400,267,762,1195,177,510,1652,1027,38
1008,1398,1871,2329,596,2415,2343,802,1103,1287,1182,776,667,638,1133,622
1008,1398,1990,2124,2430,1921,656,751,1591,1614
1008,1398,1990,535,2273
1008,1398,1990,535,2584
1008,1398,2379,791,1883,379,2130
1008,1398,415,679,2117,1608
1008,1398,96,1535,1340,535,2273
1008,1398,1920,2645,1871,677,2337
1008,1398,415,282,652,610,343
1008,1398,96,2431,2738,2353,2504,2198,626
1008,1398,2379,307,2678,96,1019,2289,40
1008,1398,1927,2018,685,1738,661,1549,1506
1008,1398,1871,823,1650,1265,2329,596,2390,1608
1008,1398,1871,677,2337
1008,1398,1990,1229,2476,1739,2181
1008,1398,2343,2380,2543
1008,1398,1920,2645,1608
1008,1398,1927,2283,791,1790,701,1518,301
1008,1398,2379,1400,403,2390,1590
1008,1398,2379,2244,379,2130
1008,1398,2379,350,2083,1649
1008,1398,96,1535,817,2645,629,1289,2431,2202
1008,1398,96,2119,336,1608
1008,1398,415,678,571
1008,1398,1920,1654,2762,2427,1711,1279
1008,1398,415,2645,629,1182,2250,2466
1008,1398,890,823,1654,2289,1439,568,919
1008,1398,2379,638,1051,806,2367
1008,1398,2379,791,1883,335,1027,38
1008,1398,96,2119,2295,2272
1008,1398,1224
1008,1398,2379,271,1889
1008,1398,1292,2263,1031,606,1340,2585
1008,1398,415,2713,1457,802,77,2431,2579
1008,1398,2379,271,1889
1008,1398,2379,792,301
1008,1398,2379,1655
1008,1398,96,2152,1598
1008,1398,1920,1508,2326,823,1508,1657,1670,1532
1008,1398,96,2430,711
1008,1398,426,2263,129,1271,1255,370,1921,415,1569,2330,1368,1290,45,100,1622,285,189,414
1008,1398,1927,1448,1927,411,1656,222,1642,372,2229,485,1039,2493,1249
1008,1398,1641,607,236,2729,2642,564,1120,1757,1468,1662,1678,2716,271,1889
1008,1398,426,1400,403,2171,1641,1265,396,1282,2465
1008,1398,96,2689
1008,1398,426,638,1051,535,386,429,96,2689
1008,1398,2379,2263,2380,1591,1614
1008,1398,355,627,2356,1389,989,2250,2466
1008,1398,96,696,2415,415,1341,170,67
1008,1398,96,2420
1008,1398,2379,1400,2600,2380,571
1008,1398,96,2119,2301,1772,471
1008,1398,1173,656,2397,444,584,1049,2762,2427,1144,751,625
1008,1398,1871,823,1662,900
1008,1398,890,2606,629,2635,1738,622
1008,1398,426,350,2684,1396,1723,1374,2244,344,457,2307
1008,1398,1871,997,823,1488,2729,387,1398,96,1535,945,818,2610,2617,900
1008,1398,426,271,2117,966,2329,1990,535,2188,2303,2273
1008,1398,1990,806,1126,573,1630
1008,1398,1224
1008,1398,1173,700
1008,1398,2379,2244,654,1027,1085,1027,2272
1008,1398,2379,1655
1008,1398,2379,1400,267,762,1642,2606,629,2337
1008,1398,1990,2393,2367
1011,575,1398,1224
1011,575,1398,426,1655
1011,575,762,638,1402,1678,1666,2015
1011,575,762,1526,1757,153,221
1011,575,1093,1534,310,1585,740
1011,455,1828,2146,680,2208,1195,414
1011,455,1828,2228,396,681,1402,1674,1549,1608
1011,575,818,310,937,2720,2605,2280,2585
1011,455,1828,1433,1995,293
1011,575,1398,2379,791,1085,1630
1011,575,419,791,1666,612
1011,575,429,381,2662,1319
1011,575,762,431,1641,1265,503,1448,96,696,1085,1986,344,306,2308
1011,575,166,922,882,1654,2130
1011,575,762,656,751,335,1034,1122,2013,2315
1011,575,166,1161,1093,1364,885,1773,1226,293
1011,575,429,2379,656,1439,1986,2722,2015
1011,575,762,1637,1445,608,293
1011,455,1828,1977,1757,1026,2289,1268,626
1011,575,429,381,2502,704,1388,406,172,667,791,2678,1810,1535,2329,1027,802,340,661,1890,2155,1374,2390,1439,1986,654,2370,376,2703
1011,575,1013,812,2760,2466
1011,575,367,2289,551,536
1011,575,762,2330,1040,2171,681,1991,1658,741,2171,1654,2729,1497,1468,266,680,812,2159,1041
1011,575,166,174,1013,932,323,1665,460,629,2716,1874,1378,2411,1442,1268,2371,446,2310,1986,452,2430,2752
1011,455,1828,1732,680,96,594
1011,575,762,685,2606,2675
1011,575,818,1936,955,2600,1674,1133,622
1011,575,882,791,1883,338,1173,1921,823,2642,2379,271,1889
1011,575,1013,2105,1506
1011,575,762,2330,2283,1195,1522
1011,575,762,2330,1341,2130
1011,575,1398,2343,40
1011,575,1398,96,2420
1011,575,429,96,2152,612
1011,575,166,995,1093,1534,2631,1143,567,1661,1889
1011,455,1828,1988,1340,1051,806,1792,1769,1506
1011,455,1828,991,426,529,292,1788
1011,575,1761,1018,2052,1616
1011,575,1398,96,2119,336,2310,1986,1959,471
1011,455,1828,991,2379,1400,616,2382,1265,503,1204,702,651,741,267,2283,791,1268,1608
1011,575,429,96,2465
1011,575,762,685,2678,1990,1556,1792,2308
1011,575,166,2251,354,826,1028,655,1060,1506
1011,455,1828,1184,396,681,1082,1709
1011,575,1093,1534,2633,132,2679,1680
1011,575,762,1449,1508,1657,2063,1648,996,806,1126,1925
1011,575,166,761,762,1526,406,172,838,1204,1482,129,1664,1691,1085,622
1011,575,367,1628
1011,575,1398,1990,2136,2315
1011,575,1013,1075,1072,1338,287,1271,1706,2052,1699,529,1890,319,1773,2651,1655
1011,575,762,307,1029
1011,575,429,426,381,2662,980,1707,1249
1011,575,1013,1111,2017
1011,575,1013,812,1014,2727
1011,575,762,2246,2678,1080,2295,2337
1011,575,1013,2322,1058,2159,1051,806,1126,1628
1011,455,1828,923,1761,2360,2052,1047,1064,607,1341,935,1014,1655
1011,575,762,816,1508,762,791,1883,1810,2431,2579
1011,575,762,2246,1407,1590
1011,455,1828,2147,2085,910,1227,285,1192,1511,1271,1788
1011,575,1398,96,135,1228,1852,365,762,271,1889
1011,575,367,571
1011,575,1398,882,792,266,2006,1532
1011,455,1828,2053,2006,1532
1011,575,762,1526,1271,2160,1283,2374,1531,1253,1680
1011,575,1398,1920,777,428,1329,1531,1253,1680
1011,575,1013,1395,529,935,1780,1653,1688,1312
1011,575,1013,2469
1011,575,762,1665,2367
1011,575,1013,1599,705,205
1011,575,762,2330,2171,2329,826,1182,1648,2682,1064,2244,1759,1340,535,2703
1011,575,419,1445,1532
1011,455,1828,889,991,399,679,2130
1011,575,529,641
1011,575,762,307,1326,583,38
1011,575,1398,426,2263,387,166,1888,399,685,802,2247,2675
1011,575,882,1670,2381,1654,2435,1060,664
1011,575,166,771,307,1030,1927,1648,1674,2681,1769,2012
1011,455,1828,2220,503,2461,2337
1011,575,762,1826,1991,2591,1585,2396,135,271,1889
1011,575,1398,2379,2079,1889
1011,575,367,1331,1051,1383,2187,2196,2772
1011,575,762,607,1648,663,1664,1889
1011,455,1828,2319,2283,1612
1011,575,419,1773,2651,1655
1011,455,1828,2425,355,1391,2184,1671,1518,301
1011,575,367,301
1011,575,762,791,1085,1608
1011,575,1013,1058,1220,2014
1011,575,367,1591,1809
1011,575,1093,1534,1952,310,1014,2739,1085,626
1011,575,1093,1019,2289,2200,335,2504,1785,1126,1027,2331
1011,575,429,1641,1406,2238
1011,575,1013,1058,960
1011,575,762,656,2289,1085,2310,388,1032,2354,1987,2722,2469
1011,455,1828,2218,1657,1653,970,399,1648,800,387,2103,2455,2490,791,1029
1011,575,429,357,679,2130
1011,575,762,2246,1407,1224
1011,575,429,2379,791,40
1011,455,1828,2147,172,882,791,1085,2435,1085,1506
1011,575,1398,1292,2244,336,457,306,2309
1011,575,166,1177,1093,2708,2625,1871,1503,1402,1027,2188,2196,2245,2298,100,39,40
1011,575,419,1664,1691,2234
1011,575,1398,1621,808,708,2463,669,658,506
1011,575,1093,1369,1588
1011,575,882,365,762,638,1665,1176,347,791,1051,806,387,429,2379,1145,798,1253,2437
1011,575,367,1331,266,1340,2052,2289,2188,2304,2348,1042,427,2348,1173,1731,1262,1995,2283,823,1852,685,2367
1011,575,367,96,2152,2291,2302,1701,2157,2310,569,1606,1224
1011,575,1013,743,307,1326,1027,2367
1011,575,1761,1757,1648,1674,1715,460,834,1772,664
1011,575,1013,1735,1706,2731
1011,575,429,2379,2079,2739,2644
1011,575,1013,2368,1173,1082,2141,285,189,2135
1011,455,1828,2149,503,412,1304,2717,2111,2102
1011,575,166,574,1398,1990,2393,1532
1011,575,429,426,1445,651,529,2604,137,1655
1011,575,429,96,2332
1011,455,1828,2226,2257,2520,1774,1889
1011,575,762,1637,791,2277,2488,40
1011,575,429,1928,2461,2337
1011,575,429,426,638,1051,2393,1279
1011,575,1093,1534,272,1735,2594,107,734,474,2577
1011,455,1828,2425,1027,2199
1011,575,1093,2491,1859,2505
1011,575,762,1449,777,1828,990,2362,1232
1011,575,429,426,667,791,1085,629,2670
1011,575,429,882,1051,2304,376,2703
1011,575,1398,96,2431,1499,2299,2387,2715,1398,1871,2606,622
1011,575,762,122,2363,1479,1457,2234
1011,575,419,791,2678,596,2390,2289,1666,1651
1011,575,1761,1757,1271,2731
1011,455,1828,1686,1657,1569,319,1195,287,1664,1889
1011,575,1761,1082,1709
1011,575,166,1888,2130
1011,575,429,2379,1526,407,1761,1540,2320,2087,1013,814,2564,866,2409,2382,1265,2156,1463,2645,2102
1011,575,429,426,2263,1028,2625,1647,1198,489,2645,622
1011,575,429,347,656,1278
1011,575,762,685,2606,629,2297,1126,336,306,2309
1011,575,1398,1871,1700,2126,989,876,2277,2402,2337
1011,575,429,415,1402,1678,1790,335,622
1011,575,367,445,2717,2111,1630
1011,575,172,428,1168,68,89,1192,1203,1757,1051,535,2188,1519,386,663,426,407,172,567,1691,1033,40
1011,575,762,1773,282,652,741,1503,1117,350,2130
1011,575,762,1445,606,680,812,2159,1770,451,1889
1994,778,1271,1680
1994,778,1654,2121,2387,593,2702,1158,124,790,2244,655,1439,1759,680,301
1994,396,681,1082,1770,2005,1029
1994,778,1569,1285,2729,1497,1394,529,2764,989,2263,656,1279
1994,778,1051,2136,1783,446,1027,2188,535,386,663,1616
1994,778,1757,1026,1268,606,680,1029
1994,396,681,1041
1994,396,1282,2152,1104,340,661,551,1720,2422
1994,778,1271,2411,1680
1994,396,681,1108,2263,656,1253,1675,1027,2683,1249
1994,778,1654,2764,2713,1809
1994,778,1654,285,1192,1203,2441
1994,778,1757,1402,1027,2199
1994,778,1753,224,519
1994,396,681,1051,535,2277,585,902
1994,778,1753,733
1994,396,2378,129,570
1994,396,2378,1569,2600,2343,802,1740,628,1068,1699,1773,609,1301,1717,2581
1994,778,2397,732
1994,778,2397,656,2681,2488,2188,2303,1783,2278
1994,396,681,1991,2247,2493,1249
1994,778,1757,1402,1678,1181,2430,2752
1994,778,1753,2588,2391,1688,1249
1994,778,678,606,367,1591,1809
1994,396,900
1994,396,1282,1535,1653,2303,1085,626
1994,778,1757,1082,1680
1994,778,1018,2052,1027,386,1398,426,271,2117,1279
1994,396,2383,1036,347,2244,335,2236,2203
1994,778,2360,1087,2076,68,197
1994,778,1271,2052,2210,1722,2186,960
1994,396,681,1041
1994,778,1654,2764,2171,2390,301
1994,396,681,1991,1799,1772,664
1994,778,1271,2160,1439,664
1994,778,1852,638,2244,1628
1994,396,1282,2152,1044,1032,40
1994,778,1753,291,630,2289,301
1994,778,1654,2435,2255,347,1658,1699,957,137,1649
1994,778,1852,1388,1216,978,1195,189,1511,1753,2376,1081,2651,465
1994,778,1468,728,171
1994,778,1852,1664,1809
1994,778,2360,1087,1503,307,1051,386,1398,96,2430,2754,2203
1994,778,2390,1590
1994,778,1828,2215,1657,68,1409,1565
1994,396,681,2171,1604,890,1883,2371,2193,2331
1994,778,2360,2508,2052,1085,1288,2337
1994,778,2390,1439,2309
1994,778,1753,509
1994,396,2378,1340,1675,585,2733
1994,396,2378,129,678,1265,396,681,679,2005,2585
1994,778,2006,1018,1680
1994,778,678,606,680,301
1994,778,1051,588,386,367,1029
1994,778,1753,291,1156,129,406,1761,1018,1510,817,1086,1612
1994,396,681,1082,2160,1439,2005,682,1783,2235
1994,396,681,1041
1994,778,2006,2159,2437
1994,396,2461,2337
1994,396,1532
1994,396,1282,2689
1994,778,1753,2376,1753,2588,2699,2626,1254,2083,205
1994,778,2397,1577,674
1994,778,1654,1583,1021,2272
1994,778,1468,1477,1086,343
1994,396,2018,890,1604,1826,1699,685,40
1994,778,2006,1337,1863,2085,1236
1994,778,1252,2275,1590
1994,778,1271,1255,1770,2597
1994,396,1282,2431,1499,1891,2105,1871,1699,236,1228,1852,607,1445,1662,2682,1279
1994,396,1282,2431,2754,2203
1994,396,412,1537,69,1663,1105,616,933,595,1356,1268,655,1060,471
1994,778,1252,2275,1279
1994,396,681,1652,2005,2311
1994,778,1753,1694
1994,778,1654,2130
1994,396,1282,2465
1994,778,1757,1271,1255,1442,583,2193,1253,2437
1994,778,2006,1532
1994,396,681,1051,2136,266,367,2208,1642,2728,1088,2731
1994,778,1654,1583,1712,1809
1994,778,1051,2193,2331
1994,778,1852,2079,341,626
1994,778,1699,1773,1384,1809
1994,778,1753,1589
1994,778,1753,1694
1994,396,681,1051,2136,38
1994,396,681,1082,1702,2337
1994,396,1604,1195,63
1994,778,1828,2221,680,1331,1051,2136,1783,2193,2248
1994,778,1252,2374,456,1562
1994,396,1604,1195,962,414
1994,778,1662,596,1311,2698,2764,319,2326,823,1503,2246,2006,1082,2731
1994,778,1532
1994,396,1282,1188
1994,778,1018,2052,1326,2291,538,1474,1086,293
1994,396,2287,340,1032,2354,1674,1176,2402,1439,2310,624
1994,396,2461,2337
1994,778,1018,1675,1678,1890,2397,1577,2157,2181
1994,778,1852,791,1085,2012
1994,778,1048,1670,609,395
1994,778,926,2390,1391,2353,415,2645,629,2745,2152,451,1356,1085,626
1994,396,1282,2420
1994,778,1699,685,2415,776,741,2171,823,1508,2326,1341,641
1994,396,1604,2414,2320,1863,2085,910,2394,362,1173,1082,2160,301
1994,778,2166,594
1994,778,1787
1994,778,1787
1994,778,1468,700
1994,778,2390,1590
1994,778,1757,1026,2280,2337
1994,396,1282,2323,2291,538,2437
1994,778,2397,1650,1649
1994,778,2006,2248
1994,778,1271,2052,1616
1994,778,678,1038,1665,1278
1994,778,1852,638,876,684,266,680,1224
1994,778,2397,271,1889
1994,396,681,1468,1662,1678,2354,1027,2199
1994,778,2360,1087,2360,1688,1769,471
1994,778,2360,1087,1028,2205,2683,1312
1994,396,1282,2465
1994,396,681,678,571
1994,778,1051,2136,1783,2235
1994,778,1654,2289,1085,666
1994,778,2006,1532
1994,778,2324,674
1994,778,1757,153,1750
1994,396,681,1041
1994,778,2390,583,2397,1224
1994,778,1757,1402,1027,2331
1994,778,1532
1994,778,1753,1580
1994,778,1532
1994,396,1604,1400,2330,2171,656,751,2291,538,2437
1994,778,1753,288,1048,1656,78,428,9,205
1994,778,2166,2435,1176,2210,2768,2115
1994,396,2378,1468,1477,2381,1041
1994,778,2713,1712,2117,415,2645,2236,2203
1994,396,1282,2546,593,1111,1749,2474
1994,396,1282,2431,2754,460,2102
1994,778,1271,1706,2752
1994,778,1787
1994,396,1282,2465
1994,778,817,1402,583,1064,741,1402,2280,38
1994,778,1271,1680
1994,778,1757,1271,1706,2752
1994,396,1282,2672,411,1990,2124,2152,1678,2738,2354,1674,1064,2079,1889
1994,778,1757,1648,663,137,152,809,1787
1994,778,1540,743,2244,735,306,1810,1370,1463,129,2360,2052,1699,78,1753,1168,2600,2380,655,1666,2306
1994,396,681,1041
1994,396,681,1082,2160,1668,2682,2277,2291,2603
1994,396,412,2166,1547,1133,1769,496
1994,396,1282,2689
1994,396,681,1472,1265,396,1604,2600,400,622
1994,396,1604,1920,1654,1215,1278
1994,778,2360,1675,2435,1666,1044,1034,2272
1994,778,1753,1694
1994,778,1271,1087,1041
1994,396,681,1216,610,343
1994,396,681,1041
1994,778,1753,509
1994,778,2006,1532
1994,778,1654,1890,2600,606,367,301
1994,778,1662,1439,496
1994,778,2397,1082,1680
1994,778,2006,2331
1994,778,1654,1215,2675
1994,396,681,1648,800,387,2079,735,1608
1994,396,681,2360,1087,1662,400,2102
1994,396,1700,2064,2562,803,1699,957,1809
1994,778,1852,1388,137,205
1994,778,1654,2289,2100,379,1173,1254,2382,957,1255,2337
1994,778,2713,1255,2337
1994,396,2378,1472,989,876,2675
1994,396,1282,2152,1044,566,496
1994,778,1654,2289,2191,1738,629,2297,2272
1994,396,1282,2465
1994,396,2378,1468,1394,607,1020,1402,1027,460,2102
1994,778,2006,2159,2437
1994,396,1604,890,1604,890,411,596,900
1994,778,1787
1994,396,681,2171,816,2600,2343,802,919
1994,778,1753,1408,2372,512
1994,778,2713,1037,40
1994,778,1753,1589
1994,778,1654,1215,1506
1994,396,2018,2343,2415,1678,2687,969,2152,612
1994,396,1699,685,2415,1656,1173,89,287,1271,1255,1890,1388,1384,674
1994,778,1271,1675,1628
1994,778,1852,271,1889
1994,396,1700,997,1292,762,1129,1773,587
1994,396,1604,2414,1659,2087,1013,743,1655
1994,778,1753,1694
1994,396,412,2459,531,1770,1590
1994,396,1282,2292
1994,778,1271,1788
1994,778,1757,153,179,1203,1192,1203,1051,2393,1532
1994,778,1852,1406,935,1712,2015
1994,396,1282,2430,2273
1994,396,681,1991,656,1590
1994,778,2397,235,166,1888,355,2504,1792,1769,2308
1994,778,1654,1215,1279
1994,396,1532
1994,778,1569,1406,935,230,609,2729,1040,2329,1033,1783,2203
1994,396,681,678,2289,301
1994,396,2461,2337
1994,778,1852,1130,2071
1994,396,1604,1195,142
1994,396,1282,2431,2603
1994,778,1753,1613
1994,396,1282,2431,2579
1994,778,1753,224,2145
1994,778,1757,1271,1026,1547,1715,2127
1994,778,1828,1976,503,2378,1156,51,728,1522
1994,778,1757,1402,1027,2188,535,2367
1994,396,2378,406,1761,1018,2052,2210,644
1994,396,639,1331,1991,656,751,2371,2112,2236,2272
1994,396,1448,2379,1655
1994,778,1654,1173,1082,2052,2244,338,2675
1994,396,1282,1609
1994,778,1753,509
1994,396,1282,2571,1481,1254,2404
1994,778,1532
1994,778,1532
1994,396,1604,890,1604,890,1604,1920,778,1271,2132,2520,937,228
1994,778,1852,307,1085,1590
1994,778,1852,350,1532
1994,778,2006,2299,2387,2714,1287,1791,622
1994,778,2713,1037,2272
1994,778,1852,685,802,2295,1739,2181
1994,778,1753,1694
1994,396,1604,1195,962,292,2706,1675,1628
1994,778,1753,2376,2596
1994,778,1252,2374,2748,1696,2336,1385,674
1994,396,1282,1188
1994,778,1540,2451,1395,2605,826,1402,2244,336,457,1630
1994,778,2390,2280,460,2675
1994,396,1604,1195,142
1994,396,681,1082,1709
1994,778,2713,2411,2585
1994,778,2397,1583,1021,1085,2102
1994,396,1604,2414,1723,1660,2645,622
1994,778,1757,1340,1397,2234
1994,778,1271,1706,2052,1027,2199
1994,396,2461,2337
1994,396,2383,2397,685,2380,529,285,189,1511,1662,400,1769,471
1994,778,1757,1082,2160,2520,2724,557,1680
1994,778,1852,1655
1994,778,1852,1649
1994,778,1271,2052,1027,2273
1994,396,2378,1041
1994,396,900
1994,778,817,1648,2343,2683,1312
1994,778,2397,1577,1255,1041
1994,396,1448,96,2119,341,1506
1994,778,1051,1556,1085,626
1994,778,2713,1720,1774,1889
1994,778,2390,623
1994,778,926,1472,2390,1439,2017
1994,778,1271,2651,205
1994,778,2713,39,1278
1994,778,1753,2588,1690,606,680,1666,611
1994,396,412,1730,1350,1787
1994,396,681,1041
1994,778,1753,288,1195,1226,1449,267,1657,129,406,172,1526,1018,2052,529,2130
1994,396,1282,2430,2752
1994,396,1282,1535,1653,1442,2337
1994,778,1699,1773,1503,2246,1407,2205,2272
1994,778,1757,1863,2085,445,2154,2437
1994,778,1271,2160,1610,2435,1783,2313
1994,778,1753,1694
1994,778,1051,2393,266,680,2208,2244,338,1173,1082,1770,2387,2366,2390,2280,2234
1994,778,1757,129,2686,957,1215,1506
1994,778,1753,288,153,63
1994,778,1757,2329,966,1532
1994,778,1271,2052,2244,336,457,2309
1994,778,1852,685,2415,1678,1085,626
1994,396,1532
1994,778,1271,1026,1048,1670,2372,989,685,2606,1678,806,1503,1665,460,2102
1994,778,2713,1255,1770,2387,2714,1027,2683,2331
1994,778,1051,535,2331
1994,778,2397,1640,876,684,266,2079,1959,1230,919
1994,396,1604,656,2675
1994,778,2006,1306,1598
1994,778,817,1648,996,2124,2431,2738,2354,1032,1036,1029
1994,778,1753,9,613,293
1994,778,1757,1648,1224
1994,396,681,2329,1027,2188,1519,2607,340,427,2112,661,551,2248
1994,396,1604,1656,2263,399,876,684,1782,2193,38
1994,396,1282,2546,336,1506
1994,396,1282,2152,1044,2013,38
1994,778,1787
1994,396,681,1991,1292,2636,1526,1569,728,417
1994,778,1753,1580
1994,778,1852,685,802,77,969,913,1516,1456
1994,778,1252,2157,2488,2188,1519,2100,1889
1994,396,1604,890,1883,379,1608
1994,396,1700,2549,2549,1078,1622,285,1314,534
1994,778,1541,2684,2102
1994,778,2006,2731
1994,396,412,1730,2140,1290,1215,1278
1994,778,2713,1809
1994,778,1753,291,1642,1029
1994,778,2397,1254,674
1994,778,2397,638,656,571
1994,778,1051,2136,1783,2199
1994,778,1757,2329,2244,2007,2314
1994,396,1604,2414,1671,1304,2410,2387,2714,1027,386,367,1616
1994,778,1753,291,1145,510,407,1761,1753,2376,288,817,2651,2596
1994,778,1757,1082,1680
1994,778,2329,1027,1268,626
1994,778,1753,1168,2373,989,547,403,2390,1303,105
1994,396,412,1304,1014,2410,2676
1994,778,1753,509
1994,396,1448,354,2168,2272
1994,396,412,1082,2160,1326,1027,802,1103,1288,2664,2745,2119,345,656,1279
1994,396,2383,1126,1027,2367
1994,396,2287,1035,2112,496
1994,778,1041
1994,778,2006,1086,343
1994,778,1654,1809
1994,778,1828,1415,1828,837,1761,2166,2435,1085,2371,2456,2337
1994,778,2397,271,2115
1994,396,900
1994,396,1282,2431,1212,2236,2112,2102
1994,778,1654,2130
1994,778,1787
1994,396,2461,2337
1994,396,1282,2431,2202
1994,396,1700,2711,2253,1780,1648,2682,1182,826,925,991,1282,2152,1651
1994,778,2390,1268,2181
1994,396,681,678,1391,1715,833,471
1994,778,1654,2289,1666,612
1994,778,1852,2246,1407,655,1063,664
1994,778,1468,1081,1216,267,1657,129,838,1407,1278
1994,396,681,1991,1133,1769,919
1994,396,681,1468,1081,277
1994,396,2378,1041
1994,396,681,1041
1994,778,1852,1655
1994,778,1757,1051,535,386,663,1173,1368,1393,1723,1248,1991,1292,1195,417
1994,396,1883,335,2295,2415,345,1604,638,1051,1397,1782,2193,1085,2280,2337
1994,396,2378,1108,2645,1871,2156,1717,1111,584,1049,933,825,1356,2435,1268,338,606,680,445,2532,830,2104,1548,1133,834,1772,626
1994,778,1699,685,2415,2079,452,2524
1994,778,1828,2147,1757,1863,1013,2396,937,2720,137,1655
1994,778,1852,685,40
1994,778,1753,2376,728,417
1994,778,1753,2588,2699,155,803,2645,622
1994,396,1282,2323,2435,1268,2371,2281,2136,2199
1994,396,412,2520,1774,2727
1994,396,1282,2420
1994,396,1282,2430,1326,2534
1994,396,1604,890,1883,335,2430,2752
1994,396,1604,267,2326,1402,596,1503,307,1326,1548,1464,953,1590
1994,778,2713,1215,1278
1994,778,2390,2435,446,1045,1027,1253,2437
1994,396,1282,2689
1994,778,1757,1402,2280,2235
1994,396,681,1991,1402,596,2397,1265,396,1699,685,2415,876,2277,2488,2315
1994,778,2397,1700,1156,130,1664,1889
1994,396,1282,2465
1994,778,2360,1087,1216,610,343
1994,778,1753,1694
1994,778,1654,2762,2427,980,2493,1249
1994,396,1604,2414,1457,2584
1994,396,1282,2430,2752
1994,396,681,1026,583,2586
1994,396,681,678,606,367,2208,2244,388,1035,2415,415,1670,103,2014
1994,396,2461,2337
1994,778,1051,1397,2274,1715,1278
1994,778,1757,2329,596,900
1994,778,2006,1082,2160,2520,1585,812,2111,2181
1994,396,681,1051,806,2397,2390,2289,900
1994,778,1753,509
1994,396,681,1082,2731
1994,396,1282,2420
1994,778,1828,2149,1654,2289,1439,2306
1994,778,1753,1613
1994,778,1569,757,2455,1395,1398,96,2152,1104,340,2343,2203
1994,778,2006,2331
1994,396,1282,2546,341,2306
1994,778,1541,399,1642,372,1029
1994,396,1282,2431,1212,1769,1608
1994,396,1282,2672,411,656,2289,1268,471
1994,778,1757,2329,966,2006,1532
1994,778,1468,1081,289,205
1994,778,2713,39,2200,306,2308
1994,778,678,800,2329,1990,2124,2152,2473,2683,2675
1994,778,1271,2651,1655
1994,396,1282,1518,2397,293
1994,778,679,935,1720,1668,1303,1094,451,1704
1994,778,1532
1994,778,1271,1675,1628
1994,396,681,1402,1027,460,800,460,2675
1994,778,1654,2381,1048,497,997,1648,800,2329,1027,1085,1608
1994,778,1532
1994,778,1654,2130
1994,778,1852,1130,114,236,289,1265,396,1282,696,2698,2764,978,267,762,1826,2283,1449,1508,762,2103,1374,1340,1519,38
1994,396,639,1145,1600,170,205
1994,778,1654,2381,2642,564,1905,1478,1388,1378,1215,1278
1994,396,1282,2152,1678,1080,1616
1994,778,1852,205
1994,778,2397,1271,1255,1041
1994,778,1252,2275,1590
1994,396,1282,2431,1212,1769,919
1994,778,1699,1445,137,1982
1994,396,681,2329,1678,2297,2272
1994,778,1048,1472,1503,1394,1388,289,267,762,816,2600,802,1740,427,40
1994,396,681,1991,1402,1990,2124,2430,2752
1994,778,2006,1271,2411,1788
1994,778,1532
1994,396,1282,1535,2329,1674,1799,1506
1994,778,2390,2625,2379,2244,335,2013,2342
1994,778,2166,40
1994,396,1282,2420
1994,778,1852,791,2678,335,2504,1085,1590
1994,778,1852,2079,654,1027,460,2102
1994,778,1757,129,838,1621,332,1145,798,2314
1994,396,681,1468,1508,1657,1341,1532
1994,778,1540,743,2246,2006,1516,1014,2727
1994,396,1282,2420
1994,396,1282,2431,2603
1994,396,1883,735,496
1994,778,1753,224,2145
1994,778,2390,1391,40
1994,778,1252,2015
1994,778,1252,2105,2625,1224
1994,778,2390,2289,1439,626
1994,778,1757,129,1195,1192,1511,2372,1488,640,2246,2684,2102
1994,778,1852,1642,1027,2331
1994,778,1654,2289,1268,1759,680,2208,2079,735,1608
1994,778,2390,623
1994,778,1757,153,99
1994,778,1252,2157,1769,626
1994,778,1852,267,1657,68,1477,1780,547,1265,1048,1028,1769,919
1994,396,2378,2171,792,266,680,1666,2074
1994,396,681,1991,1051,2136,2733
1994,396,2018,78,428,733
1994,396,900
1994,778,2360,1087,285,1041
1994,778,2397,1388,1378,1215,1591,1889
1994,778,1654,2764,610,2167,1242
1994,778,1654,2764,1662,364,40
1994,396,681,1991,876,684,2733
1994,778,1051,2687,2152,1104,1032,2337
1994,778,1654,1301,2381,1041
1994,396,1282,1188
1994,778,2390,2289,1539,1659,1082,2160,2397,2728,1088,2004,1723,1238,1340,2052,2210,2133,1703
1994,778,1757,153,205
1994,778,1654,2604,2382,1658,307,1031,656,571
1994,778,1048,1108,762,1637,791,1883,735,1606,95
1994,396,1448,96,2420
1994,778,1271,1680
1994,778,1271,1516,2322,1616
1994,396,681,1082,1709
1994,778,2713,1255,2731
1994,778,1654,1809
1994,778,2713,1215,1279
1994,396,681,1991,876,2331
1994,396,1604,2600,800,1048,1670,1503,1341,1480,1105,126,1751,1750
1994,778,1048,1656,267,762,791,1790,566,735,496
1994,778,2397,357,2645,1608
1994,396,1282,2430,2597
1994,778,1852,2079,452,457,1606,664
1994,778,2390,2435,1085,1045,1027,2311
1994,778,1051,2136,682,2436
1994,778,2390,1678,1068,415,1341,2600,400,629,2716,271,2117,2289,1268,2371,2646
1994,778,2713,2111,2709
1994,778,1532
1994,396,1604,1400,1265,2329,2205,2367
1994,778,2397,271,1889
1994,778,1852,2079,1356,1628
1994,778,2390,2675
1994,396,2383,2354,1032,1791,427,40
1994,778,1852,792,266,367,415,1612
1994,778,1828,2319,1828,1994,778,1852,78,1753,509
1994,778,1051,2354,1035,2112,2102
1994,778,1540,743,638,656,1268,1047,1479,1516,1014,1691,1735,973,2581
1994,778,2324,1188
1994,778,2390,1590
1994,396,2378,1991,564,167,1515,738
1994,778,1532
1994,778,1753,1904
1994,778,2713,1255,370,1306,1037,1326,966,2415,1656,205
1994,396,1604,267,2283,2244,735,1759,679,2117,1608
1994,396,2287,2256,639,2289,2229,612
1994,778,2006,1532
1994,396,2378,1402,1678,806,802,2717,2760,1144,1439,2181
1994,778,1753,2588,2699,278
1994,778,1048,638,656,1330,2397,365,762,1826,1340,1680
1994,396,2378,1654,2764,2713,1712,2074
1994,778,2006,1271,1680
1994,396,681,1082,2342
1994,778,2713,1037,2493,2331
1994,778,1757,153,9,154,67
1994,778,2390,1326,2310,1986,271,1889
1994,778,1654,1809
1994,396,1448,1927,1448,2379,1400,267,2326,1402,96,2420
1994,396,1448,2379,1400,616,652,608,609,395
1994,396,2461,2337
1994,778,2006,1532
1994,778,1852,2246,2684,629,2297,2354,335,306,2523
1994,396,681,1472,989,489,2079,735,2310,306,1614
1994,778,1757,1468,1477,2239
1994,778,1654,2117,1288,1122,2236,2337
1994,778,1757,1026,1678,969,450,2291,2733
1994,396,2383,2356,1391,1496,815,2105,1391,1085,1583,1088,226
1994,778,1654,104,2728,2411,2160,1331,2329,2435,1785,2198,624
1994,778,1018,2052,1699,957,1255,1041
1994,396,1699,791,2678,628,1785,2354,826,399,606,367,2289,1085,1759,503,1282,2420
1994,778,678,347,1700,129,1385,1809
1994,396,1700,295,278
1994,778,1757,679,2684,629,2196,1116,2267,598,1688,1249
1994,778,2360,1510,1828,872,1657,1653,1688,676,2337
1994,396,2287,627,2681,661,2399,2210,2736
1994,396,2018,890,411,596,2283,791,1085,1506
1994,778,1271,2052,1085,568,471
1994,778,1852,638,1051,1556,2323,701,2431,2754,40
1994,778,926,678,1038,1082,2160,1668,2280,2200,569,1606,2371,2052,1666,2015
1994,778,1051,588,2733
1994,778,1271,2651,1649
1994,396,1282,2152,2473,802,2488,2274,1176,2276,655,1282,2431,2202
1994,396,1282,2546,1704
1994,396,900
1994,778,1852,1388,286,515
1994,778,1252,2375,407,172,838,40
1994,396,2287,340,427,40
1994,778,2360,1087,2167,702,1290,2375,1515,805
1994,778,2397,1508,1657,1028,2205,2683,684,1249
1994,396,1282,2431,2579
1994,778,1051,386,1398,1927,1448,96,1370,2453,2581
1994,778,1271,1788
1994,396,1282,2420
1994,396,1282,1188
1994,396,1604,2600,2684,2709
1994,396,681,1402,1027,2273
1994,778,1828,2300,1657,1539,743,1773,2600,622
1994,778,1252,105
1994,396,1604,1195,1226,205
1994,778,2360,1511,651,78,882,1051,535,386,354,2682,2675
1994,778,2006,1532
1994,396,1699,685,2415,617,551,644
1994,396,1604,890,823,1503,1445,2600,2168,40
1994,778,2390,1439,1045,1391,1978,2337
1994,778,678,1038,2263,792,266,2079,1889
1994,396,1282,2152,1044,661,551,2736
1994,778,2397,997,1402,1990,2136,1781,2234
1994,778,2390,2280,2585
1994,778,1753,288,2467,2199
1994,778,1757,1402,623
1994,778,1048,1026,826,1028,1769,471
1994,396,1282,2420
1994,778,1051,1064,415,1402,996,806,1532
1994,396,1282,2420
1994,778,2397,1508,2283,2244,336,1506
1994,396,681,679,935,1245,2187,1212,834,2102
1994,396,1883,335,306,336,1759,680,415,1402,2244,735,2371,2188,2304,1029
1994,778,2397,1402,1678,2297,2354,826,1047,2397,1340,1770,1279
1994,396,2383,41,2380,529,2121,1628
1994,396,681,1991,2591,1455
1994,778,2390,1326,2435,2255,2210,2656,545,2465
1994,778,1852,685,40
1994,396,900
1994,778,1271,1706,1442,2337
1994,778,2324,2320,1863,2085,2175,1019,1674,639,1809
1994,396,2018,78,1753,509
1994,778,817,679,2684,2675
1994,778,1532
1994,396,1883,2007,2591,1585,1058,1209,1249
1994,778,1757,2329,96,2689
1994,778,1048,638,1799,1506
1994,778,1654,2289,1268,2309
1994,778,1654,2764,2713,1086,1222,2681,1674,1064,2244,379,2764,78,428,1168,1048,1670,1503,1445,89,423
1994,778,2713,2411,1442,40
1994,778,1753,1580
1994,396,1282,2772
1994,778,1540,1463,997,2390,2280,2436
1994,396,681,2390,1439,1047,387,267,762,415,1699,2326,2263,2684,1590
1994,396,2378,1402,1990,806,2415,735,1608
1994,396,1883,335,629,2716,17
1994,396,2383,2397,2117,2322,606,680,1761,2166,1775,791,1060,2371,2279,2052,2289,2198,568,2181
1994,778,1051,588,2273
1994,396,2018,656,2493,1249
1994,778,1753,2376,89,171
1994,396,1282,2431,1499,322
1994,778,1532
1994,778,2390,40
1994,778,817,1041
1994,778,1753,1694
1994,778,2006,1271,1706,2752
1994,778,1271,2303,2274,1715,1590
1994,396,2018,2343,802,1042,622
1994,778,2360,2052,2291,1212,1871,400,629,1519,2554,437,2680
1994,778,1828,1695,1761,1018,2052,2289,1282,2420
1994,778,2397,1508,1657,1341,700
1994,778,1252,2157,1769,919
1994,396,681,1041
1994,396,1604,1826,2171,1655
1994,396,1282,2430,2302,2052,2324,1188
1994,778,1757,1648,2682,684,2703
1994,778,1852,307,1176,420,948,2484,2118,2257,844,955,1400,267,1657,1991,1799,1506
1994,396,681,1338,2600,826,2329,2280,38
1994,396,681,1652,301
1994,778,2006,1271,2052,1616
1994,778,1753,1613
1994,396,681,1991,876,684,2367
1994,778,2006,1337,1402,2244,735,1047,1051,2136,38
1994,396,1282,2431,2738,1126,1035,40
1994,778,2006,1082,1680
1994,778,1753,2588,1258,2289,1666,1044,1034,2683,1312
1994,396,681,1082,2160,2397,1577,1712,1356,1678,1067,656,1608
1994,396,681,2329,966,266,680,1666,612
1994,396,2383,2681,2276,655,900
1994,778,1757,1271,1675,1678,968,2243,2387,825,1809
1994,396,1604,2414,1671,1862,895,2582
1994,778,1654,202
1994,778,2006,285,1314,506
1994,396,681,1338,2642,489,1526,2686,399,1658,1503,1773,1384,825,137,1649
1994,778,1252,2275,2683,1249
1994,778,1852,307,40
1994,778,1757,1648,2168,802,919
1994,396,1604,1658,2244,335,628,2348,1606,1224
1994,778,1753,2588,193,2674,206,602
1994,778,2006,1271,1026,585,2738,2337
1994,396,1282,2672,411,656,2681,1287,1791,2012
1994,396,1282,2597
1994,396,1282,2465
1994,396,1282,2420
1994,396,681,1108,1265,396,2378,1991,1051,2456,1792,2308
1994,778,2390,1326,2435,446,1027,2200,1987,2534
1994,396,2018,78,1753,291,1228,282,2121,1224
1994,396,1282,2672,900
1994,778,1252,2375,2600,2606,1769,2012
1994,778,1753,2588,193,1450,1405,2708,2625,656,751,1986,452,1987,2534
1994,396,681,2171,1292,640,1656,271,1614
1994,396,412,2363,1653,370,2134,2746,2267,2514
1994,396,681,1991,2390,1326,415,1402,1678,2716,2410,1439,2181
1994,778,1753,1694
1994,396,1282,2689
1994,396,681,1051,2136,2229,2015
1994,778,2390,623
1994,396,2378,1648,996,1383,2323,2370,1782,2193,38
1994,396,1282,2597
1994,396,681,1648,656,2683,2272
1994,778,1271,2160,1330,1762,2590,2532,2652,2199
1994,778,1757,1018,2052,2244,338,1265,2006,1532
1994,396,681,1468,1503,1826,1991,876,2733
1994,396,681,2171,2390,1590
1994,778,1271,2160,2675
1994,396,2378,1991,2390,1268,335,1034,40
1994,396,1282,2689
1994,396,1604,1195,414
1994,396,681,1082,1709
1994,778,1051,2136,2234
1994,778,2390,1391,40
1994,396,1282,2689
1994,778,2390,751,2280,2733
1994,778,1852,307,1051,2136,2200,1987,2722,1058,2594,2598,2559
1994,396,1282,2431,2202
1994,778,1753,2588,917,936,1082,1709
1994,778,1654,1301,640,792,2713,674
1994,396,681,1271,2052,496
1994,396,1282,2152,1598
1994,396,681,1082,1709
1994,396,681,1041
1994,396,681,1799,1769,919
1994,778,2166,1407,2127
1994,778,2006,2166,1547,1239,2181
1994,778,2397,1271,1675,1027,1279
1994,778,2166,622
1994,778,1271,1675,2370,2188,2303,2188,2304,2229,611
1994,396,2018,78,166,748,367,2208,638,656,1890,78,1753,2376,288,651,236,2729,1041
1994,396,2378,266,367,1591,1889
1994,778,2390,1268,1759,2006,1086,189,1203,1664,1584,2410,2387,2366,2642,357,2645,629,2664,2337
1994,778,1654,2764,978,1826,1340,1701,2157,471
1994,778,1757,153,609,395
1994,778,1271,1706,2420
1994,778,1828,837,2085,1334,1562
1994,778,1252,2015
1994,778,1753,1408,651,963
1994,778,1852,428,224,1694
1994,396,2378,1082,1770,2689
1994,396,1282,2431,2579
1994,396,2383,2681,2256,96,1535,1402,996,2456,1792,2308
1994,778,1852,1388,1577,2474
1994,396,681,2390,1590
1994,778,2360,1510,1156,68,1477,2728,1088,1087,1041
1994,778,1787
1994,778,1532
1994,778,1753,1408,1468,1662,2606,622
1994,396,1604,1195,142
1994,396,1282,2430,2754,1739,2074
1994,778,2006,1082,1680
1994,778,1654,285,189,1634,2360,1087,1650,648
1994,778,1340,535,40
1994,778,1271,1255,1770,1590
1994,396,2378,679,2600,2678,596,2380,1772,471
1994,778,1852,1400,267,2283,791,1666,612
1994,778,1753,224,2145
1994,778,1757,2329,1628
1994,778,2006,1668,1253,1680
1994,778,2006,927,441,702,1780,547,2283,1656,267,1657,1653,1715,833,2430,2342
1994,778,2324,2320,1445,1662,622
1994,396,1282,2430,2597
1994,396,681,1082,2132,2499,2646
1994,778,1532
1994,778,1271,1255,1041
1994,778,1468,1477,289,741,679,2168,2277,1027,40
2161,1994,778,2397,1041
2161,1994,396,681,1338,1406,1720,2116,1532
2161,1994,396,681,1648,663,2130
2161,1994,396,2383,2397,608,607,1655
2161,1994,396,681,1991,1133,655,1268,1759,129,2360,1675,1292,1526,651,978,1826,1780,547,2283,2244,1889
2161,1994,778,1852,2246,2006,2360,1087,1648,1548,1715,2682,460,919
2161,1994,778,2006,927,849,122,1478,2244,379,1173,2283,365,1195,422
2161,1994,778,1271,1680
2161,1994,778,2397,732
2161,1994,396,681,1026,583,2585
2161,1994,396,681,1082,1680
2161,1994,778,1852,319,1195,417
2161,1994,396,1282,2420
2161,1994,778,1828,863,997,823,963
2161,1994,778,1757,1051,535,2367
2161,1994,778,678,1038,1472,1890,1655
2161,1994,778,2006,1018,2052,2603
2161,1994,396,681,1472,2326,1402,1674,2397,732
2161,1994,396,1604,890,1883,735,626
2161,1994,778,1271,1706,1788
2161,1994,778,1051,1063,666
2161,1994,396,1282,1188
2161,1994,778,2390,1268,2371,2279,2193,1281
2161,1994,778,1852,2381,2441
2161,1994,778,2166,1775,1656,267,762,2246,2684,629,1883,379,628,2587
2161,1994,396,2461,2337
2161,1994,778,2006,1018,1203,407,172,350,2382,351
2161,1994,778,1662,1027,40
2161,1994,778,2713,2411,2160,301
2161,1994,396,681,1082,2052,1085,1506
2161,1994,778,1051,2393,1890,1173,2246,1048,1108,607,1670,1086,1222,301
2161,1994,396,2287,1034,1122,622
2161,1994,778,1654,2289,1085,2310,569,306,2309
2161,1994,778,1532
2161,1994,778,1753,1694
2161,1994,396,1604,890,2606,1678,1126,593,1111,584,1049,2514
2161,1994,778,2006,1018,2052,751,585,2342
2161,1994,778,1852,1655
2161,1994,396,412,1247,1185,678,800,1330,1051,2687,969,2152,2473,2675
2161,1994,396,1282,2420
2161,1994,396,2378,679,2160,2397,529,1583,1021,2389,2764,387,429,1927,2283,1656,78,166,693,367,812,2494,2755
2161,1994,396,681,1753,632
2161,1994,396,1282,2672,2290,1085,1608
2161,1994,778,2390,2681,1391,1792,2013,38
2161,1994,396,1282,696,1029
2161,1994,396,1282,1342,1067,415,2645,629,2297,2354,826,1028,1391,40
2161,1994,778,1852,357,1670,103,2014
2161,1994,778,1271,1675,1268,2181
2161,1994,778,1252,2374,679,2168,2331
2161,1994,778,1051,1680
2161,1994,396,1282,2152,1044,496
2161,1994,396,1448,2379,2079,1889
2161,1994,396,2018,78,882,1656,685,802,1103,1678,1181,1027,2200,335,306,1810,2431,2202
2161,1994,778,2390,1391,2198,569,2201,2309
2161,1994,778,1051,1699,957,1516,2105,1608
2161,1994,778,1048,2329,1678,2229,611
2161,1994,778,1051,386,429,1927,1448,1678,1790,388,1034,2272
2161,1994,396,1282,2152,1678,2687,2152,1104,1032,2337
2161,1994,778,2360,1675,1027,376,2136,2273
2161,1994,396,681,1991,564,2129,1995,728,293
2161,1994,778,1852,319,638,1051,2393,1279
2161,1994,778,1340,535,2337
2161,1994,396,2383,2681,1045,347,791,1268,625
2161,1994,396,1604,2600,1268,2371,2199
2161,1994,396,681,1468,1508,997,1402,1674,399,2244,338,1590
2161,1994,396,2383,2397,271,2117,1058,1207,2255,2210,1562
2161,1994,778,1271,1675,2012
2161,1994,396,681,1753,2376,1105,616,1384,2639,2625,630,2289,1439,1608
2161,1994,778,1852,685,1738,427,40
2161,1994,778,1654,2289,2273
2161,1994,778,1468,89,423
2161,1994,778,1654,2435,446,1987,2775
2161,1994,396,1604,307,40
2161,1994,396,412,505,1921,656,1590
2161,1994,396,1700,1359,1020,1402,1548,2255,347,365,762,2103,885,1773,607,651,2600,1790,341,2310,2523
2161,1994,396,412,1730,2562,2335,2520,2717,2111,2181
2161,1994,778,1532
2161,1994,396,1282,2772
2161,1994,778,817,2651,1041
2161,1994,778,2006,1086,1890,267,1657,2645,2012
2161,1994,396,681,679,1615
2161,1994,396,2378,1108,1265,1503,2171,266,2079,2739,2244,335,1035,1085,2310,306,2523
2161,1994,396,681,683,1828,2218,1657,2645,800,2255,2750,2375,2392,957,1255,1442,751,2309
2161,1994,778,2006,1271,1675,585,902
2161,1994,778,1699,2713,1037,399,2244,735,2370,376,370,1064,1224
2161,1994,778,2397,957,39,1590
2161,1994,396,412,505,497,2363,1468,1662,2343,802,1103,1288,1122,2127
2161,1994,396,1883,735,1506
2161,1994,396,1604,1658,656,2289,2193,1281
2161,1994,778,1852,1388,2729,2121,95
2161,1994,396,1282,2420
2161,1994,396,1883,379,2130
2161,1994,778,1654,2083,351
2161,1994,396,2383,2356,444,2765,46,2739,571
2161,1994,778,2006,1516,2465
2161,1994,396,2378,1468,1477,406,1761,2360,1087,2076,1468,1662,1407,2675
2161,1994,396,1282,2420
2161,1994,778,1787
2161,1994,778,1753,288,962,189,1203,1757,1026,1678,1790,388,1027,460,629,1978,2354,2717,2111,629,1289,2152,485,100,285,1041
2161,1994,778,1757,1082,1675,1027,2200,2755
2161,1994,396,2378,1991,656,1608
2161,1994,778,2166,1326,2402,1249
2161,1994,396,1700,939,72,713,734,474,141
2161,1994,396,681,679,2728,1088,293
2161,1994,778,2390,1591,1889
2161,1994,778,1051,1680
2161,1994,396,681,1468,89,1242
2161,1994,778,1852,607,456,1114,2115
2161,1994,778,1753,1408,406,172,838,594
2161,1994,778,2390,1590
2161,1994,778,1468,282,2729,387,1398,96,2413,1064,638,1653,2294,497,2008,1108,1852,791,1790,379,1265,1340,2303,2273
2161,1994,778,1051,2136,2234
2161,1994,778,1048,678,1384,1622,1290,1712,1809
2161,1994,778,1852,271,1889
2161,1994,778,1271,2160,1590
2161,1994,778,1654,1215,1590
2161,1994,396,1282,2430,375,2337
2161,1994,778,1271,1788
2161,1994,396,681,2171,1041
2161,1994,778,1852,792,399,1445,1569,978,762,1195,1192,1511,2372,78,1753,1408,2372,78,1753,1168,2360,1675,2168,2272
2161,1994,396,1282,2430,2273
2161,1994,778,2006,1330,285,1314,46,2727
2161,1994,778,1757,2329,826,1402,2289,900
2161,1994,778,2006,2360,1087,294,2372,282,651,610,343
2161,1994,778,1051,2136,682,2585
2161,1994,396,412,132,553,1442,1759,2329,2280,38
2161,1994,396,681,1082,2585
2161,1994,396,1604,890,411,2504,1085,626
2161,1994,778,1654,2117,431,1731,2126,1921,415,2645,629,2678,335,340,628,2255,2210,357,153,1409,1565
2161,1994,396,681,1991,778,1753,9,170,722
2161,1994,396,681,1799,833,2236,2337
2161,1994,396,681,2171,1224
2161,1994,396,2378,1468,282,2729,1650,205
2161,1994,778,1852,205
2161,1994,778,1041
2161,1994,396,2378,1991,1799,2675
2161,1994,778,2360,1087,1290,1706,1442,1628
2161,1994,778,2713,2132,1194,293
2161,1994,396,1282,2772
2161,1994,778,2397,267,1657,129,652,777,166,1198,400,622
2161,1994,778,2006,1282,2465
2161,1994,778,1532
2161,1994,396,681,1082,1680
2161,1994,778,1468,1508,1657,129,2372,1018,2052,1326,2310,624
2161,1994,778,1532
2161,1994,778,1753,1408,1400,1582,935,2382,1265,396,412,2166,1678,2393,1126,336,626
2161,1994,778,2397,271,1889
2161,1994,778,1828,2148,396,1604,890,1604,890,1604,1658,1657,1648,1674,2397,732
2161,1994,778,1699,1612
2161,1994,778,1787
2161,1994,396,1282,1188
2161,1994,778,1271,1675,2244,341,2310,624
2161,1994,396,1883,701,2323,451,1704
2161,1994,396,681,2390,571
2161,1994,396,681,1041
2161,1994,778,1757,1026,1048,1472,656,40
2161,1994,778,1757,2725,364,40
2161,1994,396,2378,2171,529,935,1457,2584
2161,1994,778,1852,455,1828,2221,2085,1248,679,2684,2205,1122,2127
2161,1994,396,1532
2161,1994,778,2397,608,1368,286,515
2161,1994,778,1828,2213,2257,994,2443,1087,728,1223
2161,1994,778,1852,1655
2161,1994,778,1271,2160,1253,1675,2370,787
2161,1994,396,1604,2600,1407,1772,2524
2161,1994,778,2713,39,266,680,2290,1085,2310,1606,95
2161,1994,396,681,2390,40
2161,1994,396,1604,607,1051,1519,2603
2161,1994,778,2329,2435,2272
2161,1994,778,1569,757,2455,1395,547,989,1647,955,428,2376,417
2161,1994,396,1282,2152,485,2514
2161,1994,778,1852,685,460,2682,1312
2161,1994,778,2006,1532
2161,1994,778,1753,1168,2373,989,792,1031,307,1085,1759,1252,2374,2710,702,1385,1584,496
2161,1994,778,2006,1532
2161,1994,396,1282,2689
2161,1994,396,2018,2343,2606,629,2716,17
2161,1994,778,1662,2380,1772,95
2161,1994,396,1700,1995,1341,384,620,2729,1650,1649
2161,1994,778,817,1648,2168,40
2161,1994,778,2390,1590
2161,1994,778,1852,1655
2161,1994,396,681,1991,2591,1455
2161,1994,396,1883,335,1032,2354,1035,40
2161,1994,396,1282,2571,2054,2231,1488,1228,1852,1655
2161,1994,396,1282,2152,1044,496
2161,1994,778,1699,791,40
2161,1994,396,2378,1340,588,2274,2272
2161,1994,396,1604,1400,170,205
2161,1994,778,678,571
2161,1994,778,2390,2280,2234
2161,1994,778,2390,2280,1783,2199
2161,1994,396,2383,2397,2728,141
2161,1994,396,1532
2161,1994,778,1271,2731
2161,1994,396,1883,379,1608
2161,1994,778,1662,2343,1122,2102
2161,1994,778,1048,1670,1086,343
2161,1994,396,2018,685,2367
2161,1994,778,1048,412,1082,2160,1662,996,806,1532
2161,1994,778,1757,2645,2236,1122,2295,1122,2236,2415,2301,2310,1027,1279
2161,1994,778,2390,1268,2181
2161,1994,778,1753,2376,777,428,1329,2065,1663,2329,2435,1326,2402,1085,1769,919
2161,1994,778,2390,2280,2235
2161,1994,396,412,1537,2262,1078,286,618
2161,1994,778,2397,656,1590
2161,1994,396,1604,1658,307,1085,2280,2100,488,2546,1597
2161,1994,778,1271,2132,1698
2161,1994,396,1532
2161,1994,778,1271,1675,1616
2161,1994,778,678,1038,1108,1488,137,1286,552,1304,1500,2728,141
2161,1994,778,1828,1697,503,1282,2152,612
2161,1994,778,1753,1386,2150,1341,935,1706,2731
2161,1994,396,2461,2337
2161,1994,396,681,1540,2320,2087,2085,1061,76,2581
2161,1994,778,1271,1255,1688,1249
2161,1994,778,1757,823,2642,792,399,1652,1287,1182,2247,684,40
2161,1994,778,2397,1040,1341,1079
2161,1994,396,681,2329,826,1731,548,1828,1415,1828,1697,172,838,40
2161,1994,778,2397,2326,350,1640,876,2272
2161,1994,396,1282,2465
2161,1994,396,1532
2161,1994,396,2018,267,762,656,1439,1986,654,2306
2161,1994,396,681,679,1881,137,1649
2161,1994,396,1604,656,1439,2370,682,2646
2161,1994,778,1757,2360,1510,1949,295,2521,1081,1385,2160,1331,1048,1665,460,2102
2161,1994,396,1883,335,622
2161,1994,778,1662,1616
2161,1994,396,1700,939,894,1874,933,2669
2161,1994,778,1271,1680
2161,1994,778,2397,431,1656,961
2161,1994,778,1852,2079,1889
2161,1994,778,1787
2161,1994,778,1532
2161,1994,396,1699,1612
2161,1994,396,681,1468,282,651,267,403,2263,1028,1279
2161,1994,778,2166,622
2161,1994,396,639,1248,1670,2083,648
2161,1994,396,412,505,497,129,570
2161,1994,396,681,1468,1508,1657,68,1192,1511,2372,529,2130
2161,1994,396,2383,2698,152,555
2161,1994,778,2713,1809
2161,1994,778,2360,2052,2013,2315
2161,1994,778,1787
2161,1994,778,2006,1271,2411,1041
2161,1994,778,1787
2161,1994,778,2324,2590,2410,2387,2366,997,350,2381,1662,1678,1883,615,1370,2455,1003,2372,1173,1385,1788
2161,1994,396,2383,2397,1388,1086,1314,105
2161,1994,396,1282,2465
2161,1994,396,681,2360,1087,1662,596,900
2161,1994,778,1654,2289,2100,1506
2161,1994,396,681,678,1384,1615
2161,1994,778,1852,1665,460,2675
2161,1994,396,1282,2323,585,2579
2161,1994,778,1852,638,876,2273
2161,1994,778,1753,1408,792,301
2161,1994,778,1828,1695,1657,1652,372,2323,585,1532
2161,1994,778,2713,2411,1442,2280,1064,2079,2097
2161,1994,778,1852,1655
2161,1994,778,1662,900
2161,1994,396,1282,2430,2646
2161,1994,778,1654,2729,1041
2161,1994,778,1468,2642,1028,606,367,2378,1468,282,289,610,2167,792,1048,489,2645,629,1289,2152,1044,566,336,626
2161,1994,778,1757,2329,1548,1549,2683,1249
2161,1994,778,2390,1326,1674,1064,407,1761,1757,2329,2168,2331
2161,1994,396,1604,656,1391,40
2161,1994,396,900
2161,1994,396,681,1041
2161,1994,778,1852,791,1790,335,2504,1085,622
2161,1994,778,1753,632
2161,1994,778,2006,2248
2161,1994,396,1282,2323,2015
2161,1994,778,2360,2052,1699,791,2678,345,2379,350,2684,834,1772,606,367,571
2161,1994,778,1699,1773,2600,1031,1871,2156,1463,679,2381,387,663,2379,2103,2455,1395,791,1282,1342,588,2274,460,2102
2161,1994,396,2378,1677,1374,2079,735,2306
2161,1994,778,1753,1694
2161,1994,396,2378,129,1145,1600,137,2764,2390,1326,2488,40
2161,1994,778,1757,1648,1548,1407,2127
2161,1994,778,1468,89,142
2161,1994,778,1051,2393,1503,1117,66
2161,1994,396,2378,1468,89,422
2161,1994,396,1448,96,2430,2342
2161,1994,778,2006,927,1693,511,1086,1222,356,439,1711,2005,2703
2161,1994,778,2006,2331
2161,1994,778,2006,1086,1314,2345
2161,1994,778,1753,1694
2161,1994,396,681,1041
2161,1994,396,1604,638,1051,386,2605,1051,2393,1532
2161,1994,778,1271,2160,2360,1087,2076,282,1086,1612
2161,1994,778,1757,1991,876,2493,2184,1290,45,105
2161,1994,396,1883,335,306,569,624
2161,1994,396,2383,970,2397,608,935,1720,2322,1173,1040,2171,681,1799,655,1063,1027,2683,684,1281
2161,1994,778,2390,1326,2310,1986,2301,457,2181
2161,1994,778,1018,2052,1085,629,2337
2161,1994,396,1282,1019,1591,1691,415,2645,622
2161,1994,778,1051,2100,1987,2727
2161,1994,778,1753,288,1216,465
2161,1994,778,1852,2246,2684,629,2294,490,2442,528,555
2161,1994,778,1757,129,1664,2244,336,2523
2161,1994,778,1753,1694
2161,1994,778,1852,431,1699,78,428,224,845
2161,1994,778,1048,2171,1265,396,681,1051,806,1532
2161,1994,778,1757,1402,1027,266,1340,1675,2244,341,457,2309
2161,1994,396,2287,427,2415,364,1782,2436
2161,1994,778,1757,1026,1769,919
2161,1994,778,1532
2161,1994,396,900
2161,1994,778,2397,431,1292,1195,414
2161,1994,396,1282,2420
2161,1994,778,679,1640,2603
2161,1994,396,1282,2152,485,2714,1678,1080,1034,1739,2074
2161,1994,778,1018,2052,2591,1774,1691,1699,957,39,1590
2161,1994,396,2378,129,838,2435,1085,1986,735,630,1395,307,1030,1173,1254,740
2161,1994,396,1604,2600,622
2161,1994,778,1051,386,962,1192,1511,1652,1085,1583,1255,1688,1590
2161,1994,778,2329,826,2378,679,1532
2161,1994,396,1604,607,2171,1654,2289,1439,1772,471
2161,1994,778,2390,1439,2775
2161,1994,396,1282,2431,902
2161,1994,778,1753,2588,2699,1079
2161,1994,778,1852,2246,1176,420,1158,930,1328,228
2161,1994,396,2461,2337
2161,1994,396,1604,638,564,1905,1403,1228,1650,648
2161,1994,778,2006,1532
2161,1994,778,2360,2052,2244,341,626
2161,1994,778,2390,2435,446,1987,1614
2161,1994,778,2390,1608
2161,1994,396,1448,96,1370,1723,1668,2208,419,791,1883,2007,913,2455,2490,271,1889
2161,1994,396,681,1991,2247,1688,205
2161,1994,778,1753,288,651,78,428,1168,153,221
2161,1994,396,1282,1609
2161,1994,778,679,2684,2102
2161,1994,778,1757,2329,2280,1781,2234
2161,1994,396,1282,2431,497,2363,2283,1388,406,172,428,1168,153,177,1565
2161,1994,778,1569,170,2373,319,1826,1413,286,2463,926,2171,681,1041
2161,1994,396,1604,2414,1717,1111,2276,2493,1249
2161,1994,396,681,1653,1067,1604,1920,1699,307,1051,2304,1029
2161,1994,396,2378,1468,89,1522
2161,1994,778,1757,1340,1680
2161,1994,778,1852,205
2161,1994,778,2006,2360,1087,1468,2156,1659,456,1562
2161,1994,778,2390,2277,96,1243,2136,386,354,826,2644
2161,1994,778,1252,2374,866,980,2493,1249
2161,1994,396,1604,2414,2455,1395,638,1047,1532
2161,1994,778,1852,2079,2722,2469
2161,1994,778,1252,2157,347,1648,2682,1278
2161,1994,778,2006,1082,1702,2420
2161,1994,396,681,1991,1051,386,367,1591,1614
2161,1994,396,681,1041
2161,1994,396,681,679,2684,2102
2161,1994,778,1048,497,1271,1680
2161,1994,778,2390,2435,446,1027,2200,735,655,2229,2005,2331
2161,1994,396,2018,2343,40
2161,1994,778,1757,1648,2168,2683,684,2436
2161,1994,396,1282,2431,2738,2354,388,1027,376,370,1061,76,2465
2161,1994,778,1787
2161,1994,396,2461,2337
2161,1994,778,1753,1580
2161,1994,778,1654,1215,2469
2161,1994,396,2378,406,1761,1757,1082,1680
2161,1994,778,2390,2675
2161,1994,778,1852,319,2330,89,1251
2161,1994,778,1532
2161,1994,778,1753,1386,2008,1488,289,2600,2380,656,1439,2181
2161,1994,396,1282,696,2229,582,102,2600,800,2329,1181,1628
2161,1994,778,1753,1408,407,172,428,2588,2699,278
2161,1994,396,1604,607,638,564,1195,1522
2161,1994,778,2006,1018,2052,751,2210,650
2161,1994,396,2378,1657,2645,629,2716,1774,2410,1029
2161,1994,778,2006,1271,1680
2161,1994,778,1828,990,680,172,2087,1013,2715,638,1472,1641,364,2112,629,1289,2689
2161,1994,778,2713,1712,1628
2161,1994,778,1753,509
2161,1994,396,681,1991,876,2315
2161,1994,778,1852,2246,551,1784,1591,1809
2161,1994,778,678,1406,743,415,685,40
2161,1994,778,1757,1051,1052,2234
2161,1994,778,2006,1532
2161,1994,778,1757,2329,622
2161,1994,778,1271,1255,1519,38
2161,1994,778,2329,2244,379,628,1085,1506
2161,1994,778,1541,1503,2263,1330,2324,2299,1710,1612
2161,1994,778,2006,2299,2387,1712,1584,2410,1268,306,1889
2161,1994,778,1852,791,1883,388,1035,2683,1249
2161,1994,778,1271,1675,2013,2315
2161,1994,778,1753,2376,728,189,1511,1753,1408,2360,1087,989,354,2504,1176,1027,802,1640,399,606,1038,1472,1890,428,733
2161,1994,396,681,1041
2161,1994,778,1753,1408,153,177,798,2644
2161,1994,396,681,1670,2600,826,1182,2324,2453,2465
2161,1994,778,1828,2162,396,1604,1826,1082,1680
2161,1994,778,1654,285,1041
2161,1994,778,1757,1402,826,2329,966,40
2161,1994,396,2378,2725,2684,1608
2161,1994,778,1654,2289,2200,735,1608
2161,1994,778,1787
2161,1994,778,1852,2246,1407,1278
2161,1994,778,679,2115
2161,1994,396,412,1730,2140,289,2600,596,681,2390,2280,2188,2304,376,2585
2161,1994,778,2006,1018,2052,1051,1397,40
2161,1994,778,1753,1580
2161,1994,778,1654,2729,675
2161,1994,778,2390,1439,2523
2161,1994,778,1852,205
2161,1994,396,681,1041
2161,1994,778,1271,1680
2161,1994,778,1753,1613
2161,1994,396,2018,656,751,2280,1268,626
2161,1994,778,2360,1203,129,1991,1402,996,2393,1126,1027,40
2161,1994,396,2378,1468,1479,1516,2465
2161,1994,778,2390,1590
2161,1994,396,2378,1991,564,1905,1076,307,1031,656,751,2168,676,2644
2161,1994,778,1757,153,1589
2161,1994,396,2378,266,367,571
2161,1994,778,2006,1532
2161,1994,778,1753,1904
2161,1994,778,2324,2320,1041
2161,1994,778,1532
2161,1994,396,412,1238,2390,354,655,2274,399,1653,2294,2397,1385,2117,1047,2397,2771,640,1402,800,2367
2161,1994,778,1018,1675,919
2161,1994,778,1051,2136,38
2161,1994,396,1282,2420
2161,1994,778,1757,1271,1675,2013,2315
2161,1994,778,2397,426,1655
2161,1994,778,1532
2161,1994,778,1852,205
2161,1994,778,1852,2246,1407,1279
2161,1994,778,1852,2244,379,2764,989,489,791,2678,597,1122,345,2379,656,1590
2161,1994,778,1852,428,1408,153,222,1271,2731
2161,1994,778,1757,1991,564,2327,1642,1085,622
2161,1994,396,681,1468,2642,547,1657,2329,596,301
2161,1994,778,1048,1028,2625,2591,2466
2161,1994,778,1852,307,2678,2717,830,2104,2012
2161,1994,396,1699,2326,823,1650,648
2161,1994,778,2390,1268,1608
2161,1994,396,2378,1653,1549,2683,1249
2161,1994,778,1753,1694
2161,1994,396,2461,2337
2161,1994,778,1654,2130
2161,1994,396,1604,2366,656,2493,1249
2161,1994,778,1048,1541,301
2161,1994,778,1753,9,616,1384,1655
2161,1994,778,1654,2289,1330,639,1039,2733
2161,1994,396,1282,1535,2329,2280,2436
2161,1994,778,1757,153,1409,510,354,347,2329,826,1182,1922,2283,1449,403,2379,2263,2645,1871,400,1769,471
2161,1994,778,1051,1397,2234
2161,1994,396,2018,685,40
2161,1994,778,2006,1282,2292
2161,1994,396,681,678,403,1028,655,1085,629,2635,1738,1871,497,1394,1388,651,403,2018,2343,40
2161,1994,396,2287,2256,1173,397,2724,557,2052,2210,641
2161,1994,396,2461,2337
2161,1994,396,412,1304,1585,2069
2161,1994,396,681,2390,1590
2161,1994,396,1282,2430,2754,2683,1590
2161,1994,396,681,1991,1051,588,38
2161,1994,396,1604,890,1604,1195,1409,524,1515,805
2161,1994,778,2713,1712,2074
2161,1994,778,1654,2764,1852,791,2678,826,2329,2280,38
2161,1994,778,1753,2376,1468,2642,792,1048,1292,638,1402,1678,1126,826,1464,1221,2656,1860,1653,535,2367
2161,1994,778,1569,1406,1457,2337
2161,1994,396,681,679,2381,2713,1712,1584,1678,969,2152,2473,40
2161,1994,396,1282,1342,2323,2291,2738,2354,826,2329,2168,40
2161,1994,778,1654,2435,1085,583,38
2161,1994,778,2006,1385,2121,1281
2161,1994,778,1541,1048,1292,2330,1040,2171,2390,1608
2161,1994,778,1051,1052,2273
2161,1994,396,1604,890,823,1852,1665,40
2161,1994,396,1282,2431,2579
2161,1994,396,639,1173,2130
2161,1994,778,1753,2588,1690,1591,1691,2234
2161,1994,778,2397,1577,2474
2161,1994,396,2378,1648,2682,2675
2161,1994,778,1051,535,1064,656,571
2161,1994,778,926,2678,1288,2354,1628
2161,1994,778,2713,2411,2160,751,1396,2320,1863,1013,813,1645,114,236,2729,293
2161,1994,778,1048,547,387,429,2379,791,2678,1181,2504,1439,1047,1532
2161,1994,778,1852,267,1657,1569,1497,1394,1388,1780,1653,1519,38
2161,1994,778,1753,1694
2161,1994,778,1753,1168,68,113
2161,1994,778,2713,1215,2205,2277,1628
2161,1994,778,1753,1580
2161,1994,778,1753,1694
2161,1994,778,2713,137,901,399,1700,1657,1699,685,2367
2161,1994,778,1271,1675,1439,2181
2161,1994,778,1271,2052,2591,2466
2161,1994,778,1271,1675,1027,2188,2587
2161,1994,778,1271,1255,370,2557,2754,2683,1590
2161,1994,778,1569,2330,1185,387,429,890,1604,2600,900
2161,1994,778,1654,285,2401
2161,1994,396,1883,338,2102
2161,1994,396,1282,2431,2579
2161,1994,396,1282,2430,1326,2291,538,1474,1780,1665,460,2102
2161,1994,778,2390,1391,38
2161,1994,396,681,1991,656,2681,1674,2681,661,2670
2161,1994,396,1282,2323,2306
2161,1994,778,1541,1048,792,1330,285,1192,1634,1192,1511,2166,1771,347,1665,460,800,1048,2171,529,1254,2689
2161,1994,778,2006,2397,2063,1340,535,386,663,1597
2161,1994,778,1753,1694
2161,1994,396,2378,2329,2244,341,1759,2329,996,588,1783,2235
2161,1994,396,2018,1656,608,607,1341,728,1192,1511,1216,403,489,1402,2280,2191,1067,823,387,1398,2379,307,1085,568,95
2161,1994,396,900
2161,1994,778,1753,288,407,1761,1757,1648,800,2272
2161,1994,778,1852,2246,1031,606,680,1331,1540,743,307,1439,2309
2161,1994,396,412,2166,2289,301
2161,1994,396,2378,1041
2161,1994,396,2018,267,762,2338,1449,1662,1407,1590
2161,1994,396,681,1653,1715,919
2161,1994,396,2383,2681,2017
2161,1994,396,412,1730,296,673
2161,1994,778,1051,1519,1268,583,1064,1173,2283,1612
2161,1994,396,681,678,2289,1539,1463,1648,663,1664,2739,1030,2504,1182,1292,1983,271,341,626
2161,1994,778,1757,1271,1675,2210,2248
2161,1994,778,1051,588,38
2161,1994,778,1654,2762,452,1027,460,2102
2161,1994,778,2006,2360,1087,1086,343
2161,1994,396,2018,1920,989,490,2562,2023,1696,1234,1344,1696,2023,72,713,2708,1678,1080,1034,40
2161,1994,778,1654,2083,152,1854
2161,1994,778,1654,2130
2161,1994,778,1753,1694
2161,1994,778,1852,267,1657,2329,2168,460,2102
2161,1994,396,681,2390,751,2168,2331
2161,1994,396,1282,2152,612
2161,1994,396,412,132,650
2161,1994,778,2397,2244,335,1035,2683,1278
2161,1994,778,1852,428,2377,1582,2373,610,2167,2282,2437
2161,1994,778,1271,1788
2161,1994,396,681,1991,2244,2371,1680
2161,1994,778,2324,1535,817,2329,1990,2393,2354,2017
2161,1994,778,2397,402,1681,1640,399,350,2684,1772,471
2161,1994,778,1271,2160,751,1628
2161,1994,778,2390,583,1439,2291,2579
2161,1994,778,2360,1087,285,1314,2514
2161,1994,778,1753,9,170,63
2161,1994,778,1654,2083,648
2161,1994,778,1753,288,1195,1226,205
2161,1994,396,1282,1019,2289,1253,1680
2161,1994,778,2166,1678,969,913,2111,919
2161,1994,778,1828,2425,900
2161,1994,778,1753,632
2161,1994,396,681,1402,2244,735,1606,1224
2161,1994,778,1271,2132,2116,935,1516,1014,2727
2161,1994,396,681,2171,2591,2466
2161,1994,778,1468,1662,40
2161,1994,396,2018,2343,2287,1035,40
2161,1994,778,1852,78,1753,224,423
2161,1994,396,1282,2431,902
2161,1994,778,1654,2130
2161,1994,778,1852,1406,1659,1863,2085,927,2268,1385,2732
2161,1994,396,2018,78,1753,1580
2161,1994,778,1852,1642,751,2435,1666,611
2161,1994,396,2018,2343,802,2488,2274,399,1700,1262,129,652,78,1753,1386,1537,1323,1650,1655
2161,1994,396,1282,1535,1472,403,2379,2244,336,306,2523
2161,1994,396,2018,656,2683,2331
2161,1994,778,1852,1388,2372,1497,1569,319,1195,1081,277
2161,1994,396,639,1253,1675,529,2130
2161,1994,778,1699,685,802,1678,1666,612
2161,1994,396,2018,1656,741,1028,2625,426,307,1031,656,2289,900
2161,1994,778,1654,2289,900
2161,1994,778,1468,728,422
2161,1994,778,1051,2393,2390,2280,2313
2161,1994,778,1532
2161,1994,396,412,1531,1516,2116,2083,1655
2161,1994,396,681,1051,1052,1782,2313
2161,1994,778,1753,1580
2161,1994,396,2378,1156,1476,236,137,226
2161,1994,396,681,2329,585,902
2161,1994,396,1604,1920,2283,2246,1407,1278
2161,1994,396,1604,890,1604,890,1883,338,2504,1176,572,834,471
2161,1994,396,1282,1188
2161,1994,778,1654,2289,301
2161,1994,778,1753,1694
2161,1994,778,1753,1580
2161,1994,778,2390,2280,1439,2309
2161,1994,778,1852,1130,2767,2739,900
2161,1994,396,2378,266,367,1699,1445,1384,2345
2161,1994,396,2378,1402,2244,379,2764,267,1657,1699,791,1282,2431,2754,40
2161,1994,396,2378,129,2372,1265,997,679,1532
2161,1994,396,1700,1657,2329,596,1311,2356,1391,1085,2102
2161,1994,778,2390,751,2435,2229,612
2161,1994,778,1852,1655
2161,1994,396,1604,2414,1374,307,1031,2379,667,307,2678,1990,2393,2415,1678,1282,2571,1474,286,1562
2161,1994,778,1048,1108,1265,396,1282,2431,2302,1708,674
2161,1994,778,2166,2682,1279
2161,1994,778,678,1398,2343,2606,622
2161,1994,778,1048,1656,403,656,40
2161,1994,396,1282,2292
2161,1994,778,1271,2160,1610,2280,2235
2161,1994,396,1282,2546,336,626
2161,1994,396,1883,338,1288,2348,593,2014
2161,1994,778,1654,2289,900
2161,1994,778,1852,1406,1659,456,515
2161,1994,778,1252,2581
2161,1994,396,1282,1342,1126,2717,1207,1236
2161,1994,778,1753,1168,406,1761,1757,1648,1674,399,2329,629,2664,2348,735,1506
2161,1994,396,681,1652,2684,2709
2161,1994,396,2378,1402,596,1540,2299,1710,1890,205
2161,1994,396,1604,1920,777,428,1408,406,1761,1569,319,667,1664,1809
2161,1994,396,1604,2600,400,629,1133,1772,606,680,1666,1651
2161,1994,778,1852,267,762,2366,656,1279
2161,1994,396,2383,460,2205,40
2161,1994,778,2397,1082,1709
2161,1994,778,2006,285,1041
2161,1994,778,1252,2157,1548,1133,622
2161,1994,778,1753,291,1038,1472,403,1731,2064,895,2320,1664,2117,1145,1600,2600,364,2272
2161,1994,778,1753,1694
2161,1994,396,1699,685,2415,572,834,919
2161,1994,396,1604,607,2329,1628
2161,1994,396,681,1338,610,1041
2161,1994,778,1271,1675,2523
2161,1994,396,1282,2431,497,68,177,1565
2161,1994,396,639,1248,1051,2124,1019,1224
2161,1994,396,681,1108,2390,1439,2370,2281,2278
2161,1994,396,681,1082,2160,1610,1326,2291,2603
2161,1994,396,1282,2430,2100,1987,2775
2161,1994,778,1753,2588,2699,278
2161,1994,778,2713,1215,1591,1889
2161,1994,396,2018,656,751,1986,654,1628
2161,1994,778,2397,1224
2161,1994,396,2383,2397,236,1402,1678,1282,2772
2161,1994,396,1604,431,497,68,648
2161,1994,396,1282,2689
2161,1994,778,1757,1648,800,387,429,1224
2161,1994,396,1883,379,1265,778,1757,153,63
2161,1994,396,681,1991,1051,2136,2733
2161,1994,778,2713,1720,1774,2410,1735,1978,802,1288,2664,40
2161,1994,396,681,1082,1709
2161,1994,778,2390,596,2272
2161,1994,396,1604,2414,1374,2329,1548,2681,1027,2456,1126,336,306,1614
2161,1994,396,1604,1195,1522
2161,1994,396,1282,2152,1104,1032,2393,1126,1035,2683,1279
2161,1994,396,2018,890,1604,2600,2728,2374,1340,2304,2348,1173,2642,489,685,802,919
2161,1994,396,2383,2354,615,2312
2161,1994,396,1282,2420
2161,1994,778,2390,1590
2161,1994,396,1700,1010,1402,1628
2161,1994,778,1271,2052,2587
2161,1994,778,2390,1591,1889
2161,1994,778,1051,1064,607,1341,1378,2411,1680
2161,1994,778,1753,1694
2161,1994,396,1604,890,823,1650,1649
2161,1994,778,926,1604,656,2289,1031,1920,266,1340,1519,2337
2161,1994,778,1852,791,2678,966,1503,1658,78,428,733
2161,1994,778,1852,350,2382,1640,1064,403,357,1402,1678,1031,1173,1082,2160,2387,1501,1457,2367
2161,1994,778,1271,2160,1064,2244,2301,1045,1711,1590
2161,1994,778,2006,927,2068,1078,2197,1407,1279
2161,1994,396,639,571
2161,1994,778,1852,307,1176,347,2329,826,490,1262,1983,1826,1654,2764,2155,743,1145,798,2005,2603
2161,1994,778,1048,1656,961
2161,1994,396,1282,2420
2161,1994,396,1604,2414,743,2246,2397,222,1478,1449,741,1649
2161,1994,396,681,1051,535,2315
2161,1994,778,1532
2161,1994,396,1604,1400,616,407,1761,1757,1026,1031,656,1326,1027,38
2161,1994,396,1532
2161,1994,778,1852,1648,2168,2272
2161,1994,396,1883,379,2675
2161,1994,778,1699,2390,2280,38
2161,1994,778,1252,2581
2161,1994,396,1604,890,1448,1678,1176,496
2161,1994,396,1282,2420
2161,1994,778,2166,1326,2402,2188,2303,1060,1045,2013,2315
2161,1994,778,1828,1667,396,1883,379,2103,1086,1222,1407,2127
2161,1994,396,1699,1445,651,236,2373,267,1657,68,67
2161,1994,778,1271,1788
2161,1994,778,1271,1680
2161,1994,778,2390,40
2161,1994,778,1051,2136,2315
2161,1994,778,1787
2161,1994,396,1604,607,236,2381,1041
2161,1994,396,1282,2465
2161,1994,396,412,1374,307,1031,307,2678,826,1700,1657,1341,1301,1720,2465
2161,1994,396,1282,2152,1104,1032,2354,826,1731,1350,506
2161,1994,778,1757,1271,2160,301
2161,1994,396,1282,1188
2161,1994,778,1753,1694
2161,1994,396,1282,2420
2161,1994,778,1051,386,367,1085,1506
2161,1994,396,900
2161,1994,778,1787
2161,1994,778,1753,1694
2161,1994,396,1282,2546,336,2371,2584
2161,1994,396,1282,2431,1499,972,968,2535,2422
2161,1994,778,1699,1402,1678,2606,1769,919
2161,1994,778,1654,2289,1268,2181
2161,1994,396,1282,2431,2738,1791,2102
2161,1994,778,1852,757,1659,1020,2171,1503,791,2678,1287,398,96,2689
2161,1994,778,1852,529,2289,1439,1986,735,1759,503,1282,2152,612
2161,1994,778,1852,2246,2380,1608
2161,1994,778,2397,2764,1388,1099,816,978,267,762,1195,1650,465
2161,1994,778,2390,354,2682,2675
2161,1994,778,2166,1326,2435,2229,1044,566,2301,306,2308
2161,1994,396,2383,2354,2717,2298,1457,1792,2236,40
2161,1994,396,1532
2161,1994,778,2713,1809
2161,1994,778,1051,2585
2161,1994,396,2287,2236,40
2161,1994,778,1753,632
2161,1994,778,1757,153,63
2161,1994,778,2006,2331
2161,1994,778,1757,1402,1628
2161,1994,778,1852,2246,2272
2161,1994,778,1468,89,1223
2161,1994,396,681,2171,1656,610,1192,1511,1662,1406,1516,2275,1279
2161,1994,778,1753,1694
2162,778,1654,2289,2191,2297,2354,2017
2162,396,639,2289,900
2162,778,1753,224,178,290,1664,2117,1608
2162,778,1852,428,224,1694
2162,778,1662,400,629,1978,2337
2162,396,2378,1991,2247,684,266,367,1331,817,1648,800,2606,2289,2100,1027,2200,1987,2546,336,2371,1383,1518,301
2162,778,2006,1337,1863,2085,1236
2162,396,681,1082,1680
2162,396,2378,1041
2162,778,1654,1583,2374,2713,740
2162,396,639,2289,1029
2162,778,678,571
2162,396,681,1540,1723,1248,1670,1301,1457,802,1042,2205,40
2162,396,2383,2397,2390,1590
2162,396,1282,2430,2752
2162,396,681,1402,1027,2287,1035,2353,415,1402,996,806,2390,2280,386,307,1268,335,628,1229,2340,1739,2181
2162,396,1282,1188
2162,396,1282,2431,2738,1791,622
2162,778,2713,1706,1788
2162,396,1282,1019,571
2162,396,1604,1826,1098,142
2162,396,412,132,2679,2052,1282,2430,1306,137,1286,2639,1279
2162,778,2390,1268,625
2162,778,2390,2625,2130
2162,778,1541,1048,489,2645,1608
2162,778,1852,1388,651,282,640,1665,2277,1628
2162,778,2006,1086,1087,1825,587
2162,396,1604,890,1790,735,2310,624
2162,396,681,1991,1051,535,2367
2162,778,1271,1255,2302,2303,1085,2435,1085,1986,735,2310,1033,1781,1249
2162,778,1532
2162,396,1532
2162,778,1051,2584
2162,778,1699,78,428,288,1242
2162,396,1282,2152,1104,1032,2203
2162,778,2329,1628
2162,778,2713,2706,1688,2345
2162,778,1757,1271,1675,2371,376,2304,1085,2205,2272
2162,778,2006,1532
2162,778,1753,9,170,652,685,2367
2162,396,1448,1678,2393,2287,340,427,40
2162,778,2006,2159,1051,2136,2367
2162,778,1852,1658,2283,2103,2453,2322,347,2246,2380,1772,664
2162,778,1787
2162,396,681,1648,826,399,2390,2280,639,1516,2275,2493,1249
2162,778,1852,791,1176,572,834,2102
2162,396,2383,2397,957,1516,2422
2162,396,681,1991,1051,588,1268,2308
2162,778,1757,1271,2160,301
2162,396,1282,2152,612
2162,396,2287,340,661,2399,356,1173,1082,2731
2162,778,1757,1018,2052,1085,2205,2272
2162,778,1654,2764,957,1215,1278
2162,778,1654,202
2162,396,639,606,367,172,428,224,2145
2162,778,1532
2162,396,1282,913,1535,817,2329,583,2277,826,1700,1991,1051,535,460,833,2181
2162,778,2713,2706,1442,1616
2162,396,681,1041
2162,396,681,1041
2162,396,681,2360,2052,751,623
2162,778,2397,608,285,189,2135
2162,396,1883,379,2103,1723,1248,2329,1033,2278
2162,778,1532
2162,778,1753,291,2360,1087,1081,274
2162,778,2390,1278
2162,778,1468,129,1195,417
2162,778,2713,2706,2731
2162,396,1282,696,1085,2370,376,2136,2367
2162,778,1757,1991,1658,2600,1182,1033,2188,1519,2100,1027,460,2102
2162,778,2397,431,1653,1688,1249
2162,396,681,1082,1709
2162,778,1654,2764,1018,2052,2198,569,2181
2162,778,1852,1665,2415,415,678,2079,1959,2371,2281,2193,684,1249
2162,778,1753,1694
2162,778,2397,2063,683,166,1198,426,1400,403,678,800,460,1278
2162,778,1540,743,2087,2085,2175,2060,316,1557,154,1750
2162,778,1271,1675,2591,1455
2162,396,1282,2430,2342
2162,396,1282,1518,1268,2523
2162,396,1532
2162,778,1757,129,1409,523,2605,1030,629,2587
2162,396,1604,2600,2678,628,2323,2015
2162,778,1699,685,2606,629,1289,2413,1085,1590
2162,778,1252,2375,529,2289,2597
2162,778,2390,2280,2367
2162,778,1271,1675,1268,306,2523
2162,778,1018,2052,1616
2162,396,1282,2546,336,626
2162,778,2360,1675,585,1336
2162,778,1852,638,1051,2136,38
2162,778,2390,455,1828,1466,1340,2136,2229,611
2162,778,2397,236,652,282,1228,1650,1655
2162,778,1051,1182,678,347,2246,2380,2543
2162,778,2397,271,2117,1145,798,460,2102
2162,396,2378,1468,1650,648
2162,396,1604,1656,403,1665,2681,1674,399,2390,2280,2188,2303,1085,1987,2775
2162,396,681,1082,1243,1791,2236,2683,2272
2162,396,1532
2162,778,1540,1659,2329,966,40
2162,778,2397,957,1215,1590
2162,396,1282,2546,345,96,1019,2682,2675
2162,396,639,1306,1712,1655
2162,396,681,1041
2162,396,681,1051,588,2367
2162,778,1753,1694
2162,778,2006,2360,1510,2363,2283,1445,2728,141
2162,778,1654,2764,1654,2729,282,652,1654,202
2162,778,1271,1706,1442,1224
2162,778,1753,288,1522
2162,778,1271,1026,1031,2326,1991,1402,1678,2234
2162,778,2006,1018,1680
2162,778,2390,571
2162,396,681,1082,1680
2162,778,1271,2052,1051,2304,682,2199
2162,396,1883,379,1396,1717,2465
2162,396,1282,2431,2202
2162,396,681,1082,1680
2162,778,1828,2220,172,428,1694
2162,396,681,1991,2247,2683,2274,2272
2162,778,1852,205
2162,396,2383,2356,348,1922,1503,2246,2006,1271,1255,1442,2435,446,624
2162,396,1282,2420
2162,778,1852,792,399,2246,2380,655,2274,2255,572,2683,802,1740,622
2162,396,681,1402,1027,2273
2162,778,1340,1397,40
2162,396,900
2162,778,2390,1439,1047,1051,2393,1126,1810,2431,2312
2162,396,681,1648,2168,1268,1759,1402,1027,2287,427,2112,2102
2162,396,681,1653,397,39,2331
2162,778,1757,1402,1027,802,340,661,2681,1287,1791,2012
2162,778,2006,1547,1549,2675
2162,396,1282,2597
2162,778,1271,1680
2162,396,681,1082,2437
2162,396,1604,1826,1413,1290,2604,2130
2162,778,1051,2393,1503,1445,285,1041
2162,778,2390,1591,1691,1051,386,791,1790,2504,1792,340,661,551,2133,1703
2162,396,1282,2465
2162,396,2018,685,2380,347,2329,1027,2331
2162,778,1041
2162,778,1852,1388,2729,943,2662,2625,1145,1600,1582,933,322
2162,396,681,1991,2244,338,629,2297,2272
2162,396,1282,2152,1104,1032,2745,450,1877,1254,2382,957,1809
2162,778,2006,1082,1709
2162,778,2006,2360,1087,1825,607,456,1562
2162,778,1753,2376,728,142
2162,396,681,1041
2162,778,1852,1195,142
2162,396,1604,656,1279
2162,778,1753,1408,407,172,2244,2301,1608
2162,396,1282,2431,2579
2162,778,2397,732
2162,778,1051,1052,1249
2162,778,1532
2162,778,1757,2645,629,1085,626
2162,396,1700,997,2244,452,625
2162,778,2713,2411,1087,294,1223
2162,778,1757,1402,1678,1080,622
2162,778,1787
2162,396,1282,2672,1871,997,1445,289,2600,2343,2415,496
2162,778,1828,2218,1048,2591,1585,2702,1049,1054,2728,2374,1308,738
2162,778,1252,2157,623
2162,396,681,1991,1658,2244,735,2310,2307
2162,396,1883,379,1265,817,1340,1397,1782,1709
2162,778,1757,2329,96,2431,2738,2354,2017
2162,778,2390,1590
2162,778,1654,2130
2162,396,2461,2337
2162,396,412,963
2162,778,2006,1018,2052,96,2689
2162,778,1753,632
2162,778,2324,1188
2162,778,1252,2375,957,1809
2162,396,681,1991,1051,1064,2600,1268,655,446,1987,2775
2162,778,1654,2762,452,2181
2162,778,1540,2320,1863,1013,1058,1229,787
2162,396,2378,129,1195,1081,1385,825,137,1982
2162,778,1852,267,1657,1921,387,2079,735,2310,2307
2162,778,2006,1018,2052,2289,2100,2402,2554,2679,1675,301
2162,778,2390,1890,610,1041
2162,778,1753,1589
2162,778,2324,1188
2162,778,1051,2393,1503,1402,2280,1439,2181
2162,396,1282,2431,1212,629,1978,40
2162,396,2018,685,40
2162,396,2018,685,40
2162,778,2397,319,667,2244,2722,1224
2162,396,1699,236,933,1809
2162,396,2378,1991,2397,222,1018,2052,596,1604,1826,1413,456,618
2162,778,1753,1694
2162,778,1271,2160,1668,571
2162,778,2390,751,1606,664
2162,778,2360,1087,1290,1215,2675
2162,778,1852,1195,1409,508,407,172,838,1407,2709
2162,778,1828,1427,2362,2335,2115
2162,778,1852,791,1790,735,2310,2307
2162,396,681,2390,1590
2162,396,900
2162,778,1699,2390,1268,2523
2162,778,2390,2681,1987,2534
2162,778,1757,1648,826,1464,2276,834,626
2162,396,1604,2414,2320,1117,2079,1614
2162,778,1852,791,1268,2181
2162,396,681,1648,606,367,2208,166,2271,428,2588,1357,1522
2162,778,2006,1385,1809
2162,778,1852,1665,1176,347,1402,1678,969,450,1597
2162,396,1282,2465
2162,778,1753,288,1652,1439,1608
2162,396,1604,1920,1612
2162,778,1532
2162,778,1051,2136,2646
2162,778,1757,129,1664,2739,2198,1047,2006,1082,1675,1628
2162,778,1753,509
2162,778,1828,991,364,1031,656,571
2162,396,412,1304,1387,1086,293
2162,396,1604,1920,989,1292,1773,1252,2157,471
2162,778,1252,2581
2162,778,1662,2343,1738,629,1085,2523
2162,396,2461,2337
2162,396,2018,685,40
2162,778,1852,1388,2372,1662,2343,802,1103,1034,1739,611
2162,396,681,1991,2244,336,1608
2162,778,1532
2162,778,1271,1675,996,806,2287,2236,2337
2162,778,1753,2588,208,866,989,2263,2645,2102
2162,396,2378,266,680,571
2162,778,1753,1613
2162,778,2324,2111,626
2162,778,1051,535,386,354,1674,2397,1852,205
2162,778,1753,1694
2162,396,1282,1518,1029
2162,396,681,1082,1709
2162,396,1282,2431,2202
2162,396,681,1271,1675,1027,2607,2256,2379,350,2684,2102
2162,396,681,1991,656,2681,1674,639,2289,40
2162,778,678,571
2162,778,678,1038,2079,341,1630
2162,396,681,1991,1658,307,1085,2205,1738,622
2162,778,1852,685,1312
2162,778,1753,288,1081,1099,1449,1508,762,1665,460,1583,2374,1296,1215,1608
2162,778,1852,685,2415,452,306,2309
2162,778,1753,291,2372,2397,997,685,2415,2290,2323,2689
2162,396,681,1991,1799,2675
2162,778,2397,2591,1585,1735,696,2348,1173,2379,792,399,791,1790,488,664
2162,396,2287,1769,2308
2162,778,2390,2681,1548,1407,1591,1691,551,1562
2162,396,1700,2711,2062,1402,800,301
2162,778,1757,2645,2289,2576
2162,396,412,1537,1323,1079
2162,778,1654,2130
2162,396,1282,2672,411,656,1590
2162,778,1852,1665,460,2102
2162,778,1757,153,1588
2162,778,1757,1648,996,806,2354,1987,336,626
2162,396,1604,2414,743,656,415,1402,2244,452,388,306,2309
2162,778,1757,1648,2168,40
2162,396,1282,1518,1268,2308
2162,396,412,1304,1814
2162,778,1757,1402,1678,2607,2236,2203
2162,778,2397,1488,2729,1890,2600,2684,629,2745,2466
2162,778,1541,266,2079,336,306,2181
2162,778,1757,1271,1255,1890,267,1657,1648,1990,806,2415,1292,791,2678,1548,1549,676,1085,1986,1959,2017
2162,396,681,1991,1182,564,2759,1534,1143,2616,1085,1583,2374,456,1319
2162,396,681,1991,1658,989,497,1757,1271,2160,1030,2343,802,340,629,696,1085,2371,2281,2278
2162,396,1604,2414,1374,1028,2205,2272
2162,396,2018,890,2606,2102
2162,396,681,2390,571
2162,778,1532
2162,396,681,1082,1243,2136,2199
2162,396,681,1082,1680
2162,778,1753,1904
2162,778,1787
2162,778,1252,105
2162,778,1852,2246,551,644
2162,778,1662,2607,1034,2272
2162,778,1852,1655
2162,778,1654,2289,2188,1519,2100,388,1035,1738,2102
2162,778,2397,685,2112,622
2162,778,1662,1330,1340,2342
2162,778,1271,1255,1770,1268,583,2733
2162,778,1787
2162,396,1282,2689
2162,396,681,1991,1799,655,1282,2431,2738,2354,388,1035,1122,2012
2162,396,1282,2430,2597
2162,396,681,1216,610,2401
2162,778,2390,1890,2713,2157,2102
2162,778,2006,1271,2411,2160,2360,2052,751,2534
2162,778,1654,2764,1173,1503,236,1254,2005,2188,2304,682,2278
2162,778,1852,1665,460,1583,1088,1442,2289,2188,2587
2162,778,1271,1788
2162,778,2006,1018,2052,2289,1268,568,626
2162,778,1252,2275,1738,622
2162,396,681,1026,2244,1554,1959,2523
2162,396,1282,2546,486,2413,2379,1400,154,205
2162,778,1753,1580
2162,396,1699,236,651,757,885,2246,1182,876,460,800,2255,2276,834,2102
2162,778,2166,1407,347,307,1268,1047,1503,529,2764,282,2381,1041
2162,778,1757,153,1750
2162,778,679,1532
2162,396,900
2162,396,1282,1019,2208,2244,344,471
2162,778,2166,1775,791,1182,1700,1488,2372,777,428,1694
2162,396,681,1468,1394,1396,1086,293
2162,396,412,926,1670,1532
2162,778,1271,2052,2289,1439,626
2162,396,1448,96,1019,571
2162,778,1757,1340,1709
2162,778,1654,2130
2162,396,1700,2063,1341,935,1457,2234
2162,396,2378,678,403,2390,2280,2397,732
2162,396,681,1991,1402,1027,2188,2304,1785,2304,2198,624
2162,778,1753,1580
2162,396,681,1082,2731
2162,778,2390,1278
2162,396,681,1991,1656,78,1753,1408,1662,1678,1031,1920,2018,685,1738,629,1067,387,2079,654,622
2162,778,1271,1675,1628
2162,396,1282,2420
2162,396,1282,2420
2162,778,1852,1751,67
2162,396,1282,2431,2579
2162,778,2166,1678,969,2715,547,1657,2166,1608
2162,396,412,1304,937,2720,1881,1712,1356,1029
2162,778,1654,1173,1254,1584,496
2162,396,1532
2162,778,1757,1648,1548,2296,345,823,287,1271,285,189,1203,1018,1675,1678,1182,347,2329,2244,1959,2370,376,2584
2162,778,678,571
2162,396,1883,735,1759,2725,1182,564,2636,1559,1155,1129,2246,2380,919
2162,778,2006,1532
2162,778,1532
2162,778,2390,1590
2162,396,681,1991,656,1326,2402,1085,664
2162,396,681,1216,607,1648,2168,1279
2162,396,1604,656,1590
2162,396,2378,1041
2162,778,1757,129,1664,2117,623
2162,778,2390,2681,622
2162,778,2006,1018,2052,751,571
2162,396,1282,2672,1731,1272,1216,607,1051,2393,1126,1548,1549,2277,1045,1027,460,2205,2272
2162,396,1282,2420
2162,778,2397,2246,551,506
2162,778,2006,1086,293
2162,778,1753,2588,2699,1581,289,236,2372,1041
2162,778,1271,2160,1668,1173,957,1584,1681,1288,2354,1027,40
2162,396,900
2162,778,1828,2011,1657,2156,1463,129,2605,2678,1288,2745,2119,336,1608
2162,778,1654,2762,2427,1063,2371,1085,629,2297,1036,489,2329,1628
2162,396,2378,2171,816,567,2739,2272
2162,778,2397,656,1590
2162,778,1852,319,2326,1402,1027,2200,735,2310,2523
2162,778,817,1108,403,2378,1468,728,1276
2162,778,1757,1991,1402,996,2124,2413,1922,497,817,2645,1871,681,1082,1342,588,2199
2162,778,2713,1215,1678,2606,629,2255,347,679,2684,2675
2162,396,1699,685,40
2162,778,1048,547,2326,1402,1678,2297,1791,2012
2162,778,1757,1540,743,2079,452,2181
2162,396,681,1991,2244,1047,2006,1061,593,2465
2162,396,1282,1370,1717,2581
2162,396,2461,2337
2162,396,639,1395,1445,1252,2160,1278
2162,778,1753,291,407,1761,2166,427,40
2162,778,1753,1386,699
2162,396,1604,607,638,1653,1208,2400,1224
2162,778,1271,1680
2162,778,1757,1271,1788
2162,396,1282,2431,2603
2162,778,2713,1086,1222,1025,2308
2162,778,1852,978,1195,465
2162,778,1051,535,2188,2303,386,663,2130
2162,396,1282,913,2111,2295,1122,2102
2162,778,1753,2376,689,529,285,2596
2162,396,1282,2689
2162,396,2287,1035,2112,2013,2315
2162,396,2018,685,2415,1678,1666,1044,1034,2337
2162,778,2390,1268,583,1253,1680
2162,778,1852,1665,2415,776,663,1117,962,1192,1511,1662,1407,1591,1614
2162,778,2006,1086,1222,989,1542,166,188,663,1395,2244,379,628,1785,1126,1027,460,1608
2162,396,681,2171,1224
2162,778,1852,428,1694
2162,778,1787
2162,396,1883,2007,2702,2410,2387,2396,135,891,2362,804,1512,2134,2292
2162,396,1604,267,667,962,1242
2162,396,639,2289,900
2162,778,1532
2162,396,681,1051,588,682,2646
2162,396,2018,1641,1038,2171,1402,2244,735,630,2397,1508,1129,1773,403,2263,2244,1628
2162,778,1271,1675,1027,2188,535,2315
2162,778,1757,1271,2437
2162,396,681,1082,2052,1033,1085,1986,654,2310,1033,2199
2162,778,1757,1648,826,2644
2162,778,2006,2731
2162,396,1282,2431,2738,677,2203
2162,778,1540,1723,1238,2329,596,266,367,2208,419,271,1889
2162,396,2378,1699,791,2678,2504,1182,564,1905,943,2734,2564,2269,1874,2130
2162,778,1654,2604,2117,2280,1253,2052,1033,2683,802,1740,661,2399,444,934,2724,557,2052,1699,529,2117,2682,2675
2162,778,1753,509
2162,778,1654,2764,741,1700,1156,72,1696,1663,2329,629,1289,2413,411,2504,1085,457,2402,2733
2162,778,1852,2079,2722,2015
2162,778,1852,791,40
2162,396,1883,335,379,606,680,2290,1085,2435,1439,664
2162,778,2397,271,654,1027,2188,2304,1085,626
2162,396,1282,2292
2162,778,2713,1809
2162,396,1282,2323,1651
2162,778,1753,1904
2162,396,681,1041
2162,778,1852,307,2678,615,1188
2162,778,1828,2050,396,2383,2203
2162,396,681,1991,876,2331
2162,778,1757,2360,1087,989,741,1780,2246,2728,1622,285,1041
2162,396,2018,1656,78,428,9,154,177,508,1195,1750
2162,778,1757,2329,966,2415,364,802,486,2152,1044,486,2152,1044,2295,2272
2162,778,1271,2731
2162,396,1282,2431,1212,629,2337
2162,778,2390,1590
2162,396,681,1051,535,1085,1288,1122,2102
2162,396,2383,41,2415,348,411,1224
2162,778,2324,1188
2162,778,1753,1694
2162,778,1271,2132,1784,1145,798,1591,1691,1182,2250,937,228
2162,396,1532
2162,396,2378,1041
2162,778,1757,153,609,293
2162,396,1282,2689
2162,396,2018,1920,778,1757,2329,2280,2733
2162,778,1340,1770,2387,76,450,2291,2579
2162,778,2397,656,751,583,2367
2162,396,1282,2420
2162,778,2006,2397,293
2162,778,1757,2329,596,1790,1628
2162,778,2390,2280,2331
2162,396,2378,1051,806,40
2162,396,1282,2420
2162,778,1654,202
2162,778,1662,364,40
2162,396,1448,1990,806,2415,2210,980,2580
2162,778,1852,2246,1407,2102
2162,778,2713,1215,1279
2162,778,2006,1532
2162,396,1699,1388,1252,105
2162,778,1753,224,519
2162,396,1604,1195,616,640,1670,1086,2167,1312
2162,778,1787
2162,778,2390,1278
2162,396,681,1468,728,142
2162,778,2006,1082,1709
2162,778,1271,1675,1626,2340,40
2162,778,1753,509
2162,778,1757,2329,1027,2272
2162,778,2713,1215,1590
2162,396,2461,2337
2162,778,1753,9,154,63
2162,778,2713,1809
2162,778,2006,1532
2162,778,1753,9,616,640,402,363,1173,1731,1015,2397,1082,2160,1668,1591,1889
2162,778,2006,1532
2162,778,1852,307,1085,1506
2162,396,681,2171,2329,596,2390,1278
2162,396,681,1051,1397,2234
2162,778,1757,1402,1027,460,622
2162,778,2397,2390,751,2291,2733
2162,396,1282,2420
2162,778,1852,791,1031,656,1278
2162,778,1654,2289,2198,2307
2162,396,1883,2007,2323,701,2431,2738,1126,1548,1464,431,1852,1130,134
2162,396,681,1991,1648,1288,2348,1606,1224
2162,396,2378,1569,1503,350,2160,1590
2162,778,1757,1341,1503,1117,882,1472,1503,2087,2085,1671,1232
2162,396,1282,2152,1104,340,1583,1088,2077,454,2543
2162,778,2397,638,2244,336,626
2162,396,2018,685,40
2162,396,412,1082,1770,2310,1986,654,496
2162,396,681,1991,1133,2675
2162,396,681,1991,876,1268,2370,376,370,1680
2162,778,1757,129,1195,1522
2162,778,1654,2130
2162,396,681,1041
2162,396,681,1991,778,1757,153,1640,876,2675
2162,396,1282,2420
2162,778,1753,1613
2162,778,1532
2162,396,1282,2465
2162,778,1852,267,1657,68,1582,933,825,1934,1230,919
2162,778,1018,2052,1064,656,1326,966,2390,2289,2100,338,2130
2162,778,2006,1532
2162,778,1852,307,1031,1927,1448,96,2546,345,1927,2018,78,2329,826,1182,564,167,2219,2720,2250,2105,1590
2162,396,1282,1019,1628
2162,778,1048,1780,1402,996,2393,1540,2455,2490,271,1889
2162,778,1532
2162,396,1883,1027,2683,1249
2162,396,681,678,2079,654,2310,569,1630
2162,778,2006,2360,2376,1753,224,178,423
2162,778,1654,2130
2162,396,1282,2689
2162,396,2383,2203
2162,778,1757,1402,1678,1126,336,2306
2162,396,681,1041
2162,778,1654,2764,989,357,685,2112,427,802,486,2431,1212,1871,2606,2675
2162,396,681,2390,1590
2162,778,2390,2675
2162,396,2378,945,1093,2491,2590,2069
2162,396,412,849,296,280
2162,778,1852,2246,2684,1608
2162,396,681,1082,1680
2162,778,1468,1586
2162,778,2006,2731
2162,778,1757,153,1409,520,428,1694
2162,396,681,1991,2247,2683,1279
2162,778,1757,1082,2141,141
2162,778,1654,2289,1031,656,2493,1249
2162,778,1048,1656,403,1665,2681,1674,399,791,1085,629,2337
2162,778,2390,1278
2162,778,1753,1580
2162,396,1699,816,1497,1823,2537,205
2162,778,926,1472,387,307,2678,966,2329,1027,1278
2162,396,681,1991,656,2681,1042,629,2297,2337
2162,396,681,2171,656,1279
2162,396,1699,2390,1439,2306
2162,778,1051,2136,386,1398,96,2332
2162,778,2006,1337,2076,2390,623
2162,778,2006,1306,2715,638,1658,1265,778,1048,679,2289,900
2162,778,1757,1271,1706,1442,1628
2162,778,2006,2397,267,1657,2329,596,1503,271,1889
2162,778,2713,1215,834,1608
2162,778,1271,1255,1770,594
2162,778,2390,1439,2371,2279,2193,1978,2683,2272
2162,396,1282,2465
2162,396,1282,2420
2162,778,1271,2160,1921,1890,282,289,267,762,547,1265,2329,2244,2301,2306
2162,778,1753,733
2162,778,2390,1590
2162,778,1569,267,762,2366,741,1649
2162,396,681,2171,529,935,1712,1356,2435,2274,399,1648,2168,802,496
2162,778,1532
2162,396,2383,2681,1288,2664,1126,1027,2287,1034,2683,2331
2162,778,2390,1278
2162,778,1852,1400,1582,113
2162,396,2018,656,1326,96,1535,817,1086,1612
2162,778,1051,2687,2152,1044,2012
2162,396,1532
2162,396,1699,1445,2345
2162,778,1852,1388,1228,1662,1407,571
2162,778,679,2083,351
2162,778,1753,1904
2162,778,1271,2160,1610,2289,1439,1608
2162,778,1540,1659,2087,1013,1058,2411,1442,1628
2162,778,2397,1508,1657,1648,2168,1540,1723,1238,1648,2168,2272
2162,396,1604,1920,266,367,1591,1614
2162,396,1282,2430,1610,583,2274,2272
2162,778,1828,923,1761,1051,1397,40
2162,396,1282,1188
2162,396,681,1051,370,497,2171,2290,2348,701,2431,902
2162,778,678,1583,1712,1614
2162,778,1271,1680
2162,396,681,1753,288,407,1761,1753,1329,1662,663,137,1982
2162,778,1753,1694
2162,778,1753,291,547,1657,68,616,1577,1809
2162,778,1757,1271,1680
2162,778,2360,1087,1662,2280,2234
2162,778,1569,170,1618
2162,778,1852,205
2162,778,1654,2764,2171,681,1991,357,1654,2289,2229,612
2162,396,1282,696,2323,2435,1610,1591,1691,2586
2162,396,1282,1370,1720,2581
2162,778,1654,2764,2600,622
2162,778,1271,2052,2435,1666,2015
2162,778,817,1653,970,397,2132,1194,1649
2162,778,2006,2397,1292,1526,1271,1675,1628
2162,778,2390,2289,1326,596,2678,1990,2393,1890,1173,1532
2162,778,1699,1773,641
2162,778,2006,1532
2162,778,1051,2393,1126,573,2181
2162,778,1852,2246,1407,2205,1330,778,1852,2079,452,625
2162,396,1282,2672,564,122,1478,1041
2162,778,2390,1590
2162,778,1852,2079,1889
2162,396,1448,354,1678,2456,1122,2236,40
2162,396,2018,267,1657,1341,1079
2162,396,1282,1535,1048,1108,78,428,733
2162,778,1271,2731
2162,778,1252,2157,2625,2130
2162,778,1757,2360,1087,1753,1408,1216,610,1314,2767,798,1704
2162,778,2006,1306,2375,1656,961
2162,778,1852,2246,2380,1548,1182,1028,2205,40
2162,396,1282,1188
2162,778,1051,588,2733
2162,778,1753,288,1242
2162,778,1787
2162,778,678,1265,396,681,1041
2162,778,1252,2015
2162,778,2006,2159,2437
2162,396,900
2162,396,681,1991,1699,957,1720,1456
2162,778,1252,2015
2162,396,2378,1991,1658,607,1648,1990,2456,682,2278
2162,778,1271,1788
2162,778,1757,1026,1027,386,791,1282,2672,347,307,2198,625
2162,396,2378,1468,1477,2381,2713,1255,1770,1326,1674,1064,403,1028,1391,1249
2162,396,1282,1535,817,1654,2381,1041
2162,778,1654,2117,415,1341,1583,2375,1307,2455,886,1642,497,2364,1108,2414,743,2079,654,1506
2162,396,2018,890,1883,335,2430,1326,2435,751,1986,452,1027,2683,2272
2162,778,1852,2079,735,1759,680,571
2162,396,1282,2152,2472,569,1606,471
2162,396,900
2162,778,1757,1402,1616
2162,396,2018,656,1608
2162,396,681,1991,2591,1585,1735,2411,1675,1181,2017
2162,778,2397,1265,2329,2244,1628
2162,396,1282,1188
2162,778,1757,1082,1770,2005,2229,2005,2436
2162,396,1282,2152,1678,1085,2205,2272
2162,396,1604,890,1604,2414,2111,629,2635,1738,629,2337
2162,778,1532
2162,778,1753,1580
2162,396,1282,1019,1548,399,547,2079,452,2524
2162,396,2378,1991,1648,2682,460,2675
2162,396,1883,566,341,626
2162,396,1604,1195,1582,2373,989,1542,1828,2147,1828,2213,1657,490,553,2107,496
2162,396,681,1041
2162,778,1852,792,266,680,96,2431,2603
2162,778,2329,826,2255,572,2683,1249
2162,778,1048,497,1633,1108,762,2246,2380,2130
2162,778,1540,1723,1248,1341,607,638,1648,2168,2367
2162,396,1282,1188
2162,396,412,844,955,419,2246,2607,2295,40
2162,778,1753,1694
2162,396,681,1991,791,1030,2103,2453,2476,2355,617,397,2047,2270,105
2162,396,681,1991,497,2171,656,2280,38
2162,778,1757,1051,1699,1656,529,2764,403,1665,460,2102
2162,396,681,1540,2320,1863,2085,1334,2403,1515,1844,1890,205
2162,778,1271,2052,2198,1986,654,1027,2331
2162,778,1852,2244,338,629,2678,826,1464,1221,1603,460,2102
2162,778,2006,1532
2162,778,2713,2411,2160,301
2162,396,681,1402,2244,735,1506
2162,778,2006,1385,2474
2162,778,1753,1904
2162,396,1448,1927,1448,1990,2193,1281
2162,396,2378,679,1881,1712,2074
2162,396,1604,2414,1723,1509,870,1761,945,1093,1635,1659,1041
2162,396,1282,2672,564,1558,68,728,1192,1203,189,1634,816,1508,762,2338,1445,651,741,1648,2168,2331
2162,396,1282,1342,2136,38
2162,778,1340,1680
2162,396,681,1082,1680
2162,396,681,678,607,1020,1108,403,2171,1655
2162,396,681,2329,2280,2646
2162,778,2360,1087,2360,1087,2076,1991,1648,1990,535,2367
2162,778,1271,1788
2162,778,1532
2162,778,1271,1255,2337
2162,396,2378,1468,1081,406,1761,1753,1589
2162,396,1282,2672,1731,1476,2076,1823,607,2171,606,680,2290,1085,583,2585
2162,396,681,1082,2160,1610,751,2017
2162,396,1448,1990,1556,2203
2162,778,2390,1590
2162,396,1282,2420
2162,778,1654,2381,2713,1215,2543
2162,778,1041
2162,778,2329,1616
2162,396,1604,656,1439,2181
2162,778,1271,1255,1041
2162,396,2378,1108,762,402,1959,1759,503,1282,2152,1044,1034,2683,1590
2162,778,1271,1255,1442,1253,2437
2162,396,1532
2162,396,681,1082,2160,1668,2289,1085,1288,2745,2431,2603
2162,396,2378,129,2360,1087,2713,1584,496
2162,778,1654,104,2652,2234
2162,396,681,1991,1658,387,1398,2130
2162,396,1282,1535,679,1640,2488,40
2162,396,681,1991,1047,997,529,2764,1497,2171,685,40
2162,396,681,1468,1699,685,1738,629,2297,2272
2162,778,1532
2162,778,1340,2337
2162,778,1654,1215,2675
2162,778,1753,1694
2162,778,1252,2275,2644
2162,778,1828,2162,396,1604,2414,2320,1664,1712,1628
2162,778,1532
2162,778,1828,2084,1340,2303,2603
2162,396,412,2520,2299,2374,866,2071
2162,778,1753,2376,129,667,962,142
2162,396,1282,2431,1212,2236,2203
2162,778,2006,1532
2162,778,1532
2162,778,1753,291,2373,989,1656,512
2162,396,681,1991,876,2683,2493,1249
2162,778,1852,2079,452,306,1630
2162,778,1540,1374,2329,996,1187,629,2354,342,1606,664
2162,396,412,1082,1680
2162,396,1604,1400,616,1615
2162,778,1757,1541,1503,638,1402,1678,2354,1032,2193,1281
