,merge_class,pair_id,predicted pair_id,pair,predicted pair,pair merge_class,predicted pair merge_class
9747710,tPN,1185,1185,3991518,3991518,tPN,tPN
7982307,dVNC,1183,462,1980134,11007420,dVNC,dSEZ
12805363,MBIN-OAN,1182,1182,11525714,11525714,MBIN-OAN,MBIN-OAN
3420915,AN2,1181,1181,3622234,3622234,AN2,AN2
8135412,unk,1180,-1,7313896,16627861,unk,KC-2claw
8007556,unk,1179,1179,16340998,16340998,unk,unk
16751955,unk,1178,1178,17096642,17096642,unk,unk
1591351,AN2;MN2,1177,1177,8349454,8349454,AN2;MN2,AN2;MN2
17435678,dVNC,1176,1176,12199095,12199095,dVNC,dVNC
4507955,unk,1175,1175,16972043,16972043,unk,unk
8790590,unk,1174,-1,17015609,16438190,unk,KC-5claw
16795524,mPN-olfac,1173,229,16795838,7852250,mPN-olfac,uPN
11543212,mPN-olfac,1172,1172,3712893,3712893,mPN-olfac,mPN-olfac
4700182,dSEZ,1171,1171,3486950,3486950,dSEZ,dSEZ
16621864,dSEZ,1170,1170,3736500,3736500,dSEZ,dSEZ
14154154,dSEZ,1169,1169,17545695,17545695,dSEZ,dSEZ
10158972,dSEZ,1168,1168,11105182,11105182,dSEZ,dSEZ
10990803,mPN-multi,1167,1167,9119558,9119558,mPN-multi,mPN-multi
7935088,uPN,1166,1166,7934904,7934904,uPN,uPN
10831005,MN2,1164,1164,5030808,5030808,MN2,MN2
4247099,cLN,1163,215,8273369,7394271,cLN,cLN
3167039,unk,1162,1162,16501652,16501652,unk,unk
16950443,dVNC,1159,1159,16670540,16670540,dVNC,dVNC
8641784,unk,1157,-1,17464168,14255342,unk,KC-3claw
14759661,unk,1156,1156,17224013,17224013,unk,unk
20443571,unk,1154,1036,16863538,18527962,unk,dVNC
16457812,AN2;MN2,1153,1153,12424328,12424328,AN2;MN2,AN2;MN2
17654624,unk,1152,1152,12273754,12273754,unk,unk
12030078,dVNC,1151,1151,17354403,17354403,dVNC,dVNC
10725068,unk,1150,1150,16059134,16059134,unk,unk
18248435,unk,1149,1149,11055480,11055480,unk,unk
9811608,LHN,1148,1148,12371688,12371688,LHN,LHN
16340011,unk,1147,1136,17067625,17574013,unk,unk
15680292,unk,1146,463,15680043,11009492,unk,dSEZ
15894278,dVNC,1145,914,15005403,17306107,dVNC,unk
10877689,unk,1143,212,11003696,7335439,unk,dVNC
8229118,unk,1142,1142,21220994,21220994,unk,unk
15668869,unk,1141,1141,19102929,19102929,unk,unk
11261332,dSEZ,1140,379,3882998,10018161,dSEZ,dSEZ
7692008,unk,1138,1138,11197975,11197975,unk,unk
17380309,unk,1137,1137,19835787,19835787,unk,unk
9085808,unk,1136,1065,17574013,19881737,unk,unk
10663559,unk,1135,-1,20981306,15678833,unk,sens-MN
2663649,dUnk,1134,1134,17732737,17732737,dUnk,dUnk
13049485,LHN2,1133,1133,16096934,16096934,LHN2,LHN2
3232277,CN,1132,1132,11029359,11029359,CN,CN
6154921,dVNC,1131,864,16952665,16952671,dVNC,dVNC
5786898,CX,1130,1130,15512404,15512404,CX,CX
5790355,CX,1129,1129,15513540,15513540,CX,CX
5898284,unk,1128,1128,10355356,10355356,unk,unk
13652117,dVNC,1127,992,16561660,17732311,dVNC,dVNC
18604097,dVNC,1126,1126,17353986,17353986,dVNC,dVNC
12026822,dSEZ,1125,-1,7955278,16683883,dSEZ,RG-ITP
20443501,LHN2,1124,1124,5746180,5746180,LHN2,LHN2
1805418,unk,1123,1123,5768240,5768240,unk,unk
5558724,dSEZ,1122,814,3797420,16588928,dSEZ,dSEZ
8592501,unk,1121,1121,17729335,17729335,unk,unk
20911961,dUnk,1119,-1,17736641,17405603,dUnk,motor-AN
15672263,dVNC,1118,806,17777031,16547287,dVNC,unk
5993765,dVNC,1117,889,8391330,17110024,dVNC,CX
6700147,dVNC,1116,932,18929470,17359133,dVNC,dSEZ
3487306,sens-thermo,1115,1115,3609202,3609202,sens-thermo,sens-thermo
18630153,sens-thermo,1114,1114,3639968,3639968,sens-thermo,sens-thermo
3650600,sens-thermo,1113,1113,3608397,3608397,sens-thermo,sens-thermo
12178825,sens-vtd,1111,1108,16911458,7340629,sens-vtd,sens-vtd
4061049,sens-vtd,1110,1107,7012280,3795424,sens-vtd,sens-vtd
19037563,sens-vtd,1109,1105,19017854,4363883,sens-vtd,sens-vtd
7331555,sens-vtd,1108,5,7340629,1924051,sens-vtd,dSEZ
11291344,sens-vtd,1107,-1,3795424,1405493,sens-vtd,sens-AN
9503203,sens-vtd,1106,-1,9835169,1351125,sens-vtd,sens-AN
5382876,sens-vtd,1105,-1,4363883,407869,sens-vtd,motor-AN
10852875,sens-vtd,1104,-1,8005609,15689373,sens-vtd,sens-MN
10963761,sens-vtd,1103,1101,5617164,16303262,sens-vtd,sens-vtd
10868477,sens-vtd,1102,1106,11874130,9835169,sens-vtd,sens-vtd
7627878,sens-vtd,1101,466,16303262,11013583,sens-vtd,dVNC
3958234,sens-ORN,1100,1100,3511996,3511996,sens-ORN,sens-ORN
3893195,sens-ORN,1099,1094,3410506,3158543,sens-ORN,sens-ORN
2571761,sens-ORN,1098,1098,3547397,3547397,sens-ORN,sens-ORN
3980315,sens-ORN,1097,1097,3774568,3774568,sens-ORN,sens-ORN
3885215,sens-ORN,1096,1096,7542938,7542938,sens-ORN,sens-ORN
3790004,sens-ORN,1095,1088,6791927,3410499,sens-ORN,sens-ORN
7719547,sens-ORN,1094,1090,3158543,5090549,sens-ORN,sens-ORN
4076389,sens-ORN,1093,1092,6340439,3771794,sens-ORN,sens-ORN
7658146,sens-ORN,1092,1085,3771794,3708875,sens-ORN,sens-ORN
3896629,sens-ORN,1091,1099,3694515,3410506,sens-ORN,sens-ORN
3813723,sens-ORN,1090,-1,5090549,3586984,sens-ORN,sens-AN
3963891,sens-ORN,1089,1091,3716797,3694515,sens-ORN,sens-ORN
2608843,sens-ORN,1088,1080,3410499,7527710,sens-ORN,sens-ORN
3827211,sens-ORN,1087,1087,3464773,3464773,sens-ORN,sens-ORN
3840345,sens-ORN,1086,1086,3465659,3465659,sens-ORN,sens-ORN
3872653,sens-ORN,1085,1093,3708875,6340439,sens-ORN,sens-ORN
2584838,sens-ORN,1084,1084,3768025,3768025,sens-ORN,sens-ORN
3865952,sens-ORN,1083,1083,3592997,3592997,sens-ORN,sens-ORN
3954014,sens-ORN,1082,1095,40045,6791927,sens-ORN,sens-ORN
2582391,sens-ORN,1081,1081,2611805,2611805,sens-ORN,sens-ORN
4073353,sens-ORN,1080,1082,7527710,40045,sens-ORN,sens-ORN
19786464,unk,1079,738,14329745,16026677,unk,unk
6218461,MN2,1078,1078,11986594,11986594,MN2,MN2
9202326,unk,1077,1077,20730780,20730780,unk,unk
17025508,dVNC,1076,1116,20556072,18929470,dVNC,dVNC
17466463,unk,1075,389,20421224,10240382,unk,unk
17658602,unk,1074,258,20379247,8142831,unk,unk
2881070,unk,1073,1073,20343986,20343986,unk,unk
8715940,unk,1072,1072,20981350,20981350,unk,unk
9521722,unk,1071,1071,20172310,20172310,unk,unk
12474815,unk,1070,1070,20151537,20151537,unk,unk
17380345,dSEZ;dVNC,1069,1005,20139548,17809869,dSEZ;dVNC,dSEZ;dVNC
20479959,unk,1068,1068,19929273,19929273,unk,unk
1137946,unk,1067,1157,19919566,17464168,unk,unk
10945581,unk,1066,1117,19884188,8391330,unk,dVNC
2505266,unk,1065,-1,19881737,2200028,unk,sens-photoRh6
16223688,unk,1064,1064,19880740,19880740,unk,unk
9806510,unk,1063,1063,19880680,19880680,unk,unk
9094797,unk,1062,1062,19785305,19785305,unk,unk
8138616,LHN,1061,1061,19611917,19611917,LHN,LHN
3732322,dSEZ,1060,1076,19470184,20556072,dSEZ,dVNC
8559525,unk,1059,1059,19395500,19395500,unk,unk
16950354,dVNC,1058,1058,19361427,19361427,dVNC,dVNC
17537254,dVNC,1057,1057,19298644,19298644,dVNC,dVNC
16154290,dVNC,1056,1056,19298625,19298625,dVNC,dVNC
13411394,unk,1055,1055,19268007,19268007,unk,unk
4227831,CN2,1054,1054,19175973,19175973,CN2,CN2
13242336,unk,1053,565,19166349,12500843,unk,unk
3848843,AN2;MN2,1052,707,19101351,15608355,AN2;MN2,AN2;MN2
18302931,unk,1051,1051,19091995,19091995,unk,unk
8717042,unk,1050,1050,19088042,19088042,unk,unk
17351780,dSEZ,1049,1174,19054481,17015609,dSEZ,unk
17913032,LHN2,1048,1048,19051762,19051762,LHN2,LHN2
9585036,LHN,1047,1047,19045334,19045334,LHN,LHN
8127390,LHN2,1046,1046,19017386,19017386,LHN2,LHN2
3814635,AN2;MN2,1045,1045,18740553,18740553,AN2;MN2,AN2;MN2
18655517,LHN2,1044,511,18656202,11717045,LHN2,unk
13665529,CN,1043,1043,18648531,18648531,CN,CN
15553218,unk,1042,762,18597845,16383966,unk,unk
15588389,LHN,1040,1040,18566501,18566501,LHN,LHN
16471422,unk,1039,1039,18566361,18566361,unk,unk
8161148,CX,1038,1038,18551732,18551732,CX,CX
11362334,unk,1037,1037,18538744,18538744,unk,unk
19508873,dVNC,1036,-1,18527962,16440704,dVNC,KC-6claw
1805669,unk,1035,1035,18501001,18501001,unk,unk
14334367,CN2,1034,1034,18500988,18500988,CN2,CN2
16846902,unk,1033,1033,18500915,18500915,unk,unk
17647621,dVNC,1032,1032,18485293,18485293,dVNC,dVNC
12335381,dSEZ,1031,1031,18440675,18440675,dSEZ,dSEZ
17336347,unk,1030,1030,18412747,18412747,unk,unk
13007383,dSEZ,1029,1029,18305476,18305476,dSEZ,dSEZ
17587726,dVNC,1028,1183,18305433,1980134,dVNC,dVNC
4173633,CX,1027,1027,18267838,18267838,CX,CX
14757050,unk,1026,1026,18149325,18149325,unk,unk
17543765,dVNC,1025,1118,18123575,17777031,dVNC,dVNC
4876839,unk,1024,1024,18111410,18111410,unk,unk
5975584,unk,1023,1023,18099401,18099401,unk,unk
17660233,unk,1022,1022,18088813,18088813,unk,unk
17587452,MN2,1021,1021,18087179,18087179,MN2,MN2
17654514,dVNC,1020,1020,18076102,18076102,dVNC,dVNC
7065182,CN,1019,1019,18062678,18062678,CN,CN
14588375,dVNC,1018,1018,18058793,18058793,dVNC,dVNC
8939384,unk,1017,1017,18058644,18058644,unk,unk
4411688,FB2N,1016,1016,18035864,18035864,FB2N,FB2N
17937986,unk,1015,1015,18035063,18035063,unk,unk
9753494,unk,1014,1146,18023286,15680043,unk,unk
15018449,unk,1013,1013,17975547,17975547,unk,unk
8842220,LHN,1012,374,17962513,9971209,LHN,LHN2
10263287,dSEZ,1011,1011,17951049,17951049,dSEZ,dSEZ
11605567,unk,1010,1010,17927604,17927604,unk,unk
18598859,LHN2,1009,1009,17844900,17844900,LHN2,LHN2
10167116,dSEZ,1008,1008,17814107,17814107,dSEZ,dSEZ
10785260,CX,1007,436,17813499,10792336,CX,unk
17083341,CN2,1006,1006,17813457,17813457,CN2,CN2
15934458,dSEZ;dVNC,1005,216,17809869,7439913,dSEZ;dVNC,dSEZ;dVNC
11050498,unk,1004,1004,17804729,17804729,unk,unk
16685117,unk,1003,1003,17777981,17777981,unk,unk
6554358,dSEZ,1002,1002,17776982,17776982,dSEZ,dSEZ
4101295,LHN,1001,1001,17776906,17776906,LHN,LHN
16690648,LHN2,1000,1000,17769815,17769815,LHN2,LHN2
12422147,unk,999,999,17746794,17746794,unk,unk
13858824,MN2,998,998,17743170,17743170,MN2,MN2
13580849,dSEZ,997,997,17740547,17740547,dSEZ,dSEZ
15964206,dVNC,996,1125,17736755,7955278,dVNC,dSEZ
15334461,dSEZ,995,995,17732791,17732791,dSEZ,dSEZ
17378648,dVNC,994,994,17732346,17732346,dVNC,dVNC
16347786,dVNC,993,993,17732334,17732334,dVNC,dVNC
5995125,dVNC,992,1049,17732311,19054481,dVNC,dSEZ
17659219,dSEZ,991,991,17732291,17732291,dSEZ,dSEZ
6125806,dVNC,990,429,17732270,10728323,dVNC,dSEZ
17656886,dVNC,989,927,17732256,17356467,dVNC,dUnk
8698941,LHN,988,988,17732085,17732085,LHN,LHN
17378475,unk,987,987,17732076,17732076,unk,unk
11081239,unk,986,986,17732031,17732031,unk,unk
10870424,unk,985,985,17729973,17729973,unk,unk
17658927,unk,984,984,17729888,17729888,unk,unk
8821758,unk,983,-1,17729424,11736972,unk,sens-MN
1141813,unk,982,792,17729410,16490014,unk,unk
17654973,unk,981,-1,17729347,16015738,unk,KC-4claw
5545085,unk,980,980,17729195,17729195,unk,unk
17324637,unk,979,979,17729167,17729167,unk,unk
8313802,unk,978,978,17729161,17729161,unk,unk
16399845,unk,977,977,17729110,17729110,unk,unk
9637388,LHN,976,976,17729088,17729088,LHN,LHN
15684934,unk,975,975,17729020,17729020,unk,unk
9234420,dSEZ,974,974,17728922,17728922,dSEZ,dSEZ
13644685,unk,973,973,17728781,17728781,unk,unk
17629213,unk,972,1028,17728730,18305433,unk,dVNC
13084891,unk,971,972,17728723,17728730,unk,unk
10367190,unk,970,970,17728695,17728695,unk,unk
17327188,MN2,969,969,17728632,17728632,MN2,MN2
16463097,dSEZ,968,968,17728605,17728605,dSEZ,dSEZ
10221622,dSEZ,967,967,17728571,17728571,dSEZ,dSEZ
16260741,LHN,966,966,17696578,17696578,LHN,LHN
13429045,LHN2,965,965,17641913,17641913,LHN2,LHN2
17438424,CN,964,964,17639784,17639784,CN,CN
10946002,LHN2,963,1066,17557290,19884188,LHN2,unk
17361566,unk,962,962,17513284,17513284,unk,unk
17335266,unk,961,961,17484564,17484564,unk,unk
16571210,dVNC,960,960,17473163,17473163,dVNC,dVNC
15467736,CX,959,959,17454636,17454636,CX,CX
13675374,unk,958,958,17448356,17448356,unk,unk
16485079,CN;LHN,957,957,17434825,17434825,CN;LHN,CN;LHN
20106468,unk,956,699,17430685,15586949,unk,unk
13038489,LHN,955,955,17423412,17423412,LHN,LHN
5559657,dSEZ,954,602,17423125,13736919,dSEZ,dVNC
8705088,LHN,953,953,17420035,17420035,LHN,LHN
8247641,LON,952,952,17414715,17414715,LON,LON
9532295,unk,951,887,17383431,17109286,unk,CX
10339991,dSEZ;CN,950,950,17373283,17373283,dSEZ;CN,dSEZ;CN
12813847,CN;LHN,949,949,17361757,17361757,CN;LHN,CN;LHN
4142619,CX,948,591,17360404,13028455,CX,CX
14757992,CX,947,947,17360296,17360296,CX,CX
17360225,unk,946,1135,17360286,20981306,unk,unk
14754777,CX,945,945,17360282,17360282,CX,CX
14755393,unk,944,-1,17360266,17694365,unk,motor-VAN
14758420,CX,943,943,17360262,17360262,CX,CX
4393350,unk,942,942,17360254,17360254,unk,unk
15655801,unk,941,941,17360076,17360076,unk,unk
15656223,unk,940,-1,17360070,16627950,unk,KC-5claw
9856062,unk,939,939,17360042,17360042,unk,unk
17378483,unk,938,938,17360038,17360038,unk,unk
15636411,unk,936,-1,17360030,7480731,unk,sens-photoRh5
9565674,unk,935,935,17360022,17360022,unk,unk
15638906,LHN2,934,934,17360010,17360010,LHN2,LHN2
13763548,dVNC,933,933,17359501,17359501,dVNC,dVNC
869360,dSEZ,932,474,17359133,11073313,dSEZ,LHN2
16316973,dSEZ,931,931,17359111,17359111,dSEZ,dSEZ
865151,dSEZ,930,-1,17359101,15734988,dSEZ,KC-3claw
19190681,dVNC,929,929,17358891,17358891,dVNC,dVNC
13842372,dSEZ,928,928,17358864,17358864,dSEZ,dSEZ
20242957,dUnk,927,606,17356467,13830600,dUnk,dSEZ
2557644,dSEZ,926,926,17356454,17356454,dSEZ,dSEZ
17355872,dSEZ,925,925,17356450,17356450,dSEZ,dSEZ
16443509,unk,924,924,17356442,17356442,unk,unk
15617305,MBON-av,923,923,17355757,17355757,MBON-av,MBON-av
16158918,dSEZ,922,922,17355745,17355745,dSEZ,dSEZ
3021609,unk,921,1014,17354414,18023286,unk,unk
15636958,LHN2,920,920,17354392,17354392,LHN2,LHN2
13137623,unk,919,919,17352824,17352824,unk,unk
15605297,CX,918,918,17340955,17340955,CX,CX
15481779,CX,917,-1,17334530,15691114,CX,KC-6claw
4215611,dSEZ,916,916,17321919,17321919,dSEZ,dSEZ
5326407,unk,915,915,17315288,17315288,unk,unk
6111289,unk,914,954,17306107,17423125,unk,dSEZ
9848760,FAN,913,913,17300165,17300165,FAN,FAN
16353832,MBIN,912,286,17295912,8689674,MBIN,MBIN
4337398,FB2N,911,250,17280216,8052161,FB2N,FB2N
10013517,MN2,910,910,17277623,17277623,MN2,MN2
6611100,CN,909,909,17276867,17276867,CN,CN
17360593,LHN,908,908,17244655,17244655,LHN,LHN
14948339,CN,907,907,17237305,17237305,CN,CN
8880781,dVNC,906,-1,17223685,2209091,dVNC,sens-photoRh5
3251140,unk,905,-1,17223643,3819157,unk,KC-4claw
4227880,unk,904,904,17177419,17177419,unk,unk
17177115,unk,903,903,17177103,17177103,unk,unk
8019816,FB2N,902,902,17177005,17177005,FB2N,FB2N
4575178,unk,901,901,17176911,17176911,unk,unk
17176882,AN2,900,900,17176866,17176866,AN2,AN2
17176819,unk,899,899,17176808,17176808,unk,unk
17176781,FB2N,898,898,17176767,17176767,FB2N,FB2N
10660512,unk,897,897,17170215,17170215,unk,unk
13727202,dVNC,896,896,17165755,17165755,dVNC,dVNC
9422291,unk,895,895,17165621,17165621,unk,unk
13046847,unk,894,894,17165286,17165286,unk,unk
8712361,LHN,893,893,17150791,17150791,LHN,LHN
8094859,MBON-app,892,892,17147698,17147698,MBON-app,MBON-app
9753530,dSEZ;CN,891,891,17140424,17140424,dSEZ;CN,dSEZ;CN
6182848,CX,890,890,17110189,17110189,CX,CX
9037152,CX,889,854,17110024,16935790,CX,unk
6188181,CX,888,888,17110007,17110007,CX,CX
6653450,CX,887,365,17109286,9795662,CX,dSEZ
9051500,unk,886,886,17108278,17108278,unk,unk
8970595,unk,885,885,17105977,17105977,unk,unk
13849274,unk,884,884,17105842,17105842,unk,unk
9067063,CX,883,883,17105218,17105218,CX,CX
1065967,dVNC,882,882,17102002,17102002,dVNC,dVNC
17324711,dSEZ,881,881,17087885,17087885,dSEZ,dSEZ
17362538,unk,880,880,17086412,17086412,unk,unk
14039007,dSEZ;dVNC,879,879,17075832,17075832,dSEZ;dVNC,dSEZ;dVNC
16393165,dSEZ,878,878,17062823,17062823,dSEZ,dSEZ
5319633,dVNC,877,877,17053270,17053270,dVNC,dVNC
7431625,LHN,876,876,17047087,17047087,LHN,LHN
8065771,LHN2,875,875,17038587,17038587,LHN2,LHN2
12474164,dVNC,874,874,17022668,17022668,dVNC,dVNC
4022539,MBON-app,873,873,17016974,17016974,MBON-app,MBON-app
17755491,unk,872,872,17000062,17000062,unk,unk
17356024,unk,871,871,16992171,16992171,unk,unk
15068806,unk,870,870,16985194,16985194,unk,unk
14127447,unk,869,869,16978882,16978882,unk,unk
9796812,KC-1claw,868,868,16977881,16977881,KC-1claw,KC-1claw
10403609,unk,867,867,16961482,16961482,unk,unk
17658907,unk,866,866,16959698,16959698,unk,unk
5052370,dVNC,865,865,16952691,16952691,dVNC,dVNC
6154200,dVNC,864,-1,16952671,15690093,dVNC,sens-MN
5900426,dVNC,863,989,16952648,17732256,dVNC,dVNC
6155577,dVNC,862,1131,16952642,16952665,dVNC,dVNC
4849988,CN2,860,860,16950121,16950121,CN2,CN2
6609380,CN2,859,859,16950115,16950115,CN2,CN2
4847079,unk,858,858,16950097,16950097,unk,unk
13411525,unk,857,857,16937815,16937815,unk,unk
17654991,unk,856,1074,16937799,20379247,unk,unk
9519425,unk,855,855,16937395,16937395,unk,unk
11359482,unk,854,-1,16935790,16288872,unk,sens-MN
4234016,unk,853,853,16933362,16933362,unk,unk
8709865,unk,852,852,16931001,16931001,unk,unk
15560623,dVNC,851,851,16928740,16928740,dVNC,dVNC
5590611,AN2;MN2,850,850,16906721,16906721,AN2;MN2,AN2;MN2
10784285,CX,849,849,16886842,16886842,CX,CX
4234009,MBON,848,848,16883909,16883909,MBON,MBON
17013073,MBON,847,847,16868923,16868923,MBON,MBON
4185530,CX,846,845,16856617,16856369,CX,CX
16561429,CX,845,846,16856369,16856617,CX,CX
16950767,dVNC,844,844,16852622,16852622,dVNC,dVNC
6610913,unk,843,843,16852589,16852589,unk,unk
16340461,CX,842,842,16851791,16851791,CX,CX
9097065,unk,841,841,16851718,16851718,unk,unk
16339338,dVNC,840,840,16851496,16851496,dVNC,dVNC
14753815,unk,839,839,16848587,16848587,unk,unk
9798791,unk,838,838,16848497,16848497,unk,unk
17980792,LHN,837,837,16848475,16848475,LHN,LHN
18028397,MBON-av,836,836,16846805,16846805,MBON-av,MBON-av
8544824,unk,835,835,16838915,16838915,unk,unk
15676571,CN,834,834,16799939,16799939,CN,CN
16369928,LHN2,833,833,16799809,16799809,LHN2,LHN2
9469519,MBON-app,832,832,16782830,16782830,MBON-app,MBON-app
12935696,CN2,831,369,16753901,9870483,CN2,CN2
8546775,unk,830,830,16742642,16742642,unk,unk
17659014,dSEZ,829,829,16713227,16713227,dSEZ,dSEZ
17654967,unk,828,828,16693923,16693923,unk,unk
15431795,unk,827,827,16686371,16686371,unk,unk
7530253,RG-ITP,826,-1,16683943,16627838,RG-ITP,KC-1claw
13645610,dSEZ,824,824,16676038,16676038,dSEZ,dSEZ
13646473,dVNC,823,823,16675987,16675987,dVNC,dVNC
16950550,dVNC,822,822,16667592,16667592,dVNC,dVNC
7962986,LHN2,821,821,16637377,16637377,LHN2,LHN2
11623145,LHN2,820,820,16636860,16636860,LHN2,LHN2
5859372,unk,819,623,16635345,14241490,unk,unk
17012001,unk,818,818,16630479,16630479,unk,unk
5836163,KC-1claw,817,817,16630264,16630264,KC-1claw,KC-1claw
7786053,KC-1claw,816,-1,16629788,15681740,KC-1claw,sens-MN
9530532,unk,815,815,16594752,16594752,unk,unk
17355892,dSEZ,814,-1,16588928,16039470,dSEZ,KC-3claw
15894178,dVNC,813,813,16562142,16562142,dVNC,dVNC
17173922,CX,812,754,16561284,16327998,CX,CX
6702943,dSEZ,811,811,16561224,16561224,dSEZ,dSEZ
9068024,CX,810,810,16560178,16560178,CX,CX
18570360,unk,809,809,16554856,16554856,unk,unk
15589738,unk,808,951,16547297,17383431,unk,unk
15732497,unk,807,807,16547292,16547292,unk,unk
5167842,unk,806,-1,16547287,15716934,unk,sens-MN
13722900,unk,805,805,16547281,16547281,unk,unk
15732485,unk,804,804,16547268,16547268,unk,unk
13003574,unk,803,803,16547252,16547252,unk,unk
5164129,unk,802,802,16545264,16545264,unk,unk
14501257,unk,801,801,16545179,16545179,unk,unk
15732503,unk,800,800,16545113,16545113,unk,unk
4812481,unk,799,799,16545101,16545101,unk,unk
5730322,unk,798,798,16544712,16544712,unk,unk
17937123,LHN2,797,797,16544485,16544485,LHN2,LHN2
4515496,unk,796,796,16544462,16544462,unk,unk
10079731,unk,795,795,16541149,16541149,unk,unk
4108720,LHN,794,794,16494105,16494105,LHN,LHN
10617840,unk,793,793,16492104,16492104,unk,unk
9161929,unk,792,982,16490014,17729410,unk,unk
11178891,CN;LHN,791,791,16486385,16486385,CN;LHN,CN;LHN
2885630,unk,790,-1,16485518,12217572,unk,KC-3claw
16823703,FAN,789,789,16475849,16475849,FAN,FAN
9291437,LHN,788,788,16474159,16474159,LHN,LHN
16433177,unk,787,787,16472086,16472086,unk,unk
10781924,unk,786,786,16468935,16468935,unk,unk
8184598,CN,785,785,16464284,16464284,CN,CN
16350988,unk,784,784,16445338,16445338,unk,unk
8981761,LHN2,783,917,16445073,17334530,LHN2,CX
17762417,LHN2,782,782,16444758,16444758,LHN2,LHN2
9072560,unk,781,781,16444754,16444754,unk,unk
17340931,CN,780,584,16444552,12868041,CN,CN
7807684,LHN2,779,779,16444548,16444548,LHN2,LHN2
3814175,LHN,778,778,16442113,16442113,LHN,LHN
18861011,unk,777,777,16435686,16435686,unk,unk
8995807,MN2,776,776,16435325,16435325,MN2,MN2
17355860,unk,775,775,16434824,16434824,unk,unk
17328580,unk,774,774,16434560,16434560,unk,unk
19132527,unk,773,773,16433696,16433696,unk,unk
17587710,unk,772,772,16431065,16431065,unk,unk
5369028,LHN2,771,771,16428373,16428373,LHN2,LHN2
4180774,FBN,770,169,16427492,5870071,FBN,FBN
13167025,dSEZ,769,769,16424131,16424131,dSEZ,dSEZ
15589591,unk,768,768,16422744,16422744,unk,unk
20443362,unk,767,1154,16422727,16863538,unk,unk
9116228,unk,766,766,16415910,16415910,unk,unk
17896997,LHN,765,765,16409132,16409132,LHN,LHN
17013169,LHN,764,764,16386470,16386470,LHN,LHN
18098174,unk,763,763,16385470,16385470,unk,unk
7371184,unk,762,1042,16383966,18597845,unk,unk
17654645,unk,761,761,16366055,16366055,unk,unk
13953184,unk,760,760,16361363,16361363,unk,unk
10319019,unk,759,759,16356967,16356967,unk,unk
15601640,unk,758,758,16348875,16348875,unk,unk
16671014,unk,757,757,16345627,16345627,unk,unk
12031406,unk,756,756,16342197,16342197,unk,unk
18232369,dSEZ,755,755,16340977,16340977,dSEZ,dSEZ
17173852,CX,754,812,16327998,16561284,CX,CX
5592307,AN2;MN2,753,753,16316916,16316916,AN2;MN2,AN2;MN2
8246081,uPN,752,234,16259595,7873135,uPN,uPN
8980589,MBON-neith,751,751,16223537,16223537,MBON-neith,MBON-neith
13834125,unk,750,750,16167914,16167914,unk,unk
8814922,FB2N,749,554,16160495,12398622,FB2N,FB2N
13722516,LHN,748,748,16141217,16141217,LHN,LHN
8711574,LHN,747,747,16100461,16100461,LHN,LHN
8670503,LHN,746,746,16098538,16098538,LHN,LHN
20370716,LHN2,745,745,16095576,16095576,LHN2,LHN2
10340880,LHN,744,744,16089743,16089743,LHN,LHN
9641919,CN,743,743,16089738,16089738,CN,CN
2775707,LON,742,242,16087799,7952981,LON,vPN
4130960,unk,741,506,16059078,11717001,unk,unk
8951591,LHN2,740,740,16051878,16051878,LHN2,LHN2
10684539,unk,739,739,16045758,16045758,unk,unk
14495367,unk,738,1079,16026677,14329745,unk,unk
8410627,unk,737,-1,16014701,11476614,unk,FB2N
3122533,unk,736,736,16014607,16014607,unk,unk
8840343,unk,735,735,16007457,16007457,unk,unk
18080008,unk,734,734,15995958,15995958,unk,unk
17827115,unk,733,733,15985265,15985265,unk,unk
15662776,CX,732,732,15974183,15974183,CX,CX
2669844,dVNC,731,731,15897280,15897280,dVNC,dVNC
3765728,unk,730,730,15825892,15825892,unk,unk
10944822,LHN2,729,729,15825861,15825861,LHN2,LHN2
6699205,MBON-neith,728,728,15810983,15810983,MBON-neith,MBON-neith
15610774,unk,727,727,15792643,15792643,unk,unk
12049797,unk,725,725,15770140,15770140,unk,unk
13863331,LHN,724,724,15766806,15766806,LHN,LHN
6290724,CN,723,723,15741865,15741865,CN,CN
9604434,unk,722,722,15722990,15722990,unk,unk
9609048,KC-1claw,721,721,15722867,15722867,KC-1claw,KC-1claw
1591270,unk,720,720,15718981,15718981,unk,unk
8979434,unk,719,719,15689046,15689046,unk,unk
15638932,unk,718,718,15686444,15686444,unk,unk
3058132,unk,717,717,15676016,15676016,unk,unk
17658672,unk,716,716,15669682,15669682,unk,unk
17165711,CN,715,715,15668309,15668309,CN,CN
7571966,dVNC,714,714,15639294,15639294,dVNC,dVNC
15639331,unk,713,713,15639216,15639216,unk,unk
16884085,unk,712,712,15632282,15632282,unk,unk
2659504,unk,711,711,15629759,15629759,unk,unk
20443457,FB2N;AN2,710,710,15623649,15623649,FB2N;AN2,FB2N;AN2
15736398,CN2,709,709,15612283,15612283,CN2,CN2
10627239,unk,708,11,15608953,2438653,unk,unk
6252764,AN2;MN2,707,527,15608355,12121795,AN2;MN2,AN2;MN2
15607335,unk,706,706,15605301,15605301,unk,unk
15590555,unk,705,705,15594113,15594113,unk,unk
16240569,MBIN-DAN,704,704,15592096,15592096,MBIN-DAN,MBIN-DAN
17378548,LHN2,703,703,15590793,15590793,LHN2,LHN2
10945795,dVNC,702,163,15588711,5763407,dVNC,dVNC
7594047,FBN,701,701,15588620,15588620,FBN,FBN
11029851,unk,700,426,15587533,10714526,unk,unk
3180681,unk,699,983,15586949,17729424,unk,unk
16176721,unk,698,698,15586914,15586914,unk,unk
5656152,unk,697,697,15577444,15577444,unk,unk
17384874,unk,696,696,15576292,15576292,unk,unk
3234817,APL,695,695,15571194,15571194,APL,APL
5973097,LHN2,694,694,15568134,15568134,LHN2,LHN2
15568333,CN,693,693,15566333,15566333,CN,CN
17036132,AN2,692,481,15547235,11157622,AN2,AN2
5734134,LHN2,691,684,15541971,15517247,LHN2,LHN2
8271875,unk,690,690,15539984,15539984,unk,unk
9069084,CX,689,689,15525794,15525794,CX,CX
9068346,CX,688,688,15525711,15525711,CX,CX
8912726,CN2,687,687,15524629,15524629,CN2,CN2
15548844,dVNC,686,686,15522152,15522152,dVNC,dVNC
5791548,dSEZ,685,685,15519213,15519213,dSEZ,dSEZ
16335254,LHN2,684,691,15517247,15541971,LHN2,LHN2
5816138,CX,683,683,15516413,15516413,CX,CX
8826198,LHN2,682,682,15514582,15514582,LHN2,LHN2
4917442,CX,681,681,15512408,15512408,CX,CX
6300434,unk,680,680,15510288,15510288,unk,unk
8540770,FB2N,679,679,15488316,15488316,FB2N,FB2N
12928099,CN,678,678,15474790,15474790,CN,CN
17330632,unk,677,677,15468308,15468308,unk,unk
16714214,unk,676,676,15431408,15431408,unk,unk
3299214,MBON-neith,675,675,15421363,15421363,MBON-neith,MBON-neith
6703240,MBON,674,674,15398730,15398730,MBON,MBON
5512988,dVNC,673,673,15365184,15365184,dVNC,dVNC
4114133,FB2N,672,672,15343835,15343835,FB2N,FB2N
4598109,MBON,671,671,15253921,15253921,MBON,MBON
13841523,unk,670,1143,15096548,11003696,unk,unk
3166836,unk,669,669,15063529,15063529,unk,unk
14492880,unk,668,668,15055590,15055590,unk,unk
11362589,unk,667,667,15028907,15028907,unk,unk
9845997,unk,666,666,15023806,15023806,unk,unk
4591713,unk,665,665,14999928,14999928,unk,unk
16629886,unk,664,664,14995061,14995061,unk,unk
9039416,unk,663,663,14981128,14981128,unk,unk
4230739,KC-1claw,662,662,14898816,14898816,KC-1claw,KC-1claw
5771934,unk,661,128,14891367,5186443,unk,unk
3932136,LHN,660,660,14818307,14818307,LHN,LHN
15679639,unk,659,659,14797760,14797760,unk,unk
3235409,unk,658,658,14782250,14782250,unk,unk
13634759,MN2,657,657,14756000,14756000,MN2,MN2
16852421,unk,656,589,14726069,12935706,unk,unk
9091922,unk,655,655,14726012,14726012,unk,unk
17850822,unk,654,654,14723506,14723506,unk,unk
15672269,LHN2,652,652,14655602,14655602,LHN2,LHN2
13760954,dVNC,651,651,14651659,14651659,dVNC,dVNC
11891098,unk,650,650,14638686,14638686,unk,unk
17355864,unk,649,649,14621584,14621584,unk,unk
14680483,unk,648,648,14617508,14617508,unk,unk
19048289,unk,647,647,14586769,14586769,unk,unk
13835439,unk,646,646,14579509,14579509,unk,unk
13724377,unk,645,645,14570370,14570370,unk,unk
4235139,MBIN,644,644,14541927,14541927,MBIN,MBIN
4473922,CN,643,643,14540633,14540633,CN,CN
12962772,dSEZ,642,642,14539753,14539753,dSEZ,dSEZ
7467027,unk,641,641,14519756,14519756,unk,unk
13986477,LHN,640,640,14514597,14514597,LHN,LHN
11361875,unk,639,639,14493841,14493841,unk,unk
14656798,unk,638,638,14492757,14492757,unk,unk
18292832,LHN,637,637,14461238,14461238,LHN,LHN
17278502,unk,636,636,14451162,14451162,unk,unk
18220289,LHN,635,635,14450919,14450919,LHN,LHN
3806652,dSEZ,634,634,14437742,14437742,dSEZ,dSEZ
13369670,unk,633,633,14434314,14434314,unk,unk
15618614,dSEZ,632,632,14342744,14342744,dSEZ,dSEZ
8805777,unk,631,631,14338439,14338439,unk,unk
13858797,CN;LHN,630,630,14333495,14333495,CN;LHN,CN;LHN
2932028,LHN,629,629,14333371,14333371,LHN,LHN
17942676,LHN,628,628,14319498,14319498,LHN,LHN
8565131,CN;LHN,627,627,14319185,14319185,CN;LHN,CN;LHN
11889676,CN,626,626,14313750,14313750,CN,CN
9103710,unk,625,625,14270761,14270761,unk,unk
16987409,CN,624,624,14260575,14260575,CN,CN
16924423,unk,623,819,14241490,16635345,unk,unk
2854715,LHN2,622,622,14162492,14162492,LHN2,LHN2
17784367,FB2N,621,621,14158399,14158399,FB2N,FB2N
17166682,CN;LHN,620,620,14133114,14133114,CN;LHN,CN;LHN
7840791,MBON-app,619,619,14082322,14082322,MBON-app,MBON-app
5669107,CN,618,618,14073503,14073503,CN,CN
4411542,CN,617,617,14071613,14071613,CN,CN
13953546,CN,616,616,14071449,14071449,CN,CN
5976168,dSEZ,615,615,14034311,14034311,dSEZ,dSEZ
16699958,CN,614,614,14000746,14000746,CN,CN
8539175,CN,613,613,13988443,13988443,CN,CN
3707204,LHN2,612,612,13966828,13966828,LHN2,LHN2
5476653,unk,611,611,13854190,13854190,unk,unk
9457719,FB2N,610,610,13852833,13852833,FB2N,FB2N
6143930,LHN2,609,609,13849557,13849557,LHN2,LHN2
16316981,dSEZ,608,608,13833814,13833814,dSEZ,dSEZ
5591201,AN2;MN2,607,607,13832416,13832416,AN2;MN2,AN2;MN2
16057212,dSEZ,606,-1,13830600,16444327,dSEZ,KC-3claw
17813001,unk,605,605,13818467,13818467,unk,unk
14034206,dVNC,604,604,13749806,13749806,dVNC,dVNC
17854345,FBN,603,603,13743125,13743125,FBN,FBN
17877682,dVNC,602,387,13736919,10237401,dVNC,unk
15673454,CX,601,601,13718916,13718916,CX,CX
8710444,unk,600,600,13714311,13714311,unk,unk
7589765,dVNC,599,599,13422280,13422280,dVNC,dVNC
17756162,LHN2,598,598,13395814,13395814,LHN2,LHN2
14517691,dSEZ,597,597,13380660,13380660,dSEZ,dSEZ
14756440,unk,596,596,13370624,13370624,unk,unk
16586265,dSEZ,595,595,13313410,13313410,dSEZ,dSEZ
8847957,LHN,594,594,13206239,13206239,LHN,LHN
11234536,unk,593,593,13199414,13199414,unk,unk
8075484,CN,592,592,13197236,13197236,CN,CN
4390116,CX,591,948,13028455,17360404,CX,CX
9275210,LHN,590,590,12948470,12948470,LHN,LHN
5805651,unk,589,656,12935706,14726069,unk,unk
2878185,unk,588,956,12923749,17430685,unk,unk
7563413,MN2,587,132,12882387,5322337,MN2,MN2
4884579,MBIN-DAN,586,586,12871993,12871993,MBIN-DAN,MBIN-DAN
13953356,unk,585,585,12869029,12869029,unk,unk
16339645,CN,584,583,12868041,12866697,CN,CN
11465297,CN,583,780,12866697,16444552,CN,CN
10495502,LHN,582,582,12840470,12840470,LHN,LHN
17125520,CN,581,581,12839441,12839441,CN,CN
19091931,unk,580,580,12832017,12832017,unk,unk
16405545,dSEZ,579,579,12789813,12789813,dSEZ,dSEZ
15585114,LHN2,578,578,12782494,12782494,LHN2,LHN2
2914206,LHN,577,577,12745771,12745771,LHN,LHN
17847543,unk,576,576,12670738,12670738,unk,unk
17425996,LHN2,575,575,12667895,12667895,LHN2,LHN2
10986253,unk,574,475,12654063,11079069,unk,unk
2283495,RG-IPC,573,101,12634154,4506509,RG-IPC,RG-IPC
3844799,AN2;MN2,572,572,12617396,12617396,AN2;MN2,AN2;MN2
2568522,MN2,571,571,12612426,12612426,MN2,MN2
15706875,CN2,570,570,12598741,12598741,CN2,CN2
9015568,CN;LHN,569,569,12587013,12587013,CN;LHN,CN;LHN
13768622,unk,568,568,12585379,12585379,unk,unk
14756061,CX,567,567,12551020,12551020,CX,CX
16841026,unk,566,566,12509506,12509506,unk,unk
13167730,unk,565,767,12500843,16422727,unk,unk
3913629,LHN,564,564,12498338,12498338,LHN,LHN
5560620,AN2,563,563,12479019,12479019,AN2,AN2
16318521,MN2,562,562,12478620,12478620,MN2,MN2
16070049,CN;LHN,561,561,12476851,12476851,CN;LHN,CN;LHN
3890028,MBIN,560,560,12475432,12475432,MBIN,MBIN
6250655,unk,559,559,12452356,12452356,unk,unk
13173311,MN2,558,558,12425856,12425856,MN2,MN2
5971400,unk,557,557,12424940,12424940,unk,unk
5162462,unk,556,556,12420898,12420898,unk,unk
13242252,unk,555,555,12420377,12420377,unk,unk
4103336,FB2N,554,749,12398622,16160495,FB2N,FB2N
19989037,unk,553,553,12390459,12390459,unk,unk
15674269,unk,552,552,12389097,12389097,unk,unk
8723267,LHN,551,551,12387154,12387154,LHN,LHN
12884490,unk,550,550,12367568,12367568,unk,unk
17897298,unk,548,548,12366640,12366640,unk,unk
19857577,unk,547,547,12366224,12366224,unk,unk
11356523,unk,546,546,12364717,12364717,unk,unk
17819985,AN2;MN2,545,545,12360656,12360656,AN2;MN2,AN2;MN2
19857573,unk,544,544,12356747,12356747,unk,unk
9507904,unk,543,543,12325227,12325227,unk,unk
10827212,unk,542,542,12300089,12300089,unk,unk
7422595,LHN2,541,541,12299805,12299805,LHN2,LHN2
10768709,LHN2,540,540,12299704,12299704,LHN2,LHN2
11624548,LHN2,539,539,12299647,12299647,LHN2,LHN2
8034919,LHN,538,538,12299621,12299621,LHN,LHN
13405613,LHN2,537,537,12293334,12293334,LHN2,LHN2
9585013,LHN2,536,536,12281339,12281339,LHN2,LHN2
17328632,unk,535,535,12279941,12279941,unk,unk
8471817,unk,534,534,12279909,12279909,unk,unk
5738449,CN,533,353,12262910,9527522,CN,CN
16651566,unk,532,532,12252572,12252572,unk,unk
11528017,FB2N,531,531,12233237,12233237,FB2N,FB2N
4327684,mPN-multi,530,530,12225666,12225666,mPN-multi,mPN-multi
20443598,unk,529,529,12195879,12195879,unk,unk
8310087,LHN,528,528,12138418,12138418,LHN,LHN
11788830,AN2;MN2,527,494,12121795,11333054,AN2;MN2,MN2
11838242,MN2,526,526,12089601,12089601,MN2,MN2
9750356,dSEZ,525,525,12000033,12000033,dSEZ,dSEZ
15633329,unk,524,524,11934261,11934261,unk,unk
3844961,MN2,523,523,11934107,11934107,MN2,MN2
8318813,CN2,522,522,11908619,11908619,CN2,CN2
15674282,unk,521,521,11876076,11876076,unk,unk
11102156,unk,520,520,11871574,11871574,unk,unk
12842593,AN2;MN2,519,519,11853038,11853038,AN2;MN2,AN2;MN2
5856647,CN2,518,518,11841664,11841664,CN2,CN2
11184236,MN2,517,133,11821320,5327961,MN2,MN2
3913613,LHN,516,516,11782821,11782821,LHN,LHN
8413543,unk,515,515,11756023,11756023,unk,unk
8066542,KC-1claw,514,514,11725803,11725803,KC-1claw,KC-1claw
4230061,KC-1claw,513,513,11725127,11725127,KC-1claw,KC-1claw
20278329,unk,512,512,11719626,11719626,unk,unk
8954684,unk,511,-1,11717045,17468727,unk,unk
9606496,unk,509,509,11717030,11717030,unk,unk
8954910,unk,508,508,11717025,11717025,unk,unk
20344845,unk,507,507,11717014,11717014,unk,unk
10683313,unk,506,1067,11717001,19919566,unk,unk
16181377,CN;LHN,505,505,11703922,11703922,CN;LHN,CN;LHN
4444354,KC-1claw,504,-1,11691603,17488886,KC-1claw,unk
18425189,unk,503,503,11687072,11687072,unk,unk
16297403,AN2;MN2,502,123,11656349,5053417,AN2;MN2,AN2;MN2
10059655,dSEZ,501,501,11639192,11639192,dSEZ,dSEZ
18545747,unk,500,500,11625573,11625573,unk,unk
7980189,CN,499,499,11600886,11600886,CN,CN
4188325,CN2,498,320,11468088,9154024,CN2,CX
17019327,unk,497,497,11409587,11409587,unk,unk
16484888,LHN2,496,496,11389855,11389855,LHN2,LHN2
3765735,LHN2,495,495,11348509,11348509,LHN2,LHN2
17884299,MN2,494,741,11333054,16059078,MN2,unk
13365464,LHN2,493,493,11329998,11329998,LHN2,LHN2
15823055,unk,492,492,11303036,11303036,unk,unk
8412625,unk,491,491,11291653,11291653,unk,unk
8942413,unk,490,165,11286854,5767836,unk,unk
6692908,unk,489,489,11263687,11263687,unk,unk
7612147,CN,488,488,11257084,11257084,CN,CN
17529547,dSEZ,487,487,11229136,11229136,dSEZ,dSEZ
8451818,LHN2,485,485,11216417,11216417,LHN2,LHN2
13968203,dSEZ,484,484,11195708,11195708,dSEZ,dSEZ
3930411,LHN2,483,455,11193510,10958210,LHN2,LHN2
17036160,AN2,481,692,11157622,15547235,AN2,AN2
19276024,AN2;MN2,480,480,11146422,11146422,AN2;MN2,AN2;MN2
9800178,LHN2,479,479,11144258,11144258,LHN2,LHN2
11645541,LHN,478,478,11135340,11135340,LHN,LHN
4152020,LHN2,477,-1,11123016,4411505,LHN2,KC-2claw
8461082,unk,476,476,11084320,11084320,unk,unk
12990900,unk,475,574,11079069,12654063,unk,unk
16347476,LHN2,474,1053,11073313,19166349,LHN2,unk
4393049,AN2;MN2,473,473,11067379,11067379,AN2;MN2,AN2;MN2
7421507,LHN2,472,472,11051740,11051740,LHN2,LHN2
7719118,LHN,471,471,11037238,11037238,LHN,LHN
3010486,LHN2,470,470,11027071,11027071,LHN2,LHN2
17663944,unk,469,407,11022546,10473853,unk,unk
15480928,CN,468,468,11018254,11018254,CN,CN
16178283,MBON,467,467,11017761,11017761,MBON,MBON
17589475,dVNC,466,1069,11013583,20139548,dVNC,dSEZ;dVNC
11909406,CN,465,465,11013351,11013351,CN,CN
2667061,unk,464,464,11011058,11011058,unk,unk
17304269,dSEZ,463,1060,11009492,19470184,dSEZ,dSEZ
16884962,dSEZ,462,1122,11007420,3797420,dSEZ,dSEZ
8069478,CN;LHN,461,461,11004239,11004239,CN;LHN,CN;LHN
17525174,LHN,460,460,11003707,11003707,LHN,LHN
16594509,CN,459,459,11003660,11003660,CN,CN
17913199,unk,458,458,11003551,11003551,unk,unk
8697453,unk,457,457,10982951,10982951,unk,unk
17357979,unk,456,456,10964258,10964258,unk,unk
17671375,LHN2,455,483,10958210,11193510,LHN2,LHN2
11248536,LHN,454,87,10955244,4398543,LHN,LHN
3149791,unk,453,453,10922928,10922928,unk,unk
17654638,unk,452,452,10922020,10922020,unk,unk
16388736,dVNC,451,451,10921106,10921106,dVNC,dVNC
4228105,unk,450,450,10918898,10918898,unk,unk
11905911,dSEZ,449,449,10915553,10915553,dSEZ,dSEZ
9720614,unk,448,448,10893103,10893103,unk,unk
12548756,unk,447,447,10885466,10885466,unk,unk
10875178,unk,446,446,10880408,10880408,unk,unk
4067286,CN,445,445,10875625,10875625,CN,CN
18644088,LHN2,444,444,21300466,21300466,LHN2,LHN2
8572353,unk,443,443,10872426,10872426,unk,unk
4116174,dSEZ,442,442,10865025,10865025,dSEZ,dSEZ
10882750,unk,441,441,10842099,10842099,unk,unk
14914182,unk,440,440,10842047,10842047,unk,unk
5321459,CN,439,439,10809383,10809383,CN,CN
14760757,LHN2,438,438,10797407,10797407,LHN2,LHN2
11278919,unk,437,437,10792617,10792617,unk,unk
5163599,unk,436,1052,10792336,19101351,unk,AN2;MN2
16450562,LHN2,435,435,10766722,10766722,LHN2,LHN2
2669331,LHN2,434,434,10760217,10760217,LHN2,LHN2
2650887,CN2,433,433,10758204,10758204,CN2,CN2
2648254,dSEZ,432,432,10756813,10756813,dSEZ,dSEZ
18464581,dVNC,431,431,10728333,10728333,dVNC,dVNC
13557064,dVNC,430,430,10728328,10728328,dVNC,dVNC
2655798,dSEZ,429,409,10728323,10527147,dSEZ,dSEZ
3598000,dVNC,428,990,10728318,17732270,dVNC,dVNC
3595837,dVNC,427,790,10716080,16485518,dVNC,unk
2911847,unk,426,906,10714526,17223685,unk,dVNC
18142558,LHN,425,425,10710503,10710503,LHN,LHN
14206030,CN,424,424,10702736,10702736,CN,CN
16856539,FBN,423,423,10682660,10682660,FBN,FBN
13045287,unk,422,422,10658673,10658673,unk,unk
12122924,FBN,421,421,10612094,10612094,FBN,FBN
6114695,dVNC,420,420,10609443,10609443,dVNC,dVNC
8571259,unk,419,419,10600188,10600188,unk,unk
13411445,unk,418,418,10596949,10596949,unk,unk
11306294,unk,417,417,10583715,10583715,unk,unk
13564607,CN2,416,416,10581624,10581624,CN2,CN2
2667980,unk,415,415,10568310,10568310,unk,unk
13535387,RG,414,-1,10563755,17933822,RG,unk
5247102,AN2;MN2,413,413,10555409,10555409,AN2;MN2,AN2;MN2
8496618,dVNC,412,412,10553248,10553248,dVNC,dVNC
11464638,CN,411,411,10543751,10543751,CN,CN
8932110,LHN2,410,410,10540188,10540188,LHN2,LHN2
7573476,dSEZ,409,213,10527147,7338309,dSEZ,dSEZ
17455871,unk,408,408,10523825,10523825,unk,unk
16355225,unk,407,469,10473853,11022546,unk,unk
2852273,RG-IPC,406,406,10459723,10459723,RG-IPC,RG-IPC
17658948,unk,405,6,10449035,1961182,unk,unk
16540741,unk,404,404,10447988,10447988,unk,unk
17437725,LHN,403,403,10427055,10427055,LHN,LHN
2260755,RG,402,-1,10418394,15688358,RG,sens-MN
17379420,dVNC,401,401,10411574,10411574,dVNC,dVNC
18264509,unk,400,400,10400440,10400440,unk,unk
17297936,unk,399,399,10382824,10382824,unk,unk
16100103,dSEZ;LHN,398,398,10382686,10382686,dSEZ;LHN,dSEZ;LHN
16713231,dUnk,397,1140,10378182,3882998,dUnk,dSEZ
15048530,unk,396,396,10345590,10345590,unk,unk
13535380,RG-IPC,395,28,10329208,3046503,RG-IPC,RG-IPC
8370111,unk,394,394,10323628,10323628,unk,unk
2504517,unk,393,296,10317031,8810141,unk,unk
5946241,unk,392,392,10282065,10282065,unk,unk
10351681,unk,391,391,10281116,10281116,unk,unk
17380319,unk,390,390,10248031,10248031,unk,unk
5895651,unk,389,388,10240382,10238739,unk,unk
5893912,unk,388,1075,10238739,20421224,unk,unk
5858788,unk,387,944,10237401,17360266,unk,unk
19090042,unk,386,386,10234576,10234576,unk,unk
16347283,unk,385,385,10229852,10229852,unk,unk
17437719,CN,384,384,10209260,10209260,CN,CN
5480553,FBN;AN2,383,383,10202724,10202724,FBN;AN2,FBN;AN2
3450751,MN2,382,382,10160250,10160250,MN2,MN2
1868538,unk,381,381,10100020,10100020,unk,unk
17379372,unk,380,380,10018260,10018260,unk,unk
17379360,dSEZ,379,-1,10018161,15998218,dSEZ,sens-AN
17379298,dVNC,378,378,10018150,10018150,dVNC,dVNC
16913476,unk,377,377,10017944,10017944,unk,unk
17658884,LHN2,375,375,9983417,9983417,LHN2,LHN2
8812078,LHN2,374,-1,9971209,15997692,LHN2,sens-AN
8132513,unk,373,373,9965610,9965610,unk,unk
4311241,unk,372,372,9961098,9961098,unk,unk
8124177,vPN,371,371,9940382,9940382,vPN,vPN
7874184,LON,370,742,9927082,16087799,LON,LON
14328512,CN2,369,831,9870483,16753901,CN2,CN2
6219445,dSEZ,368,368,9842383,9842383,dSEZ,dSEZ
15023987,unk,367,367,9822593,9822593,unk,unk
17980698,unk,366,366,9800031,9800031,unk,unk
15250080,dSEZ,365,427,9795662,10716080,dSEZ,dVNC
2920061,unk,364,46,9792178,3820148,unk,unk
867393,AN2,363,363,9787933,9787933,AN2,AN2
13191017,dSEZ,362,362,9787592,9787592,dSEZ,dSEZ
4127707,LHN,361,361,9747418,9747418,LHN,LHN
3182103,unk,360,360,9739780,9739780,unk,unk
16709072,unk,359,359,9714476,9714476,unk,unk
17535542,CX,358,358,9612903,9612903,CX,CX
16934932,unk,357,357,9594273,9594273,unk,unk
7503199,mPN-multi,356,356,9589146,9589146,mPN-multi,mPN-multi
17132009,unk,355,355,9577562,9577562,unk,unk
9539868,vPN,354,354,9567051,9567051,vPN,vPN
14083681,CN,353,533,9527522,12262910,CN,CN
13210358,FB2N,352,352,9527333,9527333,FB2N,FB2N
11946903,unk,351,351,9524538,9524538,unk,unk
17541953,unk,350,700,9508724,15587533,unk,unk
10343101,unk,349,349,9503428,9503428,unk,unk
13950464,unk,348,348,9503414,9503414,unk,unk
16131474,LHN,347,86,9488991,4393026,LHN,LHN
14762026,unk,346,346,9481869,9481869,unk,unk
9077224,unk,345,345,9480916,9480916,unk,unk
16295025,LHN,344,344,9447255,9447255,LHN,LHN
4102413,LHN,343,343,9445876,9445876,LHN,LHN
20536322,unk,342,342,9436520,9436520,unk,unk
17247877,unk,341,341,9429085,9429085,unk,unk
13674287,unk,340,340,9428865,9428865,unk,unk
3027876,dSEZ,339,339,9424902,9424902,dSEZ,dSEZ
9057043,FBN,338,338,9423829,9423829,FBN,FBN
5507096,LHN,337,337,9421292,9421292,LHN,LHN
3913620,CN,336,336,9409359,9409359,CN,CN
6061068,LHN2,335,335,9408003,9408003,LHN2,LHN2
5935744,unk,334,334,9384504,9384504,unk,unk
9842000,RG,333,333,9372642,9372642,RG,RG
17990556,LHN2,332,332,9351843,9351843,LHN2,LHN2
2772093,unk,331,971,9348984,17728723,unk,unk
4201555,FB2N,330,330,9252296,9252296,FB2N,FB2N
4190567,FBN,329,329,9251793,9251793,FBN,FBN
9034378,unk,328,328,9239759,9239759,unk,unk
9103732,FAN,327,327,9238937,9238937,FAN,FAN
15800115,unk,326,326,9237734,9237734,unk,unk
3726990,LHN2,325,325,9237370,9237370,LHN2,LHN2
9212816,CN,324,324,9236708,9236708,CN,CN
17435815,unk,323,323,9235545,9235545,unk,unk
8305958,LHN,322,322,9207332,9207332,LHN,LHN
17591687,LHN,321,321,9201911,9201911,LHN,LHN
16947349,CX,320,498,9154024,11468088,CX,CN2
16691937,CN,319,319,9141404,9141404,CN,CN
9074101,MBON-neith,318,318,9109799,9109799,MBON-neith,MBON-neith
14077179,dSEZ,317,317,9083312,9083312,dSEZ,dSEZ
7688300,LHN2,316,316,9078240,9078240,LHN2,LHN2
4201020,CX,315,315,9072237,9072237,CX,CX
5934511,FBN,314,313,9064208,9062992,FBN,FBN
8792477,FBN,313,314,9062992,9064208,FBN,FBN
13836327,dSEZ,312,312,9061235,9061235,dSEZ,dSEZ
14214039,unk,311,311,9057998,9057998,unk,unk
17813006,CN2,310,310,9051960,9051960,CN2,CN2
10612630,unk,309,309,9048462,9048462,unk,unk
9583435,unk,308,308,9015745,9015745,unk,unk
5783868,dSEZ;CN,307,307,9006142,9006142,dSEZ;CN,dSEZ;CN
17867309,LHN2,306,306,8993049,8993049,LHN2,LHN2
9294475,LHN,305,305,8974428,8974428,LHN,LHN
8297018,MBON-av,304,304,8922644,8922644,MBON-av,MBON-av
19143114,CN,303,303,8884212,8884212,CN,CN
3806573,AN2,302,302,8877971,8877971,AN2,AN2
10163418,MBON-app,301,301,8877158,8877158,MBON-app,MBON-app
4617479,FBN,300,300,8864785,8864785,FBN,FBN
9767705,unk,299,299,8864778,8864778,unk,unk
17107661,unk,298,298,8838927,8838927,unk,unk
17340973,unk,297,297,8814524,8814524,unk,unk
12422355,unk,296,393,8810141,10317031,unk,unk
18187865,unk,295,295,8809171,8809171,unk,unk
4665627,unk,294,294,8802069,8802069,unk,unk
6049565,unk,293,293,8801736,8801736,unk,unk
19092010,unk,292,292,8801715,8801715,unk,unk
4230749,MBON-av,291,291,8798010,8798010,MBON-av,MBON-av
10682411,unk,290,290,8765298,8765298,unk,unk
8741619,dVNC,289,289,8755914,8755914,dVNC,dVNC
16735586,mPN-multi,288,288,8704079,8704079,mPN-multi,mPN-multi
7897051,LON,287,287,8700125,8700125,LON,LON
8319311,MBIN,286,912,8689674,17295912,MBIN,MBIN
9643439,LHN2,285,285,8687096,8687096,LHN2,LHN2
13046354,LHN2,284,284,8639662,8639662,LHN2,LHN2
8469124,LHN,283,283,8582134,8582134,LHN,LHN
7449767,unk,282,-1,8529400,12260696,unk,sens-MN
16515871,mPN-multi,281,281,8509534,8509534,mPN-multi,mPN-multi
4324898,mPN-olfac,280,280,8480221,8480221,mPN-olfac,mPN-olfac
11137808,CN;LHN,279,279,8423405,8423405,CN;LHN,CN;LHN
4651929,uPN,278,278,8399890,8399890,uPN,uPN
13764822,dSEZ,277,277,8357933,8357933,dSEZ,dSEZ
18302665,unk,276,276,8348277,8348277,unk,unk
5503982,unk,275,275,8347907,8347907,unk,unk
18302610,unk,274,274,8347720,8347720,unk,unk
8349553,LHN,273,273,8347613,8347613,LHN,LHN
8270683,vPN,272,272,8340950,8340950,vPN,vPN
4195012,MBON-av,271,271,8338584,8338584,MBON-av,MBON-av
8198238,bLN-Trio,270,239,8311264,7939979,bLN-Trio,bLN-Trio
3869488,tPN,269,269,8293958,8293958,tPN,tPN
4119387,mPN-olfac,268,268,8276782,8276782,mPN-olfac,mPN-olfac
11051276,MN2,267,267,8274021,8274021,MN2,MN2
8068173,KC-3claw,266,266,8262372,8262372,KC-3claw,KC-3claw
5051342,KC-1claw,265,816,8262302,16629788,KC-1claw,KC-1claw
18639459,unk,264,264,8253620,8253620,unk,unk
11210000,LHN,263,263,8238322,8238322,LHN,LHN
4541081,dSEZ,262,-1,8216541,15723727,dSEZ,sens-MN
17952967,LHN2,261,261,8203947,8203947,LHN2,LHN2
7429933,unk,260,260,8167696,8167696,unk,unk
858479,dSEZ,259,-1,8154054,15764960,dSEZ,KC
17655000,unk,258,856,8142831,16937799,unk,unk
14077615,CN,257,257,8118947,8118947,CN,CN
2775943,LON,256,256,8118929,8118929,LON,LON
4229950,KC-2claw,255,208,8118474,7187384,KC-2claw,KC-4claw
7555968,vPN,254,-1,8111135,8865199,vPN,KC-3claw
7600311,pLN,253,253,8102935,8102935,pLN,pLN
4514494,FAN,252,252,8078096,8078096,FAN,FAN
8542422,CN,251,251,8069432,8069432,CN,CN
4152272,FB2N,250,911,8052161,17280216,FB2N,FB2N
7587948,dVNC,249,249,8047280,8047280,dVNC,dVNC
17822238,CN;LHN,248,248,8037197,8037197,CN;LHN,CN;LHN
6190181,CX,247,247,8025665,8025665,CX,CX
13589251,uPN,246,230,8021456,7864823,uPN,uPN
8254894,AN2;MN2,245,245,8012953,8012953,AN2;MN2,AN2;MN2
7616956,MBIN-OAN,244,244,7983899,7983899,MBIN-OAN,MBIN-OAN
8177199,LHN,243,243,7982896,7982896,LHN,LHN
8717219,vPN,242,254,7952981,8111135,vPN,vPN
8198416,bLN-Duet,241,240,7941652,7941642,bLN-Duet,bLN-Duet
8198513,bLN-Duet,240,241,7941642,7941652,bLN-Duet,bLN-Duet
8198317,bLN-Trio,239,270,7939979,8311264,bLN-Trio,bLN-Trio
6557581,bLN-Trio,238,238,7939890,7939890,bLN-Trio,bLN-Trio
8256186,uPN,237,237,7916593,7916593,uPN,uPN
7897469,MBON,236,236,7910624,7910624,MBON,MBON
2506050,MBIN-DAN,235,235,7901791,7901791,MBIN-DAN,MBIN-DAN
8245692,uPN,234,100,7873135,4493199,uPN,uPN
8243455,uPN,233,233,7865767,7865767,uPN,uPN
8252067,uPN,232,232,7865696,7865696,uPN,uPN
8248631,uPN,231,752,7865652,16259595,uPN,uPN
8245014,uPN,230,218,7864823,7515491,uPN,uPN
8247451,uPN,229,204,7852250,7092417,uPN,uPN
8245146,uPN,228,228,7851153,7851153,uPN,uPN
8245513,uPN,227,205,7845346,7107433,uPN,uPN
8140109,uPN,226,226,7843730,7843730,uPN,uPN
16797672,MBON-av,225,225,7802210,7802210,MBON-av,MBON-av
16910799,unk,224,224,7700444,7700444,unk,unk
8271034,LON,223,223,7694589,7694589,LON,LON
7977834,LHN,222,222,7582489,7582489,LHN,LHN
2776773,LHN,221,221,7582412,7582412,LHN,LHN
3276003,unk,220,220,7557604,7557604,unk,unk
5516552,FBN,219,219,7540581,7540581,FBN,FBN
11279244,uPN,218,246,7515491,8021456,uPN,uPN
17654519,dSEZ;dVNC,216,1127,7439913,16561660,dSEZ;dVNC,dVNC
8231264,cLN,215,1163,7394271,8273369,cLN,cLN
15606239,unk,214,214,7388340,7388340,unk,unk
17352470,dSEZ,213,188,7338309,6633635,dSEZ,unk
5500958,dVNC,212,1044,7335439,18656202,dVNC,LHN2
18163015,unk,211,211,7283193,7283193,unk,unk
16115575,dVNC,210,210,7227010,7227010,dVNC,dVNC
8245869,uPN,209,209,7198338,7198338,uPN,uPN
3664102,KC-4claw,208,255,7187384,8118474,KC-4claw,KC-2claw
11714576,unk,207,207,7168356,7168356,unk,unk
5996485,dSEZ,206,206,7130033,7130033,dSEZ,dSEZ
8253413,uPN,205,1173,7107433,16795838,uPN,mPN-olfac
8246750,uPN,204,80,7092417,4354933,uPN,uPN
4876704,unk,203,203,7092086,7092086,unk,unk
15478720,CX,202,202,7058243,7058243,CX,CX
6611894,MBIN-DAN,201,201,7057894,7057894,MBIN-DAN,MBIN-DAN
4017464,CX,200,200,7057730,7057730,CX,CX
17176927,unk,199,199,7056904,7056904,unk,unk
4241237,MBON-app,198,198,7055857,7055857,MBON-app,MBON-app
4214582,CN,197,197,7053966,7053966,CN,CN
7980369,CN,196,196,7026287,7026287,CN,CN
5782947,CX,195,195,7025831,7025831,CX,CX
8161142,CX,194,194,7025064,7025064,CX,CX
7569260,dVNC,193,193,7005184,7005184,dVNC,dVNC
7590264,dVNC,192,192,7005145,7005145,dVNC,dVNC
5869204,RG-CA-LP,191,191,6978585,6978585,RG-CA-LP,RG-CA-LP
17937991,unk,190,190,6729443,6729443,unk,unk
10198121,unk,189,189,6723364,6723364,unk,unk
9241349,unk,188,350,6633635,9508724,unk,unk
17897230,unk,187,1147,6623089,17067625,unk,unk
17654634,unk,186,186,6623049,6623049,unk,unk
2670619,dVNC,185,946,6604203,17360286,dVNC,unk
6597872,FB2N,184,184,6591182,6591182,FB2N,FB2N
13081886,dVNC,183,183,6572414,6572414,dVNC,dVNC
2963280,LHN,182,182,6494382,6494382,LHN,LHN
13986583,LHN,181,181,6494274,6494274,LHN,LHN
3538129,mPN-olfac,180,180,6451332,6451332,mPN-olfac,mPN-olfac
5462159,dVNC,179,179,6446394,6446394,dVNC,dVNC
3436420,dSEZ,178,178,6445994,6445994,dSEZ,dSEZ
6193472,unk,177,177,6298455,6298455,unk,unk
9288827,LHN2,176,176,6011278,6011278,LHN2,LHN2
4101621,LHN,175,175,5963873,5963873,LHN,LHN
8943485,LHN2,174,174,5959820,5959820,LHN2,LHN2
8310955,LHN,173,173,5938794,5938794,LHN,LHN
8850802,KC-1claw,172,172,5937084,5937084,KC-1claw,KC-1claw
5936935,unk,171,171,5902352,5902352,unk,unk
17058350,LHN2,170,170,5874480,5874480,LHN2,LHN2
4144377,FBN,169,770,5870071,16427492,FBN,FBN
10287315,unk,168,168,5865628,5865628,unk,unk
9753418,LHN2,166,166,5769582,5769582,LHN2,LHN2
20443505,unk,165,490,5767836,11286854,unk,unk
10947427,dSEZ,164,164,5764924,5764924,dSEZ,dSEZ
10945111,dVNC,163,185,5763407,6604203,dVNC,dVNC
17777259,LHN,162,162,5762666,5762666,LHN,LHN
4127096,unk,161,161,5760480,5760480,unk,unk
2846555,unk,160,160,5755261,5755261,unk,unk
3764792,dVNC,159,159,5754346,5754346,dVNC,dVNC
20443420,unk,158,158,5750884,5750884,unk,unk
20443544,unk,157,157,5747036,5747036,unk,unk
16617920,unk,156,156,5745929,5745929,unk,unk
4127926,unk,155,155,5745110,5745110,unk,unk
1805406,unk,154,154,5744502,5744502,unk,unk
4128002,LHN2,153,153,5744058,5744058,LHN2,LHN2
17654617,AN2;MN2,152,152,5708994,5708994,AN2;MN2,AN2;MN2
3166745,unk,151,151,5704424,5704424,unk,unk
3862443,unk,150,150,5691934,5691934,unk,unk
19010160,dVNC,149,149,5690425,5690425,dVNC,dVNC
5855343,LHN2,148,148,5689639,5689639,LHN2,LHN2
5038920,dSEZ,147,147,5688091,5688091,dSEZ,dSEZ
7982324,dSEZ,146,146,5684940,5684940,dSEZ,dSEZ
7574701,FBN,145,145,5681132,5681132,FBN,FBN
17658978,dVNC,144,144,5680013,5680013,dVNC,dVNC
8689148,unk,143,143,5679304,5679304,unk,unk
17658943,unk,142,142,5678582,5678582,unk,unk
15688523,LHN2,141,141,5675990,5675990,LHN2,LHN2
8696919,unk,140,140,5671303,5671303,unk,unk
5134110,unk,139,139,5657004,5657004,unk,unk
13358515,unk,138,138,5577650,5577650,unk,unk
12746220,LHN2,137,137,5484314,5484314,LHN2,LHN2
17591442,CN;LHN,136,136,5474852,5474852,CN;LHN,CN;LHN
13803032,LHN,135,135,5453333,5453333,LHN,LHN
11524047,MBON-app,134,89,5395823,4401350,MBON-app,MBON-app
6220384,MN2,133,517,5327961,11821320,MN2,MN2
6219781,MN2,132,587,5322337,12882387,MN2,MN2
8199671,pLN,131,131,5291791,5291791,pLN,pLN
4679139,mPN-multi,129,129,5261424,5261424,mPN-multi,mPN-multi
4346154,unk,128,661,5186443,14891367,unk,unk
4228119,unk,127,127,5169587,5169587,unk,unk
15605987,LHN2,126,126,5118060,5118060,LHN2,LHN2
9287906,FB2N,125,125,5091874,5091874,FB2N,FB2N
10959064,unk,124,124,5080991,5080991,unk,unk
16188942,AN2;MN2,123,502,5053417,11656349,AN2;MN2,AN2;MN2
5700090,unk,122,122,5033480,5033480,unk,unk
8227502,dSEZ,121,121,4991243,4991243,dSEZ,dSEZ
9291474,LHN,120,120,4985759,4985759,LHN,LHN
12336493,AN2;MN2,119,119,4983938,4983938,AN2;MN2,AN2;MN2
16578252,unk,118,118,4966994,4966994,unk,unk
18133444,unk,117,117,4901087,4901087,unk,unk
2935198,LHN2,116,116,4785242,4785242,LHN2,LHN2
15683275,LHN,115,115,4780707,4780707,LHN,LHN
4319395,LHN,114,114,4778745,4778745,LHN,LHN
17323054,unk,113,113,4749004,4749004,unk,unk
8069365,CN;LHN,112,112,4721538,4721538,CN;LHN,CN;LHN
17806341,LHN,111,111,4680995,4680995,LHN,LHN
17671219,LHN,110,110,4665186,4665186,LHN,LHN
17326218,unk,109,109,4664256,4664256,unk,unk
17913185,unk,108,108,4637677,4637677,unk,unk
9808146,LHN,107,107,4636432,4636432,LHN,LHN
7971031,LHN,106,106,4635057,4635057,LHN,LHN
9287199,LHN,105,105,4607160,4607160,LHN,LHN
2921933,LHN,104,104,4570270,4570270,LHN,LHN
13793212,RG,103,103,4523803,4523803,RG,RG
2659386,RG,102,99,4523584,4453485,RG,RG-IPC
2357110,RG-IPC,101,102,4506509,4523584,RG-IPC,RG
8244823,uPN,100,231,4493199,7865652,uPN,uPN
15202263,RG-IPC,99,573,4453485,12634154,RG-IPC,RG-IPC
13806524,CN,98,98,4433960,4433960,CN,CN
15668497,CX,97,97,4433197,4433197,CX,CX
11605861,LHN,96,96,4422289,4422289,LHN,LHN
4414184,MBIN-DAN,95,95,4414163,4414163,MBIN-DAN,MBIN-DAN
3347708,KC-1claw,94,-1,4412315,5289042,KC-1claw,unk
4234559,CN2,93,93,4409374,4409374,CN2,CN2
4199033,FAN,92,92,4408397,4408397,FAN,FAN
16758011,unk,91,91,4408369,4408369,unk,unk
4721087,unk,90,90,4408362,4408362,unk,unk
4598363,MBON-app,89,134,4401350,5395823,MBON-app,MBON-app
13751194,RG,88,-1,4400767,1375101,RG,sens-AN
17380092,LHN,87,454,4398543,10955244,LHN,LHN
5585799,LHN,86,347,4393026,9488991,LHN,LHN
11826171,LHN,85,85,4391317,4391317,LHN,LHN
10673895,MBIN-DAN,84,84,4381377,4381377,MBIN-DAN,MBIN-DAN
15404207,MBIN,83,83,4381129,4381129,MBIN,MBIN
8307514,LHN2,82,82,4379603,4379603,LHN2,LHN2
3794023,LHN,81,81,4379508,4379508,LHN,LHN
14604028,uPN,80,227,4354933,7845346,uPN,uPN
15732509,unk,79,79,4324567,4324567,unk,unk
19950281,unk,78,78,4324479,4324479,unk,unk
10293348,LHN,77,77,4279887,4279887,LHN,LHN
19156025,CN2,76,76,4274518,4274518,CN2,CN2
3756659,tPN,75,75,4260935,4260935,tPN,tPN
5010581,dVNC;RG,74,74,4188290,4188290,dVNC;RG,dVNC;RG
3690921,tPN,73,73,4154421,4154421,tPN,tPN
16720240,KC-1claw,72,72,4117305,4117305,KC-1claw,KC-1claw
17587730,dVNC,71,71,4110483,4110483,dVNC,dVNC
3002410,tPN,70,70,4108016,4108016,tPN,tPN
5794678,dVNC;CN,69,69,3979181,3979181,dVNC;CN,dVNC;CN
8813113,LHN,68,68,3946569,3946569,LHN,LHN
2935173,LHN,67,67,3946432,3946432,LHN,LHN
6133702,LHN2,66,66,3946364,3946364,LHN2,LHN2
3620633,dVNC,65,65,3946166,3946166,dVNC,dVNC
8566140,unk,64,64,3945756,3945756,unk,unk
9841469,AN2,63,63,3945454,3945454,AN2,AN2
3729504,AN2,62,62,3945394,3945394,AN2,AN2
19271710,FB2N,61,61,3945246,3945246,FB2N,FB2N
11637003,AN2,60,60,3945232,3945232,AN2,AN2
3793681,AN2,59,59,3945225,3945225,AN2,AN2
13948718,unk,58,58,3945136,3945136,unk,unk
16195633,dSEZ,57,57,3944626,3944626,dSEZ,dSEZ
15732050,dSEZ,56,56,3944330,3944330,dSEZ,dSEZ
3793760,unk,55,55,3931398,3931398,unk,unk
12704360,RG-CA-LP,54,54,3928652,3928652,RG-CA-LP,RG-CA-LP
5890323,RG-CA-LP,53,53,3928574,3928574,RG-CA-LP,RG-CA-LP
16434842,RG,52,52,3928522,3928522,RG,RG
5955853,RG-ITP,51,51,3926904,3926904,RG-ITP,RG-ITP
3762787,RG,49,1180,3926438,7313896,RG,unk
5956787,RG-ITP,48,-1,3925724,15998469,RG-ITP,sens-AN
5966099,MBIN-DAN,47,47,3886356,3886356,MBIN-DAN,MBIN-DAN
2920554,unk,46,39,3820148,3539170,unk,dSEZ
4127944,unk,45,45,3819859,3819859,unk,unk
9761454,dSEZ,44,44,3814701,3814701,dSEZ,dSEZ
15732471,LHN,43,43,3814651,3814651,LHN,LHN
3762317,dSEZ,42,42,3729496,3729496,dSEZ,dSEZ
15829660,AN2;MN2,41,41,3650006,3650006,AN2;MN2,AN2;MN2
13795090,AN2;MN2,40,40,3543931,3543931,AN2;MN2,AN2;MN2
8159396,dSEZ,39,863,3539170,16952648,dSEZ,dVNC
5478818,dSEZ,38,38,3486867,3486867,dSEZ,dSEZ
8244723,uPN,37,37,3486381,3486381,uPN,uPN
4700078,mPN-olfac,36,36,3450442,3450442,mPN-olfac,mPN-olfac
3498479,dSEZ,35,35,3414508,3414508,dSEZ,dSEZ
3561724,RG-IPC,34,395,3281684,10329208,RG-IPC,RG-IPC
17415439,LHN,33,7,3158123,2142817,LHN,unk
8752697,CN,32,32,3157405,3157405,CN,CN
3272218,unk,31,31,3061422,3061422,unk,unk
17380080,unk,30,30,3060480,3060480,unk,unk
3009700,dVNC,29,29,3048606,3048606,dVNC,dVNC
2355126,RG-IPC,28,34,3046503,3281684,RG-IPC,RG-IPC
6317793,dSEZ,27,27,3044500,3044500,dSEZ,dSEZ
16181130,unk,26,26,3043970,3043970,unk,unk
19046339,LHN2,25,25,2988292,2988292,LHN2,LHN2
7422253,unk,24,24,2979675,2979675,unk,unk
9585145,LHN,23,23,2979486,2979486,LHN,LHN
12704069,CN;LHN,22,22,2966602,2966602,CN;LHN,CN;LHN
10855798,unk,21,21,2964760,2964760,unk,unk
13713529,LHN2,20,20,2797480,2797480,LHN2,LHN2
12882179,unk,19,19,2652641,2652641,unk,unk
4311586,MN2,18,18,2628785,2628785,MN2,MN2
4391978,mPN-multi,17,17,2612527,2612527,mPN-multi,mPN-multi
3158085,unk,16,16,2597151,2597151,unk,unk
10167078,mPN-multi,15,15,2568465,2568465,mPN-multi,mPN-multi
11851588,unk,14,14,2439150,2439150,unk,unk
4099900,LHN,13,13,2439134,2439134,LHN,LHN
3814853,LHN,12,12,2439067,2439067,LHN,LHN
15632120,unk,11,708,2438653,15608953,unk,unk
10681487,unk,10,10,2379544,2379544,unk,unk
10119916,CN;LHN,9,9,2369444,2369444,CN;LHN,CN;LHN
2512602,LON,8,370,2204467,9927082,LON,LON
15225589,unk,7,33,2142817,3158123,unk,LHN
9177218,unk,6,405,1961182,10449035,unk,unk
17698681,dSEZ,5,1007,1924051,17813499,dSEZ,CX
14374534,unk,4,4,1679034,1679034,unk,unk
6153877,dVNC,3,3,1678567,1678567,dVNC,dVNC
10276161,unk,2,2,1646076,1646076,unk,unk
6156152,dVNC,1,1,1622901,1622901,dVNC,dVNC
15599768,dSEZ,0,1109,992646,19017854,dSEZ,sens-vtd
29,KC-4claw,-1,-1,-1,15715151,sens-AN,sens-MN
677717,KC-4claw,-1,-1,-1,1406463,sens-photoRh6,sens-AN
766246,sens-photoRh5,-1,-1,-1,15984231,sens-AN,sens-AN
853526,motor-AN,-1,-1,-1,668627,motor-AN,motor-VAN
855719,motor-AN,-1,-1,-1,1367171,motor-VAN,sens-AN
865801,motor-AN,-1,187,-1,6623089,sens-AN,unk
873148,motor-AN,-1,-1,-1,15722306,sens-AN,KC-3claw
873782,motor-AN,-1,-1,-1,2215247,sens-AN,sens-photoRh6
875613,motor-AN,-1,-1,-1,6704232,sens-AN,KC-4claw
882339,motor-AN,-1,-1,-1,15724175,sens-AN,sens-MN
900032,sens-photoRh6,-1,-1,-1,17827011,sens-AN,unk
902038,sens-photoRh6,-1,-1,-1,15766999,sens-AN,sens-AN
902877,sens-photoRh5,-1,-1,-1,15984797,sens-AN,sens-AN
910064,motor-AN,-1,-1,-1,15983225,sens-AN,sens-AN
937332,motor-AN,-1,-1,-1,1414206,sens-AN,sens-AN
945309,sens-AN,-1,-1,-1,15724385,sens-AN,sens-MN
946481,sens-photoRh6,-1,1102,-1,11874130,sens-AN,sens-vtd
1218587,motor-AN,-1,-1,-1,15769419,sens-AN,sens-AN
1856512,sens-photoRh6,-1,-1,-1,18695745,sens-AN,dSEZ
2268281,sens-PaN,-1,-1,-1,15938337,sens-AN,sens-MN
2305234,sens-PaN,-1,-1,-1,7556564,sens-AN,sens-MN
2340336,sens-AN,-1,-1,-1,15995394,sens-AN,motor-AN
2456826,sens-AN,-1,-1,-1,2216445,sens-AN,sens-photoRh6
2532841,sens-photoRh6,-1,-1,-1,16210988,sens-AN,KC-4claw
2544902,sens-photoRh6,-1,-1,-1,15714330,sens-AN,sens-MN
2552701,sens-photoRh5,-1,-1,-1,15861524,sens-AN,KC-4claw
3071301,sens-MN,-1,-1,-1,7483922,sens-photoRh6,sens-photoRh5
3199456,sens-MN,-1,-1,-1,1415168,sens-photoRh6,sens-AN
3232808,unk,-1,-1,-1,1395971,sens-photoRh5,sens-AN
3340561,motor-AN,-1,-1,-1,1391179,sens-photoRh6,sens-AN
3347834,KC-3claw,-1,-1,-1,1435466,sens-photoRh6,sens-AN
3497901,KC-4claw,-1,-1,-1,1706716,sens-photoRh6,sens-AN
3522293,KC-5claw,-1,-1,-1,1392771,sens-photoRh6,sens-AN
3556191,sens-AN,-1,-1,-1,8070872,sens-photoRh5,unk
3562954,sens-MN,-1,-1,-1,8864096,sens-photoRh6,KC-5claw
3587612,KC-3claw,-1,-1,-1,1428271,sens-AN,sens-AN
3795498,sens-AN,-1,1012,-1,17962513,unk,LHN
3822523,sens-AN,-1,1089,-1,3716797,sens-AN,sens-ORN
3966683,sens-AN,-1,282,-1,8529400,unk,unk
3985829,sens-AN,-1,1025,-1,18123575,sens-MN,dVNC
4017089,sens-AN,-1,-1,-1,2206279,sens-MN,sens-photoRh6
4023881,sens-AN,-1,-1,-1,2910892,sens-AN,unk
4097554,sens-AN,-1,-1,-1,2610744,sens-AN,sens-AN
4127938,unk,-1,-1,-1,5778133,KC-4claw,unk
4227304,KC-1claw,-1,-1,-1,11717020,KC-4claw,unk
4227544,KC-4claw,-1,1103,-1,5617164,sens-vtd,sens-vtd
4241192,KC-1claw,-1,49,-1,3926438,RG,RG
4414426,KC-4claw,-1,-1,-1,3915835,KC-3claw,sens-vtd
4415241,KC-2claw,-1,331,-1,9348984,sens-MN,unk
4620453,unk,-1,-1,-1,14460113,KC-2claw,KC-3claw
4919895,KC,-1,-1,-1,3819171,KC-1claw,KC-4claw
4982172,KC-4claw,-1,-1,-1,5088293,KC-1claw,sens-AN
5019924,KC-1claw,-1,702,-1,15588711,RG,dVNC
5448622,sens-MN,-1,-1,-1,11717040,unk,unk
5835799,KC-1claw,-1,-1,-1,3652587,sens-AN,sens-AN
5835815,KC-3claw,-1,-1,-1,3050645,sens-AN,sens-MN
5836035,KC-1claw,-1,-1,-1,3054101,sens-AN,sens-MN
5836181,KC-2claw,-1,-1,-1,15590761,sens-AN,sens-AN
5836197,KC-1claw,-1,-1,-1,9820270,unk,sens-AN
5836206,KC-2claw,-1,-1,-1,15680093,unk,sens-MN
5836387,KC-3claw,-1,588,-1,12923749,unk,unk
6254216,unk,-1,-1,-1,2215622,KC-4claw,sens-photoRh6
6883831,sens-AN,-1,-1,-1,7439909,KC-4claw,sens-AN
7160160,sens-AN,-1,930,-1,17359101,sens-AN,dSEZ
7196392,KC-5claw,-1,-1,-1,15716701,sens-AN,sens-MN
7485368,sens-photoRh5,-1,826,-1,16683943,RG,RG-ITP
7555204,sens-photoRh6,-1,-1,-1,7476468,sens-photoRh5,RG
7566199,sens-photoRh6,-1,-1,-1,40152,sens-photoRh5,sens-AN
7568455,sens-photoRh5,-1,-1,-1,16630941,sens-MN,KC-3claw
7690945,KC-4claw,-1,-1,-1,4926999,sens-MN,unk
7778722,sens-photoRh5,-1,921,-1,17354414,unk,unk
7828725,KC-3claw,-1,-1,-1,15983156,motor-MN,sens-AN
7829784,KC-3claw,-1,-1,-1,14898295,KC-4claw,KC-4claw
7838405,KC-4claw,-1,-1,-1,16851577,motor-MN,dVNC
7840203,KC-5claw,-1,-1,-1,2215447,KC-5claw,sens-photoRh6
7868195,KC-3claw,-1,-1,-1,4874953,KC-2claw,RG
7891312,KC-6claw,-1,-1,-1,8092228,KC-4claw,motor-MN
8065380,unk,-1,-1,-1,14519048,KC-3claw,KC-4claw
8149490,motor-MN,-1,-1,-1,17415321,KC-6claw,motor-AN
8274902,KC-5claw,-1,-1,-1,8640212,KC-2claw,unk
8413663,KC-2claw,-1,-1,-1,5116147,KC-2claw,sens-AN
8419602,KC-6claw,-1,-1,-1,8263285,unk,KC-3claw
8427677,KC-3claw,-1,-1,-1,6702830,dVNC,KC-4claw
8447845,sens-photoRh6,-1,-1,-1,4134539,KC-5claw,KC-3claw
8480418,LON,-1,-1,-1,11745381,KC-3claw,sens-MN
8504660,KC-3claw,-1,936,-1,17360030,unk,unk
8509987,KC-5claw,-1,428,-1,10728318,dSEZ,dVNC
8559607,KC-4claw,-1,-1,-1,16629757,sens-MN,KC-4claw
8598886,unk,-1,-1,-1,15995929,sens-AN,sens-AN
8835968,KC-2claw,-1,-1,-1,1377586,sens-AN,sens-AN
8891315,KC-3claw,-1,-1,-1,8393981,KC-5claw,KC-2claw
8924186,KC-3claw,-1,-1,-1,16950321,sens-photoRh6,unk
8953579,unk,-1,-1,-1,11691640,KC,KC-6claw
8955607,unk,-1,-1,-1,18934019,FB2N,sens-MN
8957325,KC,-1,-1,-1,15715643,sens-AN,sens-MN
8978117,KC,-1,-1,-1,15674262,KC-6claw,sens-MN
8997281,KC-4claw,-1,737,-1,16014701,unk,unk
9291938,unk,-1,-1,-1,10455234,unk,KC
9513911,unk,-1,-1,-1,15997983,sens-MN,sens-AN
9525492,KC-4claw,-1,-1,-1,15998817,sens-MN,sens-AN
9531722,KC-5claw,-1,-1,-1,14319960,KC-4claw,KC-4claw
9556700,KC-2claw,-1,-1,-1,15686512,sens-MN,sens-MN
9621307,unk,-1,-1,-1,12726582,KC-3claw,KC-3claw
9698907,unk,-1,-1,-1,16627773,sens-MN,KC-4claw
9707941,KC-3claw,-1,-1,-1,4338596,KC-3claw,sens-MN
9716858,sens-AN,-1,-1,-1,1431256,sens-AN,sens-AN
9724693,unk,-1,-1,-1,10241716,KC-3claw,sens-photoRh6
9730873,KC-3claw,-1,-1,-1,8723983,KC-4claw,dVNC
9766793,KC-4claw,-1,-1,-1,9983191,KC-3claw,KC-5claw
9809626,KC-3claw,-1,-1,-1,2284021,KC-4claw,sens-AN
9813188,KC-6claw,-1,-1,-1,8177991,KC-5claw,KC-4claw
9847388,KC-4claw,-1,-1,-1,11785627,KC-4claw,KC-4claw
9853425,sens-AN,-1,-1,-1,15698623,sens-AN,sens-MN
9889095,KC-3claw,-1,-1,-1,15679577,sens-MN,sens-MN
9897223,KC-5claw,-1,-1,-1,7424178,sens-MN,sens-AN
10056280,KC-2claw,-1,-1,-1,16017113,sens-MN,KC-5claw
10169396,KC-3claw,-1,-1,-1,21133456,sens-MN,unk
10259967,KC-5claw,-1,-1,-1,16448979,sens-MN,KC
10739296,unk,-1,-1,-1,15769596,sens-MN,motor-AN
10934438,sens-MN,-1,-1,-1,15724636,sens-MN,sens-MN
11271082,unk,-1,862,-1,16952642,sens-MN,dVNC
11813287,KC-2claw,-1,-1,-1,16444544,sens-MN,CX
12253020,sens-MN,-1,-1,-1,17380936,sens-MN,sens-AN
12634730,motor-VAN,-1,-1,-1,15997645,sens-MN,sens-AN
12901662,motor-AN,-1,-1,-1,15996518,sens-MN,sens-AN
12989453,unk,-1,-1,-1,15998768,sens-MN,sens-AN
15155348,unk,-1,-1,-1,37365,KC-6claw,sens-photoRh6
15398807,sens-AN,-1,-1,-1,15994926,KC,sens-AN
15409328,sens-AN,-1,-1,-1,1427012,sens-MN,sens-AN
15434200,sens-AN,-1,-1,-1,15770945,sens-MN,sens-AN
15451084,sens-AN,-1,-1,-1,15995368,sens-MN,motor-AN
15458316,sens-AN,-1,-1,-1,16939375,sens-MN,KC-3claw
15461769,sens-AN,-1,-1,-1,15723479,sens-MN,sens-MN
15506094,sens-AN,-1,-1,-1,15995327,sens-MN,sens-AN
15507888,sens-AN,-1,-1,-1,15998100,sens-MN,sens-AN
15508735,sens-AN,-1,-1,-1,15998261,sens-MN,sens-AN
15522777,sens-AN,-1,-1,-1,16440649,sens-MN,KC-3claw
15525858,sens-AN,-1,-1,-1,15716309,sens-MN,sens-MN
15530882,sens-AN,-1,-1,-1,15998782,sens-MN,sens-AN
15531033,sens-AN,-1,-1,-1,17147410,sens-MN,KC-4claw
15531916,sens-AN,-1,-1,-1,15725127,sens-MN,sens-MN
15533421,sens-AN,-1,-1,-1,16631222,sens-MN,KC-3claw
15541944,sens-AN,-1,-1,-1,16435965,sens-MN,KC-2claw
15541976,sens-AN,-1,-1,-1,15691122,sens-MN,KC
15542354,sens-AN,-1,-1,-1,1398253,sens-MN,sens-AN
15543068,sens-AN,-1,-1,-1,8513389,KC-2claw,KC-2claw
15543394,sens-AN,-1,477,-1,11123016,KC-3claw,LHN2
15546924,sens-AN,-1,-1,-1,16630024,sens-MN,KC-4claw
15547732,sens-AN,-1,-1,-1,15770904,sens-MN,sens-AN
15548107,sens-AN,-1,-1,-1,15769490,sens-MN,motor-AN
15548694,sens-AN,-1,-1,-1,1419315,sens-MN,sens-AN
15556081,sens-MN,-1,-1,-1,16631114,sens-MN,KC-1claw
15556868,sens-MN,-1,-1,-1,16629931,sens-MN,KC-4claw
15559195,sens-AN,-1,-1,-1,16283590,sens-MN,unk
15561413,sens-AN,-1,-1,-1,15677323,KC-3claw,sens-MN
15562137,sens-AN,-1,-1,-1,17728896,KC,unk
15563553,sens-AN,-1,0,-1,992646,sens-AN,dSEZ
15564661,sens-AN,-1,-1,-1,15982951,sens-AN,motor-AN
15564706,sens-AN,-1,-1,-1,15770521,motor-AN,motor-AN
15564782,sens-AN,-1,402,-1,10418394,motor-AN,RG
15564807,sens-AN,-1,-1,-1,13744425,sens-AN,sens-AN
15564882,sens-AN,-1,-1,-1,16631248,sens-AN,KC-2claw
15564911,sens-AN,-1,-1,-1,15721919,motor-AN,KC-2claw
15567384,motor-AN,-1,-1,-1,16058860,sens-AN,KC-1claw
15572414,sens-AN,-1,-1,-1,15769680,sens-AN,sens-AN
15573283,sens-AN,-1,-1,-1,4412036,KC,KC-1claw
15573331,sens-AN,-1,-1,-1,5186461,KC-4claw,sens-AN
15573381,sens-AN,-1,-1,-1,15997929,sens-MN,sens-AN
15573396,sens-AN,-1,259,-1,8154054,motor-AN,dSEZ
15573450,sens-AN,-1,-1,-1,2216187,sens-AN,sens-photoRh5
15574199,sens-AN,-1,-1,-1,15996160,sens-AN,sens-AN
15574231,sens-AN,-1,-1,-1,1715990,sens-AN,sens-AN
15574328,sens-AN,-1,-1,-1,16678336,sens-AN,motor-VAN
15574508,sens-AN,-1,-1,-1,15995404,sens-AN,sens-AN
15574941,sens-AN,-1,-1,-1,15725545,sens-AN,sens-MN
15575052,sens-AN,-1,-1,-1,8318678,motor-AN,KC-6claw
15575232,sens-AN,-1,48,-1,3925724,motor-AN,RG-ITP
15575327,sens-AN,-1,1110,-1,7012280,motor-AN,sens-vtd
15576194,sens-AN,-1,-1,-1,15714173,sens-AN,sens-MN
15586536,sens-AN,-1,-1,-1,15717935,sens-AN,sens-MN
15587166,sens-AN,-1,808,-1,16547297,sens-AN,unk
15588691,sens-MN,-1,-1,-1,15788431,sens-AN,KC
15588800,sens-MN,-1,-1,-1,15997807,sens-AN,sens-AN
15589362,sens-MN,-1,-1,-1,15717736,sens-AN,sens-MN
15589411,sens-MN,-1,-1,-1,15714639,sens-AN,sens-MN
15592696,sens-AN,-1,-1,-1,15997666,sens-AN,sens-AN
15595607,sens-MN,-1,-1,-1,20812872,sens-AN,unk
15595823,sens-MN,-1,-1,-1,15699715,sens-AN,sens-MN
15595950,sens-MN,-1,-1,-1,15711289,sens-AN,sens-MN
15606918,sens-MN,-1,-1,-1,16448930,sens-AN,KC
15607180,sens-MN,-1,-1,-1,15700147,sens-AN,sens-MN
15609885,sens-MN,-1,-1,-1,2379529,sens-AN,unk
15612241,sens-MN,-1,-1,-1,17369376,sens-AN,motor-AN
15615042,sens-MN,-1,-1,-1,15716094,sens-AN,sens-MN
15615081,sens-MN,-1,-1,-1,15770032,sens-AN,sens-AN
15615589,sens-MN,-1,-1,-1,15716127,sens-AN,sens-MN
15615776,sens-MN,-1,-1,-1,9838294,KC-4claw,sens-AN
15617459,sens-MN,-1,-1,-1,9787859,KC-5claw,dSEZ
15618756,sens-MN,-1,-1,-1,3926669,KC-3claw,RG
15620606,sens-MN,-1,94,-1,4412315,KC-1claw,KC-1claw
15629241,sens-MN,-1,-1,-1,15673867,KC-4claw,sens-MN
15638742,sens-MN,-1,-1,-1,17736748,unk,dVNC
15638968,sens-MN,-1,-1,-1,19051631,sens-MN,unk
15639020,sens-MN,-1,-1,-1,8262503,KC-2claw,KC-2claw
15639171,sens-MN,-1,-1,-1,15673925,KC-5claw,sens-MN
15640893,sens-MN,-1,-1,-1,8055671,KC-3claw,sens-MN
15641926,sens-MN,-1,-1,-1,11671564,KC-6claw,sens-AN
15645825,sens-MN,-1,-1,-1,8248706,KC-3claw,KC-5claw
15651438,sens-MN,-1,783,-1,16445073,CX,LHN2
15652529,sens-MN,-1,-1,-1,15995360,KC,motor-AN
15653288,sens-MN,-1,-1,-1,16630385,KC,KC-2claw
15653432,sens-MN,-1,-1,-1,9808022,KC-4claw,sens-MN
15653927,sens-MN,-1,-1,-1,15674083,KC-1claw,sens-MN
15656435,sens-MN,-1,265,-1,8262302,KC-2claw,KC-1claw
15656826,unk,-1,-1,-1,9718223,KC-5claw,unk
15658013,sens-MN,-1,-1,-1,8263140,KC-4claw,KC-4claw
15671481,sens-MN,-1,-1,-1,1011675,KC-4claw,sens-AN
15672957,sens-MN,-1,-1,-1,5093516,KC-4claw,sens-AN
15673715,CX,-1,-1,-1,5712849,KC-2claw,unk
15736147,sens-MN,-1,504,-1,11691603,KC-3claw,KC-1claw
15743905,sens-MN,-1,-1,-1,12073881,KC-1claw,sens-MN
15746421,sens-MN,-1,-1,-1,2216131,KC-3claw,sens-photoRh6
15748726,sens-AN,-1,-1,-1,4518546,KC-2claw,KC-1claw
15762568,sens-MN,-1,8,-1,2204467,motor-VAN,LON
16115255,dVNC,-1,-1,-1,1400725,RG-ITP,sens-AN
16115501,sens-AN,-1,-1,-1,17500791,dVNC,motor-AN
16124048,sens-PaN,-1,-1,-1,8208555,KC-3claw,motor-MN
16267292,sens-photoRh6,-1,-1,-1,17736654,unk,dVNC
16341399,sens-MN,-1,-1,-1,14522124,KC-4claw,KC-5claw
16341507,sens-AN,-1,-1,-1,1347886,motor-AN,sens-AN
16341966,sens-AN,-1,-1,-1,15718275,sens-AN,sens-MN
16520950,dVNC,-1,1111,-1,16911458,motor-AN,sens-vtd
16625432,KC-3claw,-1,262,-1,8216541,motor-AN,dSEZ
16666673,unk,-1,905,-1,17223643,unk,unk
16850888,KC-1claw,-1,364,-1,9792178,unk,unk
16950798,CX,-1,88,-1,4400767,motor-AN,RG
17123466,unk,-1,414,-1,10563755,motor-VAN,RG
17248923,motor-AN,-1,397,-1,10378182,unk,dUnk
17298108,unk,-1,940,-1,17360070,unk,unk
17326213,unk,-1,1119,-1,17736641,dVNC,dUnk
17588623,unk,-1,996,-1,17736755,dVNC,dVNC
17698082,motor-VAN,-1,981,-1,17729347,unk,unk
17698086,motor-VAN,-1,963,-1,17557290,unk,LHN2
17951153,sens-AN,-1,1145,-1,15005403,dSEZ,dVNC
18084995,FB2N,-1,-1,-1,15998307,sens-MN,sens-AN
18231999,sens-AN,-1,-1,-1,17729418,unk,unk
18341449,unk,-1,1104,-1,8005609,sens-vtd,sens-vtd
18620885,sens-AN,-1,670,-1,15096548,unk,unk
18625446,sens-MN,-1,-1,-1,19120772,unk,sens-vtd
