,a5e-05,a7e-05,a0.0001,a0.00015,a0.00021,a0.00031,a0.00044,a0.00064,a0.00092,a0.00132,a0.0019,a0.00273,a0.00392,a0.00564,a0.00812,a0.01168,a0.0168,a0.02416,a0.03476,a0.05
0,1154,1154,1154,1154,1154,1145,1154,1154,1154,1149,1154,961,1136,1154,1154,854,961,1152,1148,1152
1,1145,1146,1145,1146,1146,1146,1145,1146,1146,1135,961,921,1140,854,1136,921,945,1149,1011,1150
2,1146,1145,1146,1145,1145,1153,1146,1145,1145,1136,1146,854,1154,1036,854,1130,1052,1138,1153,1151
3,1153,1153,1149,1153,1153,854,1153,1115,1091,1154,1145,1146,1108,1151,1151,1108,1124,1150,1152,1063
4,1108,854,1135,1072,1072,1091,1091,1103,1147,1145,1091,1145,1149,1063,1063,1151,1130,875,1150,1149
5,854,1115,1153,854,854,1147,1147,1102,1114,1146,1147,1108,1135,1149,1149,1063,1108,1148,754,1079
6,1115,1036,854,1115,1115,1114,1114,1091,1115,921,1114,1152,1152,1079,1079,1152,1151,1011,1149,1138
7,1036,1052,1115,1091,1036,1115,854,1147,1103,1115,854,1149,1138,1080,1118,1150,1152,1112,1138,1118
8,1148,1081,1036,1147,1052,1052,980,1114,1134,1103,512,1138,1151,1118,1152,1103,1150,1135,1146,1141
9,1052,1152,1152,1081,1148,980,843,1134,1149,1041,921,1091,1150,1109,1150,1041,1063,1052,1151,875
10,1152,1151,1081,1114,1152,843,1025,1149,1102,1102,1153,1147,854,1141,1135,1149,1149,1124,1079,1148
11,1151,1149,1151,1052,1151,1025,976,1135,1135,1091,1108,1114,1063,1108,968,1079,1138,1088,1118,1011
12,1149,1150,1103,1152,1149,976,832,1141,961,1147,1072,1151,1079,1088,1141,1138,1079,573,1145,1112
13,1150,1135,1150,1151,1150,832,927,1108,1153,1114,1052,1150,1118,1138,982,1118,1118,912,1147,1052
14,1138,1148,1054,1149,1135,927,963,1152,1108,1134,1124,1135,921,573,1108,1141,1135,1097,1141,1124
15,1135,980,1102,1150,1110,963,979,1138,1036,969,1036,1063,1141,1053,1138,1135,1141,1151,1088,806
16,1110,843,1139,1070,1103,1009,983,1151,1152,512,1053,1079,968,1135,1036,945,1036,1063,573,1060
17,1088,1025,1091,1110,1102,984,996,1150,1138,1153,1152,1118,982,1072,1146,1036,1053,1079,912,482
18,1139,976,980,1135,1088,979,1009,1079,854,854,1151,512,1145,921,1145,1052,1148,1118,1114,769
19,980,1070,843,1039,573,983,984,1153,1072,1143,1150,1141,1146,1146,1053,1053,1011,1083,1103,798
20,843,832,976,980,1091,996,926,854,1053,1072,1063,1153,1052,604,1103,604,604,1141,1115,274
21,1025,927,1070,1125,1147,926,995,1083,807,1108,1149,1072,1103,1145,1041,1145,1088,1036,1134,640
22,976,963,977,843,1054,995,847,1052,1052,1052,1138,857,1124,1153,604,1124,573,1053,1041,493
23,977,935,832,976,1114,847,925,980,604,1124,1135,1123,1115,754,1115,1146,912,978,1102,707
24,832,979,888,1025,843,925,994,843,929,1123,604,1052,1041,1091,1102,1115,1146,604,1091,842
25,927,983,983,832,977,994,95,1025,1124,1036,1103,1124,1102,1147,1091,1102,1145,857,1052,708
26,963,996,996,927,832,95,977,976,1148,807,1041,1115,1067,1115,1147,1091,1103,929,1124,621
27,935,1009,1009,963,888,523,888,927,1151,1148,1115,1036,1082,1103,1114,1147,1115,1146,1036,793
28,979,984,926,979,983,977,126,963,1064,887,1079,1067,1100,1102,1134,1114,1102,1145,1053,954
29,983,926,995,983,1081,888,1115,979,1150,1152,1134,1082,1104,1041,1143,1134,1091,1115,1037,993
30,996,995,847,1009,996,1054,1052,983,1067,1067,1102,1100,1132,1114,512,1143,1147,1102,604,859
31,1009,847,994,984,1009,314,634,996,865,1138,1118,1132,1094,1134,961,1082,1114,1091,929,706
32,984,925,927,996,926,270,935,1009,1037,1053,1143,1103,1091,1143,1083,1083,1134,1147,1014,1013
33,926,994,314,926,995,935,241,984,1100,1082,1067,1134,1147,961,875,1037,1041,1114,1076,918
34,995,95,963,847,847,126,523,926,981,1100,1141,1102,1036,1052,1153,929,1143,1134,1084,593
35,847,1053,925,925,994,634,314,847,164,604,1082,1041,1114,531,754,807,1089,1143,462,355
36,925,977,270,994,927,556,894,925,1132,1151,1100,1143,512,1124,1052,1148,720,807,592,886
37,994,888,1025,995,314,9,1005,994,1110,1150,1132,1053,1134,968,1124,1014,747,955,807,1145
38,95,1125,984,1054,963,438,243,95,928,1132,877,1083,1143,887,747,1084,848,877,866,1146
39,888,1110,935,95,925,1130,67,1067,1092,181,781,604,1053,901,1148,1076,595,853,728,1147
40,314,1088,979,977,270,1152,300,977,181,931,815,807,604,857,1011,1011,831,711,1051,1114
41,270,1103,95,888,1092,1151,987,832,1063,164,844,1116,1072,920,929,592,799,972,1000,1115
42,126,314,126,1130,1039,1150,956,888,714,1062,181,1065,887,807,807,728,951,793,1016,1102
43,556,1054,556,1148,1070,463,981,1081,894,714,867,781,1153,851,978,877,1032,593,1112,1091
44,1067,1139,1125,314,1130,241,456,126,1079,1035,971,1148,1116,1023,1016,1089,506,954,1066,1134
45,634,270,634,1031,1125,1005,1054,1070,594,594,531,981,781,848,1112,1064,1059,848,882,479
46,1053,126,1052,1139,1108,243,337,1100,1080,644,164,986,1065,772,1064,848,875,595,567,406
47,1100,556,438,270,1138,544,490,1132,987,730,773,1064,986,950,886,993,993,831,1064,377
48,1031,634,241,935,1067,67,270,1125,1062,531,970,1110,1083,595,972,595,806,716,482,1016
49,438,1031,523,126,1100,1072,419,634,1035,978,807,867,901,831,865,831,954,349,501,895
50,713,438,1005,438,1053,1108,556,1148,906,410,887,928,877,1083,1037,859,707,322,535,386
51,1081,1005,463,463,1031,956,758,935,644,981,714,1075,1059,1148,993,713,793,721,769,866
52,241,463,481,241,1139,981,472,995,1118,968,901,845,806,1064,859,479,1021,1021,798,783
53,523,241,1092,523,980,1036,438,241,730,1110,594,1127,961,993,1014,769,896,869,1059,1059
54,956,481,1063,1005,1134,1110,544,523,531,1092,868,810,807,859,1059,1059,355,329,707,450
55,1005,523,1039,243,1025,1092,959,1124,410,1063,730,971,971,1037,1076,806,828,1059,806,973
56,463,1102,1130,956,976,1039,138,1072,608,1079,1089,970,815,1059,806,707,222,164,896,792
57,981,1092,1089,544,984,1031,710,1088,1089,1080,1028,665,773,806,1013,1066,744,714,640,853
58,781,1091,1147,337,935,894,452,981,968,94,899,916,970,707,1051,640,804,594,445,885
59,1092,1089,1079,959,979,490,500,713,1141,1118,916,910,916,1014,783,842,869,730,450,1066
60,1070,848,243,67,95,959,1062,1110,848,1141,914,580,713,1066,713,1051,1060,94,842,882
61,1089,1039,1053,490,126,1128,505,928,868,608,910,164,910,482,805,482,859,806,493,567
62,1125,1130,544,1128,523,419,681,769,94,868,928,181,993,998,479,998,866,713,793,289
63,1039,1072,67,1108,556,481,344,1059,1050,693,845,1057,1148,713,1060,1013,1066,805,708,242
64,243,1147,1108,1138,634,138,1035,1039,993,932,580,594,769,479,769,567,998,993,386,445
65,848,1083,1148,481,438,987,90,1054,1044,1116,894,714,859,406,383,708,1010,896,355,863
66,769,573,848,138,463,1062,9,894,1059,1089,1057,730,640,769,640,875,1037,355,954,711
67,337,1059,1138,1036,243,1035,1110,314,1083,1028,987,1048,1013,640,798,501,1014,828,713,557
68,1083,1050,1114,1064,241,758,72,1130,781,1059,1062,531,1051,793,707,793,1076,222,993,603
69,490,243,1083,1142,1005,644,106,1005,1076,707,1035,293,954,875,842,622,882,744,859,923
70,419,1114,781,1121,544,1142,644,243,815,806,644,886,1084,842,896,491,592,804,1021,657
71,758,544,1067,14,67,300,1092,67,986,896,848,1062,707,1051,1071,798,567,1060,706,392
72,1059,67,986,556,697,710,953,1062,844,961,1075,1035,842,929,866,621,978,859,320,631
73,1054,1108,1134,419,956,1121,1072,1036,1117,1060,410,644,875,1013,450,989,929,706,869,692
74,1130,1138,815,1067,337,610,1124,1035,806,848,1083,993,338,491,1010,433,858,1013,828,220
75,815,1067,1100,758,981,953,410,644,713,713,94,410,164,805,1066,406,211,834,222,286
76,544,1134,1132,1103,490,410,1039,300,657,479,968,859,853,1076,364,377,575,1051,744,468
77,959,894,956,1134,959,920,387,456,939,406,595,968,1030,1021,885,543,542,707,804,185
78,894,1100,1059,1102,1128,962,1130,337,769,769,962,94,1112,798,835,493,1064,908,622,416
79,67,993,1050,1100,481,387,763,410,867,640,1123,338,714,1011,577,1016,884,479,370,361
80,452,987,844,1132,419,763,1152,270,1081,842,1148,1059,594,896,355,896,1093,406,1013,475
81,300,781,526,1053,758,452,1151,556,798,1051,1128,1037,865,593,482,593,865,320,491,646
82,472,707,452,981,138,500,463,548,1075,1083,981,707,730,708,501,450,769,622,557,2
83,500,956,993,894,799,681,1128,1031,1127,593,1110,1014,866,621,793,535,640,769,621,383
84,681,1014,981,1088,452,472,481,438,1070,875,1092,866,94,433,882,973,842,798,377,125
85,456,1142,867,799,300,1148,610,956,857,929,953,1066,479,1071,954,805,798,274,908,439
86,505,986,894,920,1089,344,1150,544,971,1013,932,482,828,355,998,1071,783,491,973,509
87,344,1062,337,1037,500,1053,1108,490,1125,445,216,998,1066,450,406,1010,450,377,852,171
88,9,1035,1110,987,710,1149,1149,959,707,865,608,806,972,954,828,364,885,1000,1071,1078
89,548,337,490,452,681,1068,1067,419,896,943,1039,567,1037,1010,1021,577,383,852,343,578
90,244,1121,419,300,472,1138,1100,758,1014,1050,1054,978,998,828,320,954,289,1022,1010,960
91,1072,490,300,1062,868,1123,1138,138,640,1039,1130,713,929,377,445,355,242,1066,364,562
92,138,400,500,1035,505,1089,839,472,773,1054,1055,1051,1014,222,377,828,364,640,865,1103
93,1142,981,987,710,920,1067,1036,452,1071,781,1116,875,896,744,222,160,482,482,835,348
94,987,14,1076,712,1050,1103,1103,344,1084,1130,810,896,1071,274,744,1021,835,621,783,862
95,1062,712,681,634,848,1100,1134,500,1051,815,1031,1076,1010,1060,274,222,577,842,577,958
96,710,419,1142,387,894,1134,1102,505,842,773,693,355,406,567,567,744,501,450,360,940
97,1121,1018,1035,500,1062,839,764,681,1066,986,1050,882,1076,1016,731,1000,1013,567,171,750
98,1035,1066,707,681,987,1102,1063,9,841,970,943,972,355,493,493,908,479,493,139,1041
99,400,815,1121,839,1142,604,1079,710,482,911,853,1092,377,866,708,852,406,708,731,801
100,644,758,400,529,1035,848,962,244,593,916,993,1080,882,973,1084,706,274,1016,301,921
101,219,346,1014,400,1121,764,14,90,355,657,872,608,1016,364,973,972,708,885,1030,417
102,1128,452,14,472,400,1063,1031,72,708,910,1065,383,567,918,535,343,713,386,160,982
103,90,300,1066,1092,14,1079,759,106,954,993,859,479,798,865,386,462,320,557,513,292
104,233,959,1018,1050,548,1006,712,987,1039,901,682,929,783,783,622,513,706,866,99,821
105,986,500,896,573,1018,853,440,463,970,772,1048,865,1064,853,592,1060,622,973,941,651
106,799,681,529,1089,1059,991,548,1128,828,595,665,501,450,885,491,262,491,383,936,881
107,156,472,344,1063,644,1088,982,962,916,831,1059,793,973,383,621,274,437,289,578,84
108,72,1128,806,644,527,1083,28,387,859,716,806,406,1011,187,989,882,557,1071,933,245
109,106,1004,678,764,1083,1080,215,839,998,828,293,954,364,503,433,320,377,1076,958,34
110,410,529,961,410,1004,1139,1068,1092,1013,1031,713,769,805,289,543,1030,621,1010,163,255
111,962,138,959,1079,604,337,76,763,972,972,479,640,238,557,557,63,731,1064,978,151
112,230,710,527,344,344,400,1118,481,1054,1076,406,1071,885,835,706,869,493,886,766,709
113,953,644,1004,1059,410,14,807,610,1130,1071,1060,798,383,577,462,445,1016,1037,919,879
114,235,799,604,1068,456,440,844,28,777,355,1006,989,1000,731,437,978,386,1014,940,944
115,1124,920,718,1018,244,456,1123,759,1010,798,769,433,482,439,728,919,445,364,834,24
116,481,896,482,781,90,505,1141,764,858,857,991,1013,289,89,1030,792,360,882,1022,104
117,387,806,456,962,72,969,17,953,1030,1084,469,450,918,882,160,804,1084,865,211,661
118,839,527,713,1118,1124,1118,143,1063,575,1014,1080,1084,835,501,1000,301,462,835,1093,277
119,1018,344,498,868,9,548,1089,14,988,1030,740,1010,577,869,908,834,370,783,575,698
120,763,1068,505,1123,106,244,848,712,377,1010,1076,828,708,535,262,941,439,577,1017,1086
121,14,456,790,986,962,90,1006,707,783,1011,1043,1030,493,706,63,1022,509,439,695,1090
122,610,604,802,815,387,72,1053,1068,450,377,640,377,1021,320,852,437,444,731,799,1074
123,764,410,9,1141,610,106,527,806,1031,1016,798,493,557,445,343,780,886,509,951,256
124,1063,498,758,707,839,294,294,896,567,1064,1084,973,222,915,919,862,973,501,1032,381
125,16,790,138,1014,763,1081,867,961,885,1112,707,1011,731,386,439,940,171,1084,1038,79
126,680,1105,710,848,764,16,906,640,793,866,842,805,501,420,89,936,535,171,727,195
127,212,844,1105,1066,712,28,604,1123,493,1066,875,1021,793,238,360,750,139,437,792,124
128,28,718,1062,1083,1063,215,781,1089,973,805,1038,222,621,360,509,1017,807,462,688,158
129,440,340,1049,527,1068,712,1148,1051,1011,482,857,744,744,272,370,923,1051,592,1139,56
130,712,961,1072,790,1079,1070,1083,932,1016,793,1013,274,274,509,603,1092,1071,728,1142,32
131,1068,1095,644,1105,953,190,595,440,898,211,1051,1060,439,886,171,1006,1000,301,1121,5
132,498,505,1026,1049,1118,76,697,846,1112,1093,716,842,908,242,242,991,908,535,400,87
133,718,865,1128,604,781,932,932,215,805,918,596,708,592,157,933,469,852,343,426,12
134,215,548,410,1026,1123,943,1116,1055,990,783,680,1016,706,1062,163,1080,301,160,1004,70
135,6,482,472,1015,16,846,943,875,1021,1037,1003,1112,535,1035,766,1112,972,242,819,616
136,1004,697,953,993,1141,1055,846,76,884,998,969,706,320,644,513,969,343,656,800,423
137,76,244,548,1076,1006,17,1059,1116,222,853,338,462,386,895,211,918,160,445,1018,206
138,426,90,769,896,440,1125,1055,17,557,567,1014,535,852,410,139,1072,1030,147,588,487
139,1079,9,799,844,28,1132,806,1006,695,559,1011,320,728,1084,578,1128,1112,63,645,1081
140,588,106,244,1004,215,1141,713,294,744,493,896,885,445,622,862,181,919,256,715,1070
141,529,962,90,383,807,1124,769,143,1060,708,503,804,886,955,940,216,513,864,752,529
142,516,16,962,964,932,1116,707,377,1000,1021,1030,386,343,462,696,608,941,1078,700,498
143,645,72,1123,806,76,759,896,1071,978,973,355,364,990,592,936,895,780,732,641,1125
144,715,610,72,907,707,143,1132,1016,980,1000,377,918,622,370,834,1144,578,717,753,790
145,806,387,920,961,806,807,640,1076,843,557,1071,835,160,444,750,693,792,703,903,1105
146,17,28,541,482,17,707,842,798,1025,596,1016,783,63,804,958,1081,805,115,837,1049
147,790,932,932,456,713,1059,875,450,976,886,931,577,360,877,1022,1070,834,318,776,1026
148,1105,6,106,865,769,806,961,857,832,711,920,731,509,1030,444,529,1022,370,202,1015
149,1049,953,387,505,896,713,1051,853,927,919,865,869,603,1000,792,1125,1017,360,479,659
150,700,1124,610,713,640,896,968,929,963,882,1010,834,171,908,1017,790,768,933,506,751
151,844,713,712,90,1084,769,872,1084,1009,858,1112,622,1062,972,614,1105,880,163,722,760
152,707,1116,1068,9,842,961,993,842,984,621,1064,437,1035,63,323,1049,975,766,723,601
153,640,763,6,763,986,640,859,991,979,575,866,754,978,852,895,1026,862,139,440,1108
154,346,839,839,953,961,875,1013,190,983,450,1066,1000,644,139,768,1015,696,62,543,883
155,1026,503,1116,932,1116,6,986,1080,996,1033,972,592,242,768,1093,647,940,47,141,871
156,1015,1123,1124,759,143,1071,377,993,926,988,482,908,834,1112,880,747,936,578,955,701
157,759,426,16,943,875,529,1081,1118,995,792,783,1089,1022,880,975,1110,750,444,593,1107
158,197,1006,763,440,1071,790,1070,859,847,364,1037,491,370,716,955,961,958,614,322,1002
159,705,769,503,807,865,1105,853,1014,925,829,882,557,862,834,869,1116,923,1092,427,937
160,903,440,680,548,1051,1049,991,1010,994,1081,450,301,696,975,780,1065,863,1039,406,817
161,213,640,1088,340,1016,1015,1071,866,95,238,998,160,936,356,593,1031,1092,1006,437,1027
162,753,224,28,244,777,781,1080,1112,977,898,929,621,933,596,923,890,1006,991,147,947
163,837,219,426,697,1014,1026,1125,885,888,1070,567,852,958,711,918,759,991,1080,750,1101
164,175,588,224,106,866,865,1016,1064,314,1125,493,728,163,349,1110,844,1080,881,780,604
165,207,764,1031,72,853,1051,818,1066,270,529,885,513,919,582,894,928,895,1033,805,890
166,875,156,516,1116,858,1050,971,482,935,990,793,262,139,437,1062,867,969,1061,788,1110
167,123,516,588,610,575,986,1088,1037,126,849,708,445,410,788,1035,845,656,1077,674,1089
168,932,645,440,769,6,815,815,998,634,1105,973,1017,511,723,644,1057,256,1028,124,1092
169,842,215,645,640,943,1014,928,567,438,884,364,370,578,418,987,1127,844,960,158,608
170,1044,1049,810,503,991,777,164,1013,1005,1049,805,343,940,600,410,810,867,1046,251,1039
171,307,212,715,355,190,1018,1010,409,463,1026,238,941,923,613,1092,1075,781,895,316,1006
172,149,230,807,846,1080,858,1064,781,959,1015,989,919,444,728,763,665,971,211,50,991
173,218,76,764,777,759,575,529,708,241,754,433,1022,895,513,608,580,815,858,98,469
174,1051,1015,700,1124,1066,988,1014,973,481,771,1021,1039,1060,780,1089,293,773,771,32,1080
175,1116,197,215,215,1076,1066,790,1011,523,899,274,1054,211,911,1006,451,970,770,248,969
176,1095,1026,1015,575,846,1076,1105,364,243,914,1000,792,792,441,469,894,916,532,30,1130
177,807,846,943,954,1055,798,1049,844,67,1006,557,1130,711,147,1031,133,986,1093,346,928
178,1123,759,846,708,503,503,1026,1050,956,469,978,1031,768,838,853,1029,910,1050,197,867
179,920,715,1006,829,209,340,1015,986,490,665,211,927,754,733,991,872,705,777,219,1075
180,943,753,76,875,355,697,866,918,962,897,575,959,880,946,1080,853,453,575,233,810
181,846,213,851,1051,815,1084,1066,865,14,844,990,980,975,343,759,885,803,988,156,845
182,142,700,469,802,1132,355,482,711,419,885,711,843,1017,663,711,386,584,695,230,580
183,526,175,640,520,808,842,1037,867,556,928,542,1025,863,177,409,383,583,542,213,1057
184,802,875,17,828,818,844,865,835,758,383,858,976,1050,141,962,289,928,420,307,665
185,867,903,143,622,795,740,998,777,300,242,988,832,614,559,969,865,1127,157,235,293
186,1006,802,1051,269,1010,866,810,783,138,835,383,963,988,721,915,187,810,692,218,451
187,810,837,1065,859,928,1010,1065,858,710,439,884,979,1144,260,932,242,1048,220,207,1029
188,143,207,1071,988,844,1011,596,810,472,603,451,983,766,301,1116,863,1033,898,203,1048
189,1048,123,853,1013,802,1064,969,575,544,696,388,1009,884,322,1050,835,918,884,175,966
190,1065,1063,954,1071,867,678,1050,1048,452,577,1093,984,1046,329,810,731,665,286,123,1127
191,954,740,875,867,224,1043,1048,990,500,592,695,996,962,649,1065,924,889,473,149,870
192,117,526,991,1021,469,482,714,740,456,501,289,847,1093,891,943,783,677,238,58,1036
193,1050,233,453,798,810,775,730,542,337,867,918,925,1123,603,988,1048,949,990,291,956
194,964,1079,1080,1084,1064,783,1076,1043,681,894,473,994,869,171,1048,557,669,103,414,959
195,1014,209,740,842,529,1037,1021,969,344,954,1033,95,491,427,675,439,784,849,405,764
196,340,469,906,1010,482,1004,1142,988,505,222,771,977,915,656,637,596,742,418,154,1053
197,697,867,759,866,1037,998,798,906,548,728,835,126,323,99,682,509,906,431,212,759
198,1021,17,340,864,1048,450,783,898,90,810,577,758,857,160,680,920,285,1153,476,16
199,896,1043,971,1011,1065,885,1139,884,9,731,731,634,981,124,1003,711,1007,754,75,506
200,961,818,1043,998,989,799,1121,383,72,989,754,556,1110,862,884,582,762,1089,142,247
201,453,307,1118,1006,498,567,857,577,106,433,501,523,181,696,658,838,965,1031,234,339
202,906,678,697,678,790,224,400,501,387,744,543,472,1092,936,515,733,856,474,304,920
203,971,149,989,224,1021,469,1018,493,610,1017,439,888,1054,256,359,987,738,611,117,135
204,1117,928,657,469,1105,498,799,695,763,1075,955,935,1130,614,415,886,948,224,412,503
205,1071,235,219,346,798,409,190,972,839,1065,593,926,608,933,531,866,841,469,53,872
206,362,218,931,209,988,708,450,793,28,906,908,438,531,958,857,177,1028,409,165,904
207,657,1071,1141,740,740,426,920,882,440,971,954,243,1031,323,901,649,1040,518,271,733
208,866,1075,922,1043,864,588,777,971,215,845,782,241,844,578,666,962,771,579,145,224
209,993,777,383,17,1043,645,929,164,764,580,420,544,1089,1022,887,603,899,540,57,394
210,414,142,1021,718,851,715,567,678,712,1127,788,67,928,863,804,171,914,13,276,420
211,527,657,865,989,678,753,868,1075,76,1057,706,419,848,338,848,157,957,375,192,272
212,412,25,156,143,1075,851,1084,1053,1006,293,828,956,851,989,363,696,861,483,299,157
213,405,858,828,219,931,700,1028,714,294,1048,851,452,595,262,782,338,357,129,519,401
214,604,1076,247,853,319,688,1004,594,953,908,1023,138,1023,298,595,732,942,265,201,550
215,1076,1016,798,498,734,835,678,954,853,451,869,300,867,163,374,740,1061,23,137,564
216,853,807,190,818,433,867,988,535,991,535,222,710,1075,941,851,477,770,934,118,467
217,224,155,319,680,783,383,708,730,190,859,744,500,845,978,135,668,586,902,131,946
218,469,518,753,16,450,1021,973,807,17,274,535,995,1127,919,474,952,1077,1056,258,576
219,1066,294,1084,882,998,577,718,1065,1068,955,320,314,810,1017,510,1043,985,1045,188,404
220,828,798,842,233,993,346,1011,828,1128,706,386,681,1006,1116,596,536,1116,1087,449,679
221,154,1084,374,156,453,493,1030,829,932,869,242,344,991,845,503,89,1065,1094,527,635
222,851,842,708,928,906,903,364,1021,846,320,886,456,665,810,772,931,1083,1109,170,725
223,383,414,212,6,971,501,740,869,216,950,272,1005,1080,665,356,974,890,598,486,496
224,209,680,622,28,828,837,918,848,1116,386,157,337,580,792,716,1050,657,829,311,494
225,678,575,222,76,567,993,711,222,866,782,622,490,469,580,349,238,631,1103,140,177
226,798,143,119,426,657,219,705,845,1055,877,437,505,293,1065,950,777,392,1041,38,667
227,737,412,491,230,885,156,477,622,364,622,462,90,1057,293,582,827,678,897,217,64
228,989,117,621,1075,835,682,754,592,810,462,864,9,843,931,624,864,692,561,225,945
229,234,405,209,518,882,516,1043,716,143,804,768,106,935,974,723,821,632,422,638,1119
230,1084,1010,433,247,665,828,1075,665,1065,370,592,72,440,940,831,360,220,648,861,887
231,808,783,213,991,972,818,1044,6,759,834,915,270,969,750,298,370,286,494,183,1088
232,818,853,641,119,383,212,858,1142,918,437,804,481,473,211,788,933,745,590,312,573
233,304,247,25,190,762,230,1112,1139,829,491,491,387,1048,923,418,163,602,258,893,912
234,734,991,233,235,501,972,1095,580,835,852,772,440,989,1029,141,139,761,676,1012,653
235,319,1037,623,588,718,882,775,1121,383,721,349,215,433,1050,598,47,172,527,395,962
236,482,190,688,497,426,928,845,400,845,301,621,463,543,988,647,444,1126,767,671,535
237,708,989,818,516,793,197,1117,529,577,915,852,548,955,990,600,958,1075,51,107,656
238,222,810,859,715,954,1075,626,799,665,343,582,28,462,766,613,614,808,311,100,1123
239,622,1080,720,25,680,810,657,1018,882,160,950,610,262,898,721,211,643,597,125,932
240,416,931,1013,645,627,535,575,498,580,171,834,763,593,20,350,1093,913,893,48,943
241,491,491,928,212,222,213,355,426,501,1022,723,839,804,884,911,988,900,1012,46,682
242,621,998,1075,458,247,793,939,1004,955,956,600,14,716,1093,191,858,1110,801,605,915
243,814,473,845,319,744,1065,829,503,875,927,89,764,772,451,368,575,989,1085,454,549
244,433,621,1048,700,708,175,600,790,293,959,728,294,831,962,260,447,433,830,606,448
245,859,988,230,753,535,954,885,588,706,980,513,76,349,782,441,898,262,662,424,517
246,729,1065,777,688,859,207,773,1105,901,843,445,190,437,1123,147,990,543,746,36,253
247,155,567,235,197,965,906,835,645,462,977,780,712,418,473,301,542,593,891,282,446
248,165,868,346,903,1013,218,383,1049,869,452,880,953,600,103,559,884,857,559,181,515
249,675,355,665,837,955,971,665,1015,804,1025,418,17,911,231,108,473,932,351,264,415
250,36,374,988,213,588,657,841,1026,908,976,975,846,147,205,322,388,943,260,315,109
251,627,254,627,207,516,622,501,752,872,832,911,143,987,511,329,103,845,1048,531,639
252,476,319,903,307,645,222,577,872,772,963,838,1068,721,849,99,766,580,819,663,624
253,247,708,808,218,752,123,580,715,595,935,441,1055,613,932,124,849,1057,385,552,612
254,991,154,795,175,1049,233,493,293,831,888,147,759,740,943,345,695,293,539,127,210
255,809,433,580,294,1011,859,989,491,920,979,831,1128,559,981,4,1038,1029,92,279,691
256,552,829,682,1080,1026,845,970,753,716,983,733,16,1043,1110,941,727,682,379,259,321
257,190,1118,675,123,978,1013,828,557,596,996,370,680,329,1092,351,1046,1031,982,148,957
258,374,119,518,222,706,491,498,527,711,1009,946,1003,891,1048,732,680,759,359,413,186
259,392,581,479,149,869,149,6,604,969,984,301,1006,260,608,1033,768,1039,878,120,357
260,53,641,837,810,911,665,938,700,451,926,343,247,931,1089,930,880,474,735,44,263
261,518,234,197,453,374,557,882,621,535,995,177,862,750,1039,891,1003,782,460,468,205
262,401,304,207,414,715,235,972,920,320,925,99,135,427,1054,656,975,637,672,430,910
263,127,845,307,491,720,412,622,688,1028,241,160,853,656,1006,427,1153,680,748,475,861
264,119,453,809,142,705,580,793,1000,950,847,262,991,932,469,877,754,247,823,562,930
265,682,165,218,117,622,307,16,657,1048,994,603,360,974,1130,502,851,288,84,210,873
266,394,196,175,405,915,414,954,931,386,95,696,211,231,1031,256,1023,1003,86,357,981
267,641,665,294,665,219,142,222,903,529,523,649,987,943,927,740,485,339,348,208,953
268,135,476,123,254,700,621,426,978,790,126,936,451,1039,544,454,932,722,470,549,1055
269,409,808,406,154,233,1048,931,837,886,314,1022,439,956,956,338,675,374,128,78,252
270,740,580,149,234,1015,405,978,224,622,634,360,596,980,959,477,531,565,403,365,164
271,477,36,414,621,753,772,588,219,1105,1005,509,711,1025,963,210,955,658,245,254,3
272,180,1048,142,304,119,675,897,233,1049,243,721,962,976,926,1043,901,675,393,624,594
273,1080,552,412,433,682,989,592,156,592,544,923,1050,832,847,845,782,150,167,691,714
274,872,675,570,641,641,234,645,230,1015,300,171,216,963,994,703,637,673,144,134,730
275,1043,53,734,906,25,319,491,235,1026,67,298,988,983,925,536,772,135,664,321,94
276,264,279,826,165,658,515,805,469,834,337,792,603,1009,387,668,716,510,555,957,622
277,1010,127,117,955,675,433,621,451,582,490,933,171,634,67,115,943,191,726,186,491
278,1013,732,751,479,688,476,715,675,877,500,958,884,927,710,931,349,350,195,416,15
279,25,430,430,869,581,304,319,1028,437,681,163,696,984,763,974,682,788,507,155,376
280,931,409,451,476,479,955,752,346,943,419,941,543,979,344,1046,303,376,533,632,1139
281,1118,148,196,1065,570,706,1060,247,864,456,495,1093,926,953,693,950,531,283,745,1142
282,294,181,405,581,903,869,433,473,491,344,766,872,996,846,549,658,950,408,602,1121
283,868,416,1030,406,156,36,543,516,740,505,727,593,925,991,109,515,345,178,361,400
284,939,477,473,971,406,449,753,212,852,9,919,242,847,1055,318,857,702,358,2,426
285,44,180,476,535,230,552,557,754,621,270,1017,936,994,759,691,549,351,489,172,1004
286,430,293,355,915,196,53,955,197,1022,556,614,933,95,138,3,374,723,749,646,1018
287,637,264,254,657,235,915,869,119,1142,758,658,958,523,969,665,363,716,347,628,588
288,928,183,552,1048,320,415,744,394,1121,138,356,578,544,872,133,510,853,200,796,715
289,196,531,637,552,497,127,728,641,1139,710,940,848,977,682,580,624,666,325,778,645
290,845,44,154,808,477,887,1000,25,242,472,656,772,452,680,293,350,349,184,809,753
291,279,637,416,931,751,680,134,213,400,244,930,595,888,1003,639,723,596,354,734,700
292,665,795,377,112,626,264,430,196,600,90,613,740,126,658,321,503,711,41,392,641
293,468,943,234,416,491,247,224,175,1043,72,559,969,556,515,357,298,911,333,1,202
294,503,734,1010,675,837,374,469,207,931,106,323,1043,243,675,952,1033,582,68,755,903
295,1037,363,304,637,212,477,181,307,728,438,329,950,419,456,1029,600,872,43,660,837
296,777,632,1016,762,518,931,877,497,911,962,1081,716,758,980,946,613,441,153,397,800
297,363,851,409,734,826,394,908,218,473,387,750,782,995,843,838,721,600,74,296,688
298,580,682,155,374,294,720,216,420,498,763,1070,119,314,1025,451,191,368,102,724,776
299,479,745,165,377,1044,119,852,123,1018,463,891,675,67,976,473,109,108,37,633,752
300,1075,627,783,632,213,641,675,276,6,1128,139,637,300,977,920,639,99,255,504,1021
301,181,141,632,183,743,570,608,149,799,481,1125,349,344,452,231,788,503,236,889,896
302,1141,515,745,1016,346,288,535,142,1004,839,256,503,1005,832,183,141,946,585,949,869
303,406,650,392,682,451,279,706,414,754,1142,529,227,490,979,612,329,147,694,742,722
304,1103,809,602,745,307,25,462,291,426,764,1078,600,456,888,619,915,838,417,285,828
305,1102,772,658,705,557,581,531,117,732,1121,578,89,505,983,733,612,733,330,1007,222
306,608,392,1112,855,197,196,262,479,588,610,790,911,500,1009,485,231,647,709,808,744
307,355,602,145,814,175,176,593,405,645,1139,1105,723,681,984,495,415,613,421,643,273
308,1091,21,515,737,1095,259,802,406,715,440,1049,368,90,996,663,930,901,1131,913,6
309,377,145,401,627,207,148,293,720,1033,548,1026,441,72,995,471,891,177,401,795,497
310,998,273,208,965,218,180,804,154,771,215,1015,147,9,95,719,418,721,394,938,55
311,141,208,135,658,123,44,637,570,753,953,260,923,270,126,530,911,603,404,905,499
312,1016,608,36,809,473,637,409,826,915,400,974,163,472,634,224,559,931,1073,907,647
313,1147,497,53,1044,149,21,864,805,688,28,717,766,106,523,272,441,141,967,836,747
314,531,1126,127,134,414,173,915,412,700,846,675,139,438,314,227,147,260,824,542,819
315,473,450,288,515,142,458,911,1060,930,14,720,831,959,1005,365,946,322,1113,520,674
316,293,646,474,415,377,273,680,458,675,991,956,825,387,490,186,887,915,272,687,699
317,988,451,279,392,412,271,851,915,1078,76,688,931,241,419,303,260,124,920,146,968
318,658,131,772,720,117,497,772,943,903,190,498,298,463,505,904,322,1054,774,964,719
319,865,1055,21,375,405,10,716,430,717,543,959,940,481,300,401,356,515,550,402,892
320,515,10,180,430,476,55,831,254,119,712,1139,684,215,337,550,99,415,187,326,407
321,990,55,131,939,254,826,437,600,224,1018,1142,614,710,500,177,427,772,564,232,802
322,857,782,10,783,515,479,247,751,641,17,1121,699,763,681,649,124,119,467,313,170
323,1114,1132,550,395,154,96,244,728,479,987,400,955,839,935,378,656,298,666,268,436
324,783,658,183,412,552,420,219,234,837,1068,1018,613,764,90,26,263,663,596,380,525
325,1134,1064,91,155,234,97,156,304,469,1004,980,901,294,9,309,205,4,600,459,411
326,474,1141,273,570,304,291,516,682,516,216,843,141,548,72,560,256,471,911,685,168
327,772,828,497,36,415,776,230,165,346,426,1004,322,138,556,511,345,21,442,572,189
328,450,1051,415,196,36,752,212,36,776,588,1025,946,190,758,187,323,719,305,652,820
329,1055,885,162,53,53,162,503,515,219,645,588,838,28,106,263,561,454,582,495,435
330,907,906,581,450,809,705,213,100,752,1055,976,915,610,270,205,811,887,368,378,850
331,21,859,450,851,165,794,233,94,156,759,977,473,14,481,822,717,451,513,388,1001
332,1132,595,176,176,176,249,235,181,230,715,452,920,76,438,873,703,473,441,26,553
333,520,624,866,751,416,290,374,416,212,920,832,224,712,28,739,115,183,108,309,922
334,929,835,264,127,134,569,451,989,197,224,927,851,953,243,1027,318,612,780,1027,396
335,254,971,998,401,392,15,950,216,782,143,963,721,17,440,394,554,227,99,667,366
336,10,1013,173,279,401,468,782,632,213,753,935,329,846,241,420,62,89,1030,922,816
337,567,1033,567,772,127,744,119,183,175,401,888,750,143,215,564,578,904,941,822,33
338,535,1021,55,21,621,406,682,608,207,119,979,891,1055,463,157,422,649,936,873,93
339,493,773,96,602,135,377,658,319,244,394,983,427,759,190,467,824,418,946,719,670
340,1064,1061,892,794,279,543,25,745,123,25,1009,877,1068,610,289,351,728,124,209,282
341,786,699,259,826,973,685,394,433,233,294,984,401,1128,839,404,1139,356,576,396,999
342,706,479,148,135,183,117,515,543,149,550,634,25,216,764,667,1142,338,838,739,526
343,885,383,493,595,368,154,581,955,406,420,996,581,872,14,576,1121,485,733,560,537
344,955,762,97,145,386,751,196,476,235,157,243,550,119,294,774,400,231,919,553,389
345,869,501,872,550,264,274,346,593,394,641,995,187,699,76,494,1018,26,863,366,812
346,557,955,973,148,550,1016,497,552,307,564,925,394,503,472,305,426,530,945,1020,1020
347,328,964,858,409,364,430,420,877,25,740,241,666,1081,548,863,1004,365,1017,1058,909
348,386,869,1011,567,430,320,157,706,218,680,926,420,451,712,981,819,378,927,981,718
349,632,406,706,208,259,181,700,53,142,768,847,272,224,17,879,588,309,544,252,541
350,745,907,647,477,148,978,415,355,420,666,994,157,401,143,944,645,1027,792,760,1042
351,973,705,1064,180,181,216,395,782,414,880,95,467,1070,543,953,715,933,1110,601,278
352,575,922,1037,249,637,386,176,462,291,903,126,582,25,1068,1039,700,163,956,1050,521
353,451,911,885,493,394,165,207,908,196,975,419,289,394,6,1054,753,619,959,988,428
354,364,737,575,264,409,608,10,637,439,851,314,238,420,415,956,641,495,764,238,111
355,918,965,364,363,968,531,307,415,117,675,1005,509,272,247,1130,688,217,846,898,1096
356,835,1044,918,699,216,293,276,238,405,637,67,564,157,581,959,903,511,1035,879,514
357,754,901,835,973,180,254,683,744,476,409,300,418,1125,119,1055,570,560,1062,884,931
358,273,535,557,96,608,445,473,851,254,498,337,559,227,244,843,837,667,644,944,244
359,795,915,100,706,531,808,794,320,154,349,490,576,529,196,980,800,739,763,473,196
360,915,415,683,259,363,631,249,680,552,247,456,404,89,176,832,826,303,410,990,97
361,782,1028,857,872,918,416,96,581,234,516,270,780,790,637,1068,776,263,759,103,10
362,650,386,577,911,872,626,641,445,637,790,758,863,1105,227,1025,752,205,872,849,440
363,602,950,181,625,838,208,688,386,497,581,556,733,1049,97,927,774,766,962,431,141
364,183,968,794,368,624,632,720,176,682,6,438,768,1015,374,979,202,974,1128,514,989
365,145,96,595,290,737,134,479,279,304,458,138,880,1026,10,983,331,921,181,532,319
366,829,877,458,181,474,745,368,127,658,374,710,495,16,471,996,305,894,216,229,284
367,185,683,216,288,663,518,570,852,515,196,472,1081,799,21,925,15,699,608,240,433
368,208,720,608,173,141,392,406,148,165,319,500,975,581,249,95,840,987,808,371,262
369,497,570,501,608,471,201,458,97,680,284,523,1070,951,173,1009,662,962,632,372,543
370,415,288,762,97,814,699,838,208,349,10,681,663,1032,191,984,348,740,913,765,96
371,887,162,1055,845,772,401,320,363,788,262,544,177,458,599,126,506,1046,976,985,80
372,131,299,320,216,21,152,837,887,36,720,344,1125,441,683,523,673,477,610,851,1054
373,550,520,911,474,10,565,290,794,503,682,505,649,920,224,556,376,210,643,1023,119
374,420,771,776,1055,939,169,288,374,513,570,90,719,946,401,634,292,553,1126,716,298
375,805,688,368,152,595,968,903,911,445,515,9,932,904,16,758,460,425,1025,600,231
376,272,449,732,885,91,973,386,141,416,273,72,529,550,135,243,385,536,979,329,227
377,1060,176,752,580,249,451,202,288,745,497,106,790,467,474,472,539,133,758,891,89
378,157,814,290,531,96,364,197,10,183,415,481,1105,404,550,241,598,873,843,418,495
379,950,939,816,838,173,782,826,16,415,837,387,799,187,1081,419,379,924,419,911,26
380,162,760,646,293,97,647,751,135,851,176,763,951,564,394,500,702,1020,832,559,309
381,773,338,830,169,845,658,201,565,134,55,440,1032,442,564,681,122,668,472,877,560
382,978,816,386,131,950,363,218,772,392,826,463,469,666,666,544,982,952,1068,260,279
383,699,1133,868,723,877,91,175,21,430,249,610,1049,596,1070,976,403,1043,1009,721,148
384,55,557,565,386,723,911,123,477,602,96,215,1026,582,1125,610,92,626,634,656,431
385,542,909,249,887,290,442,518,180,247,97,14,1015,576,498,344,597,938,935,502,229
386,911,743,887,364,612,624,149,91,145,688,548,374,368,529,977,878,897,925,256,532
387,743,259,403,44,599,659,142,658,441,776,839,943,495,319,452,82,520,344,338,240
388,96,368,964,468,580,376,414,284,646,152,16,774,838,273,888,735,687,548,931,371
389,683,468,907,141,293,257,476,173,100,288,28,682,733,497,505,354,146,996,974,372
390,688,841,829,10,887,135,291,595,374,16,764,474,782,284,926,470,431,681,231,264
391,889,855,1028,273,112,599,117,249,57,799,294,260,675,790,138,245,907,983,568,259
392,901,794,520,451,683,901,405,264,157,162,76,658,513,162,963,333,836,95,625,623
393,720,890,269,91,152,747,552,531,401,819,17,356,663,569,935,359,964,500,492,461
394,581,972,773,776,420,474,254,96,720,647,190,191,108,55,994,34,380,984,650,818
395,570,793,864,968,719,462,154,699,185,794,6,515,177,647,995,128,652,523,221,413
396,176,401,375,271,272,375,279,259,570,442,426,494,637,96,300,672,554,977,228,120
397,949,836,15,162,155,602,234,485,946,752,645,351,649,1105,847,748,62,452,130,395
398,647,269,912,752,157,183,416,44,826,368,715,498,680,1049,67,283,905,888,1005,140
399,716,887,599,569,227,593,304,273,751,290,143,788,950,1015,314,489,879,994,490,412
400,259,458,152,647,131,950,155,890,343,202,700,319,682,1026,456,408,944,926,546,30
401,227,655,747,284,716,723,412,776,16,169,119,656,374,152,1005,178,514,995,697,346
402,458,954,774,394,441,145,165,530,82,565,903,409,723,108,337,1035,240,314,657,213
403,368,550,202,835,774,690,36,901,135,15,319,974,298,4,90,1062,111,90,324,107
404,762,626,722,441,44,141,632,968,368,1003,641,231,141,720,72,644,765,72,785,248
405,148,249,394,901,284,284,745,950,474,582,837,6,301,799,9,694,402,9,1120,307
406,732,826,716,773,468,857,392,624,518,751,776,415,658,951,106,410,232,106,1122,276
407,775,1030,955,918,273,350,148,368,581,658,752,887,510,1032,490,393,313,481,997,197
408,290,569,420,501,185,646,602,474,272,624,712,244,356,747,270,358,268,126,757,123
409,965,776,690,577,458,100,145,838,409,257,1068,471,780,467,481,749,459,270,71,156
410,563,669,441,543,271,57,53,723,838,135,753,196,191,579,387,347,264,438,40,219
411,646,1112,978,15,901,805,401,663,395,723,515,516,1003,458,438,200,282,28,49,230
412,467,290,972,420,208,473,127,162,733,91,570,21,322,404,548,325,532,143,116,212
413,751,751,793,462,776,1060,776,471,989,872,244,176,378,494,710,184,623,463,281,207
414,100,152,805,831,288,368,100,290,131,513,196,10,788,774,28,41,818,14,398,233
415,187,541,369,473,162,131,180,271,319,272,273,97,99,305,440,43,120,241,480,218
416,564,774,1060,272,946,272,152,569,412,503,497,284,124,904,215,153,229,243,166,192
417,289,970,838,663,794,774,57,15,550,659,846,599,941,1139,463,74,371,76,609,519
418,668,838,272,841,375,185,169,647,53,227,162,1139,351,1142,190,102,372,190,88,235
419,666,871,619,857,647,550,208,55,176,441,647,1142,515,1121,839,37,679,138,113,149
420,1028,622,157,774,202,202,135,274,363,298,581,1121,205,400,14,68,635,963,340,175
421,596,856,699,227,690,157,97,599,279,946,516,400,774,794,294,236,725,294,894,414
422,855,377,187,187,569,475,363,747,471,89,284,683,1139,426,764,330,413,712,536,53
423,577,866,968,564,369,331,131,683,723,369,202,169,1142,1018,76,585,461,300,133,58
424,804,663,477,666,722,361,887,518,127,774,15,458,1121,688,17,417,546,710,390,291
425,595,973,531,782,904,227,264,152,148,331,569,720,400,1004,143,255,959,440,899,405
426,349,938,663,804,565,872,723,375,141,467,747,1018,1018,588,846,709,549,847,914,154
427,969,1011,293,716,467,683,183,690,887,780,759,273,498,368,712,661,109,387,269,476
428,582,169,950,349,404,187,141,659,10,600,799,1004,612,645,119,277,639,67,586,552
429,441,364,227,596,55,722,259,257,97,838,219,91,819,756,16,1039,3,456,661,75
430,91,805,467,202,187,564,663,756,208,474,156,162,6,715,581,963,624,215,277,142
431,600,918,44,683,564,666,272,339,91,289,230,426,426,753,6,712,691,505,987,117
432,794,187,569,722,829,804,550,626,477,141,826,497,1004,700,1081,1054,321,337,436,234
433,288,394,289,690,756,595,227,510,284,509,212,794,497,641,1070,956,186,17,740,304
434,173,420,363,55,169,716,565,619,433,375,213,647,415,369,1125,959,976,581,477,165
435,97,442,564,946,64,349,91,303,180,599,233,55,55,570,529,927,610,244,425,57
436,249,647,901,369,289,441,659,134,187,747,235,747,4,826,498,976,980,196,952,271
437,826,238,1095,904,611,831,467,392,543,683,346,249,471,566,790,610,1009,176,626,254
438,569,752,737,442,442,946,474,602,227,506,307,588,588,903,1105,544,556,10,897,430
439,776,403,624,565,666,369,21,155,564,579,207,96,645,837,319,979,843,249,1043,145
440,152,91,904,659,577,506,173,468,89,690,276,645,715,516,244,980,963,173,561,208
441,968,348,841,599,543,904,611,145,273,404,197,290,700,776,25,1009,712,25,554,131
442,752,135,348,331,493,756,187,350,298,108,175,288,753,442,196,556,832,97,422,100
443,565,97,376,467,15,467,44,201,162,904,218,403,720,752,516,983,634,279,407,225
444,284,565,468,542,659,289,273,646,21,756,123,375,688,290,279,832,472,264,845,638
445,369,872,965,972,331,576,284,57,15,566,149,756,641,202,284,634,927,259,810,36
446,257,474,404,348,348,579,162,401,173,733,142,339,903,15,10,843,544,148,665,44
447,756,990,743,756,773,596,666,131,647,260,476,510,837,483,180,472,1005,180,580,181
448,348,275,169,506,596,868,441,185,238,322,291,565,570,331,273,977,490,96,293,78
449,510,659,886,289,506,829,569,625,599,611,414,751,409,540,162,500,979,44,178,183
450,404,375,210,510,582,510,946,719,55,510,552,715,776,934,176,452,758,80,77,531
451,774,754,442,805,576,46,15,475,747,788,117,700,752,506,21,996,984,569,432,785
452,202,272,659,46,462,1044,442,38,274,346,405,753,202,800,259,681,996,839,525,1120
453,439,202,331,775,841,611,564,272,683,656,412,688,305,722,148,995,925,141,168,1122
454,722,227,825,576,747,773,722,157,301,99,637,641,169,751,173,994,95,515,411,1005
455,89,157,611,582,579,437,257,227,794,123,254,903,247,690,497,314,344,498,189,490
456,711,369,506,711,857,768,55,774,249,395,154,837,826,219,55,926,523,468,435,173
457,501,716,666,793,600,841,349,788,99,219,415,776,331,248,249,138,977,549,850,901
458,760,467,855,611,805,582,834,550,160,156,234,752,751,233,96,1005,452,78,1001,807
459,543,722,723,646,566,404,89,187,262,941,247,569,135,156,569,490,681,109,966,338
460,841,289,1033,593,880,238,375,564,941,212,36,152,800,230,97,1025,1025,624,820,1051
461,238,756,655,100,593,592,289,210,96,213,304,570,350,235,1049,935,983,210,109,1000
462,970,510,705,1060,1060,1028,599,666,619,233,53,202,345,213,599,984,126,639,639,908
463,890,46,804,626,890,990,690,924,768,230,176,15,474,197,1026,925,419,691,999,852
464,836,582,141,57,632,600,579,349,485,235,279,722,506,212,1015,847,847,321,1029,343
465,619,577,284,471,804,439,369,804,530,307,127,826,494,175,1139,95,500,3,1097,663
466,898,564,970,404,745,880,298,596,458,197,374,46,237,346,1142,67,888,612,539,649
467,485,493,542,969,886,728,756,202,290,175,471,257,719,207,1121,523,926,415,451,1022
468,530,611,596,719,855,566,566,331,152,207,264,690,292,218,400,456,456,562,612,1050
469,858,666,834,185,834,1003,468,418,288,149,141,369,319,123,426,888,935,890,1054,988
470,946,788,969,238,100,89,647,441,565,218,21,442,26,307,683,90,995,957,772,20
471,164,471,856,836,238,890,582,722,659,414,173,659,337,149,152,72,994,186,119,18
472,1033,619,684,990,602,754,510,549,303,142,259,331,516,75,819,344,72,861,503,447
473,838,210,185,754,257,838,339,831,721,476,10,108,21,142,1018,9,314,357,227,636
474,771,904,238,619,361,339,747,437,880,405,148,506,176,140,794,106,90,968,89,777
475,663,929,756,898,145,360,404,301,376,234,271,611,91,291,1004,481,9,901,21,775
476,899,439,771,1033,510,663,774,160,403,552,55,579,485,414,458,126,106,887,699,629
477,628,222,782,485,646,731,331,262,257,304,165,99,530,117,588,270,67,599,848,978
478,827,1060,990,530,549,509,471,147,699,412,409,566,667,405,645,438,270,675,595,858
479,1061,1000,439,303,1028,370,506,768,375,53,249,4,244,154,752,28,438,663,782,370
480,892,719,349,1061,274,733,904,721,774,291,180,483,196,234,720,387,294,471,441,360
481,909,596,929,950,625,886,185,946,202,279,416,540,284,304,715,763,481,719,831,444
482,541,711,582,858,655,471,576,376,919,127,183,129,10,165,700,440,28,637,298,211
483,260,543,754,978,990,542,475,369,722,21,430,305,96,276,641,294,440,21,356,575
484,471,509,628,388,856,834,238,46,690,180,227,265,97,476,800,243,956,683,349,542
485,823,185,600,242,340,1033,890,506,369,173,145,904,273,254,753,241,387,943,613,884
486,271,706,827,557,786,164,619,78,506,700,96,902,162,552,688,215,243,682,946,464
487,757,462,733,1028,439,771,898,904,467,722,208,934,249,145,903,463,241,458,494,1093
488,904,349,880,549,754,719,990,467,289,154,368,124,569,638,369,839,215,688,824,139
489,169,593,89,439,733,1061,485,289,780,117,646,256,560,36,756,764,190,1139,1130,388
490,723,64,471,157,89,298,530,404,756,36,549,219,647,288,566,14,548,1142,1081,695
491,269,331,257,592,542,260,271,177,510,264,619,248,290,279,837,76,138,1121,498,933
492,922,804,719,886,619,825,303,864,360,259,109,156,15,148,570,190,300,400,1070,864
493,626,592,744,109,898,938,274,1033,731,148,639,212,794,565,826,548,710,1004,1125,163
494,442,886,882,639,485,561,177,407,404,363,231,233,599,409,776,419,17,426,529,766
495,611,600,543,834,969,897,361,109,904,613,363,230,683,169,442,505,763,1018,790,1038
496,659,173,274,600,628,619,439,82,613,376,819,235,152,25,290,758,463,715,1105,727
497,549,733,462,819,530,301,613,639,370,100,224,213,747,91,202,300,839,645,1049,1046
498,64,728,869,64,827,877,542,169,264,44,800,307,690,659,331,710,764,700,1015,851
499,331,542,946,733,1033,454,549,442,169,473,131,175,288,208,169,337,14,641,1026,1023
500,15,898,593,579,796,210,732,576,259,569,401,346,722,257,15,17,76,903,720,322
501,579,361,831,728,109,898,445,439,271,418,485,197,565,339,751,244,143,776,659,732
502,816,834,576,880,303,485,191,89,44,339,25,207,659,375,288,25,846,752,369,427
503,1133,485,164,566,418,929,646,691,442,46,97,218,46,131,565,196,505,753,904,318
504,462,530,260,418,771,711,301,771,569,147,44,123,257,611,376,176,16,837,864,822
505,972,723,510,260,1061,338,494,819,46,454,624,276,611,510,257,97,1081,588,732,974
506,793,271,535,339,445,177,388,360,611,530,78,149,579,46,247,846,1070,202,717,717
507,744,924,915,301,938,1030,360,731,666,619,80,142,403,129,91,119,529,800,703,703
508,301,978,445,177,376,603,509,509,579,495,468,291,375,265,339,516,1125,720,115,115
509,877,969,301,890,46,684,160,370,191,663,475,476,369,350,722,498,790,369,318,808
510,338,549,46,771,339,388,305,886,331,471,663,414,756,902,46,319,1105,570,838,632
511,593,908,899,649,210,160,768,582,1003,271,530,117,566,246,659,279,1049,826,920,745
512,274,946,1061,454,924,1023,733,834,566,177,550,405,483,237,611,259,1026,15,733,602
513,831,852,877,877,78,1000,370,930,454,191,365,552,339,589,579,148,1015,152,177,172
514,1030,787,626,356,831,530,242,298,603,4,290,254,540,223,483,180,581,331,649,913
515,437,899,454,624,437,303,886,356,211,187,511,154,129,336,540,44,458,374,1046,643
516,1,499,437,800,1057,924,603,800,339,305,303,234,265,466,934,284,498,794,1060,1061
517,1000,775,549,437,639,242,513,613,663,649,599,412,902,399,902,210,319,169,1110,770
518,830,883,768,210,819,908,343,559,549,350,683,304,934,576,23,10,96,247,1031,655
519,908,864,338,78,929,899,1033,329,108,483,152,36,598,54,248,691,569,135,989,761
520,388,164,938,924,699,549,649,891,494,165,458,53,674,183,346,321,337,516,319,1126
521,160,112,592,338,782,852,880,343,177,254,394,173,23,674,219,227,516,288,284,630
522,360,388,1000,929,338,864,108,611,260,719,369,279,454,367,212,569,176,722,433,484
523,262,109,898,691,768,1112,109,579,4,416,467,165,256,395,156,143,244,565,262,654
524,852,823,908,743,691,343,260,513,509,494,794,148,590,671,230,21,284,659,363,898
525,1011,418,728,840,356,975,624,242,305,183,288,416,606,60,213,249,249,376,96,238
526,509,100,485,147,899,649,210,880,576,134,191,183,477,107,197,96,279,191,759,473
527,733,137,757,1030,321,513,3,108,649,430,404,134,430,100,233,581,259,751,401,990
528,886,639,109,899,732,109,780,780,171,185,612,430,395,518,307,288,25,257,474,103
529,592,82,530,747,350,528,639,733,109,208,169,145,346,23,175,173,196,350,152,849
530,864,89,924,274,605,262,594,191,639,745,187,606,213,412,207,565,10,150,550,554
531,1112,897,639,912,930,780,819,698,819,485,751,100,248,192,123,257,148,246,187,62
532,109,691,787,321,164,171,771,1003,418,392,564,127,123,519,149,1068,173,237,394,418
533,3,819,819,164,897,418,930,649,356,602,91,208,219,53,218,599,97,1005,564,857
534,639,930,930,605,825,639,340,1090,800,155,565,192,233,180,235,683,180,490,467,671
535,216,356,948,1000,800,819,1023,260,624,145,257,180,175,485,291,152,44,290,579,598
536,819,3,1078,732,349,721,356,732,559,201,774,155,156,251,476,108,80,522,483,561
537,912,216,382,787,1030,108,800,3,147,57,442,57,149,316,552,458,257,91,540,597
538,303,714,64,908,1000,691,561,612,612,38,331,638,230,203,414,273,273,466,934,422
539,594,786,418,3,260,356,322,322,322,365,135,264,212,530,405,904,1139,589,404,178
540,728,957,555,930,908,732,376,566,890,125,659,259,235,303,412,6,1142,399,576,824
541,930,628,579,957,592,321,1003,656,329,131,350,271,307,112,53,16,1121,223,1006,1116
542,512,1078,890,561,1078,656,731,494,210,303,722,315,207,499,154,162,400,54,991,1065
543,403,594,1069,668,852,800,46,99,78,576,611,44,276,134,234,3,6,261,1089,782
544,714,796,271,594,656,322,94,483,133,361,666,518,412,606,142,497,162,367,409,658
545,418,717,566,852,1112,147,78,427,691,646,108,131,197,127,304,46,426,64,611,510
546,242,992,691,650,823,3,418,603,321,477,305,350,218,264,606,78,499,60,224,356
547,834,800,775,1112,717,714,147,4,231,210,322,194,291,271,127,55,497,161,518,811
548,356,78,717,402,407,930,536,211,350,549,904,110,476,259,117,794,152,587,13,363
549,624,730,365,376,147,933,612,171,891,1043,124,237,414,413,264,4,46,327,469,723
550,800,15,650,1078,728,594,691,502,427,78,474,674,552,44,271,169,78,214,375,613
551,194,857,823,671,684,730,427,495,614,109,690,23,142,80,44,442,55,335,265,92
552,840,512,3,257,301,99,1078,205,124,800,756,316,117,201,208,720,1018,204,23,840
553,275,407,321,768,3,94,899,305,719,329,348,203,405,64,165,799,1004,110,496,460
554,730,94,668,350,382,613,656,124,351,639,339,457,279,384,78,951,588,66,945,672
555,35,555,407,403,775,163,559,351,502,356,316,80,254,137,145,368,645,132,374,470
556,375,744,191,513,57,78,133,457,483,612,403,625,154,275,80,751,752,29,510,122
557,566,303,339,938,483,211,717,403,495,231,506,299,234,198,36,247,715,980,129,749
558,339,690,147,194,360,957,350,454,26,263,378,519,148,150,57,135,753,556,902,74
559,599,284,1,717,731,231,788,321,335,205,203,646,304,35,100,91,700,194,673,114
560,506,579,494,201,512,1022,483,696,811,26,26,449,36,226,315,369,641,81,598,308
561,747,274,134,823,714,483,351,338,81,335,185,454,53,13,131,474,688,198,597,434
562,177,827,796,407,370,403,719,340,64,511,494,499,127,38,276,290,903,193,351,528
563,768,561,483,656,787,1078,407,614,263,81,667,58,173,161,203,659,837,39,801,689
564,690,566,605,137,711,540,528,561,205,246,246,619,180,429,11,756,776,27,702,605
565,94,912,540,547,298,536,699,80,3,403,64,477,165,204,192,339,202,69,1100,199
566,721,513,303,204,561,407,721,361,365,518,579,485,145,194,112,375,570,833,1067,310
567,499,333,714,275,177,191,99,811,292,118,518,468,208,214,499,467,15,179,664,46
568,513,376,350,82,594,4,4,292,656,292,375,26,264,335,201,579,826,332,555,352
569,938,880,388,35,509,612,211,1074,540,64,376,549,271,81,194,566,442,174,726,457
570,561,257,360,214,730,427,696,540,457,194,510,530,259,193,137,483,331,455,408,317
571,880,339,731,276,137,129,614,129,80,198,263,109,183,110,35,540,800,799,507,488
572,210,882,160,335,275,696,171,539,511,540,46,624,44,58,38,611,794,951,533,85
573,882,177,370,81,992,214,884,897,378,150,4,210,210,155,246,129,290,1032,1056,77
574,656,350,852,110,35,941,840,265,198,129,205,363,638,308,125,902,169,273,1045,180
575,376,599,594,308,94,559,495,554,323,110,576,78,549,327,204,934,751,16,1104,432
576,731,506,957,320,384,335,457,335,150,237,566,639,78,66,214,443,91,6,1085,424
577,46,831,788,897,492,305,403,536,689,674,483,691,80,69,110,722,659,499,1131,874
578,78,370,730,528,528,717,454,323,606,23,540,3,100,342,335,1032,246,162,1087,606
579,924,437,343,721,388,495,321,81,194,691,194,365,57,362,58,246,466,506,1094,315
580,134,320,711,298,613,766,338,689,393,133,129,511,365,159,81,589,194,497,1113,127
581,787,721,177,108,343,26,323,62,110,124,110,303,619,261,674,223,589,55,1109,614
582,108,441,509,613,191,81,317,975,246,3,237,407,303,522,64,336,110,690,694,323
583,796,260,94,310,1003,614,941,974,66,699,265,205,185,833,522,455,399,756,648,11
584,691,554,603,483,322,974,80,231,237,312,902,378,201,587,466,332,261,566,1132,166
585,402,301,194,191,494,494,292,899,348,457,589,612,131,132,275,499,81,443,1083,893
586,883,325,513,612,536,811,540,1078,167,589,336,321,203,39,198,194,237,336,458,620
587,370,662,649,1003,160,840,689,717,129,80,112,185,11,27,362,341,674,674,164,662
588,82,1023,78,559,649,698,362,703,265,321,934,201,361,118,150,81,342,647,3,823
589,613,298,814,322,427,393,606,606,902,186,100,475,362,312,66,64,161,747,594,86
590,897,242,1023,457,721,246,325,365,674,671,201,186,159,179,237,110,522,673,774,746
591,384,382,939,329,242,1090,214,393,23,223,54,323,192,174,193,237,223,341,305,1012
592,350,747,561,317,840,457,335,115,522,325,155,667,137,0,589,674,54,339,331,134
593,559,445,275,554,513,317,66,578,703,336,137,11,299,57,223,23,367,342,714,155
594,719,108,82,536,292,520,385,133,589,466,35,361,449,125,399,522,60,251,730,625
595,320,656,35,891,403,80,329,318,223,393,674,137,118,299,261,342,384,316,94,492
596,407,147,631,494,540,365,11,246,671,358,118,362,258,11,54,466,275,50,972,52
597,298,613,429,427,603,323,231,378,325,489,38,381,381,381,159,399,193,98,680,112
598,191,231,298,603,457,687,137,671,316,332,198,226,188,79,342,261,327,0,768,547
599,445,343,391,788,1023,964,547,26,332,399,214,739,527,258,118,54,587,851,880,201
600,322,649,327,231,108,689,192,194,256,54,312,79,767,188,312,167,198,34,1003,118
601,494,780,204,89,262,921,299,348,336,323,23,258,79,547,161,144,204,427,975,137
602,603,483,786,80,80,606,365,204,466,606,457,676,519,59,587,312,214,1023,789,312
603,1023,191,214,744,780,378,891,667,399,367,454,188,486,353,547,671,335,789,591,41
604,147,360,335,445,559,194,393,362,158,66,606,35,217,33,381,367,66,591,1092,59
605,780,731,81,499,606,110,811,739,667,385,477,159,225,267,267,60,132,503,1039,48
606,612,322,110,780,788,186,246,110,54,261,210,492,109,29,132,161,29,177,608,83
607,788,612,308,502,933,309,378,66,261,92,691,590,3,105,367,833,39,969,512,38
608,483,536,528,384,171,821,924,11,201,11,223,395,311,8,353,587,27,531,1063,429
609,343,559,721,492,99,511,26,192,385,60,11,527,363,496,60,395,69,772,1080,391
610,606,603,310,757,393,884,64,64,92,258,321,486,499,527,0,198,179,4,1035,22
611,429,840,897,361,204,679,263,275,361,527,186,136,75,51,226,214,174,451,1062,258
612,327,447,499,382,4,66,921,237,897,200,671,767,639,48,327,335,395,950,644,527
613,292,99,457,360,198,553,205,325,367,161,335,217,38,61,188,66,158,782,410,311
614,649,4,489,38,1022,554,511,159,251,362,60,75,429,7,33,132,248,1054,763,297
615,99,365,393,327,214,325,667,385,203,547,275,560,624,73,384,150,32,119,825,45
616,171,160,325,731,696,385,379,522,381,276,150,311,691,31,29,547,346,227,684,101
617,540,305,262,370,698,589,703,112,11,348,362,225,376,278,8,275,197,89,136,65
618,933,576,108,509,305,329,194,589,112,192,226,38,321,136,833,384,213,904,860,239
619,4,454,171,343,614,124,449,167,60,327,384,631,186,449,105,226,175,649,779,287
620,1022,262,780,1023,246,891,821,674,200,84,13,429,263,93,39,193,123,658,1072,825
621,696,321,356,606,365,703,668,23,362,522,361,819,668,619,27,105,30,363,962,684
622,335,1022,297,99,325,64,110,902,137,158,159,52,112,217,518,204,219,510,1128,136
623,163,186,402,292,335,237,275,223,275,167,81,800,325,549,429,179,156,788,216,47
624,325,171,656,4,1074,336,237,332,226,587,192,393,385,363,69,174,212,345,932,860
625,385,696,800,160,385,466,964,336,35,251,57,292,379,624,13,48,233,723,943,779
626,329,921,612,540,1090,922,520,466,159,316,429,2,460,210,179,327,230,702,682,1024
627,891,385,322,198,329,115,589,399,673,203,358,112,312,486,174,29,149,298,582,250
628,576,381,317,262,323,318,466,54,384,112,299,246,672,78,79,27,207,356,623,353
629,204,362,921,1022,891,54,348,261,13,137,66,589,122,639,59,39,235,613,818,209
630,198,329,99,811,124,345,327,92,934,275,381,376,64,612,155,69,412,502,461,42
631,427,226,427,305,379,62,399,137,358,226,79,263,589,691,391,84,307,619,928,894
632,454,79,242,150,811,11,687,358,79,35,547,223,336,321,299,79,218,263,1048,133
633,614,891,933,586,150,578,823,367,161,159,499,325,125,620,258,83,414,811,603,340
634,150,404,606,696,703,133,380,60,499,384,353,332,358,819,51,316,53,840,998,269
635,214,668,447,703,167,112,261,200,489,299,267,335,671,625,7,158,58,122,696,987
636,81,768,613,365,81,737,122,299,193,353,193,66,489,673,82,56,291,1038,1075,740
637,393,494,536,698,194,802,92,381,327,496,125,385,393,492,22,251,476,338,185,477
638,321,359,559,115,129,351,258,226,587,381,466,81,246,376,73,45,405,931,923,425
639,246,916,840,1090,922,362,381,673,802,188,327,64,223,263,31,5,154,485,827,1043
640,211,56,4,1074,110,499,226,384,527,79,496,336,518,52,527,195,552,974,756,536
641,110,292,1022,921,115,155,167,79,155,499,399,466,332,737,449,12,142,231,566,668
642,237,605,80,186,308,137,35,161,555,193,342,399,194,814,61,87,117,530,443,952
643,231,35,643,522,317,275,81,429,38,342,161,54,466,534,486,50,234,495,336,626
644,365,540,329,62,362,118,499,449,84,204,204,261,399,615,395,98,304,388,455,520
645,1017,910,696,325,159,822,161,327,342,214,167,267,341,373,93,61,127,365,341,687
646,863,124,305,553,921,312,554,587,204,132,58,92,54,295,170,0,36,727,875,586
647,502,434,891,362,310,348,553,395,347,59,69,275,261,631,136,32,271,217,653,897
648,361,63,502,589,122,327,188,263,214,33,325,384,92,351,217,107,203,303,114,146
649,957,327,614,922,689,667,84,560,58,58,833,193,749,385,590,30,165,205,448,964
650,921,933,698,192,964,399,129,125,184,267,393,125,275,391,767,248,145,378,517,380
651,811,427,84,133,66,261,522,553,132,833,367,342,198,292,311,412,57,26,253,765
652,698,335,522,975,982,92,52,84,118,29,332,358,150,598,84,346,112,309,446,652
653,466,81,246,336,237,379,384,158,125,8,522,161,35,297,671,213,118,667,420,1097
654,381,62,237,381,821,226,198,661,312,429,587,367,214,664,107,197,137,739,157,546
655,589,384,863,393,318,159,159,489,664,105,132,671,226,22,151,123,312,560,1082,697
656,226,502,685,358,554,892,223,353,726,51,261,60,161,42,519,219,107,511,596,324
657,161,553,589,246,163,395,38,345,590,13,258,200,335,555,893,233,100,1027,853,832
658,555,198,336,237,863,263,79,379,258,69,188,522,204,726,620,156,276,82,711,472
659,598,84,158,489,766,205,124,547,676,7,33,327,110,590,75,230,192,395,858,736
660,631,316,345,56,211,167,112,251,767,39,29,833,58,676,496,212,35,158,885,609
661,447,975,811,63,1017,674,901,118,75,673,8,587,81,92,245,307,299,32,272,40
662,323,614,347,171,662,358,429,525,353,27,59,198,367,358,489,235,519,30,383,116
663,56,150,703,933,520,673,256,316,496,174,673,84,60,403,325,207,11,107,289,480
664,167,393,323,614,884,460,204,499,547,217,105,251,384,333,385,175,381,248,969,88
665,129,631,466,323,674,422,353,258,267,73,7,118,66,489,92,149,188,346,242,113
666,305,698,56,226,312,823,893,893,833,802,39,312,193,393,34,218,547,197,863,927
667,674,246,292,689,299,380,814,555,39,345,27,204,51,325,460,53,362,219,439,544
668,1078,323,399,66,547,122,662,347,345,351,179,214,342,332,672,203,226,233,509,846
669,379,811,384,167,499,384,7,664,598,278,174,132,200,341,379,100,159,156,273,390
670,717,167,198,129,466,662,922,341,429,144,492,69,522,359,354,35,79,230,6,634
671,703,129,689,674,598,982,115,590,341,555,719,547,184,767,749,58,33,235,499,71
672,821,312,54,193,589,269,318,802,69,598,623,59,327,311,122,476,267,213,497,49
673,685,379,821,23,139,38,269,676,668,341,449,150,587,84,41,552,8,212,55,281
674,554,347,66,223,327,816,267,767,27,265,217,353,132,45,48,276,59,207,647,398
675,536,194,385,332,449,830,82,75,379,737,818,33,69,34,83,362,353,276,4,843
676,79,586,661,631,62,878,336,496,115,56,631,29,353,345,278,192,105,175,747,980
677,586,703,115,466,578,161,358,668,34,179,413,51,547,195,282,159,7,123,886,556
678,399,692,379,399,975,547,489,198,749,245,52,8,41,379,664,414,93,307,530,1068
679,992,204,318,54,974,489,502,267,195,934,554,496,59,348,555,299,75,149,619,888
680,115,115,163,261,231,82,460,195,408,814,527,105,33,408,726,291,73,218,485,505
681,84,110,211,385,133,125,737,150,318,34,391,13,267,749,676,519,155,291,511,979
682,395,522,231,92,399,85,617,256,144,718,555,7,833,167,195,75,278,58,915,758
683,522,589,1017,161,454,555,631,45,554,902,664,39,29,144,347,142,52,476,570,996
684,52,578,884,11,161,258,808,203,276,541,726,27,8,507,283,405,48,414,826,681
685,158,133,11,159,395,527,391,833,139,534,297,93,496,533,735,154,429,405,515,925
686,391,223,261,263,553,84,571,188,179,615,84,814,105,823,823,234,83,412,15,344
687,318,237,598,79,381,347,297,214,50,373,24,737,48,347,348,112,391,53,415,95
688,495,863,554,587,84,316,555,35,192,295,486,391,7,200,408,304,297,304,376,935
689,766,336,362,132,522,664,2,193,354,638,2,297,27,184,74,381,22,552,303,548
690,378,358,495,299,223,56,347,51,460,664,924,22,39,50,102,188,45,100,263,984
691,661,332,139,353,336,522,674,342,672,195,22,73,179,354,128,33,571,192,176,523
692,297,674,57,661,261,676,125,13,283,726,73,673,174,460,417,267,42,271,442,977
693,26,466,766,496,54,590,316,69,98,625,3,598,73,283,255,8,617,299,205,452
694,263,193,695,821,92,767,158,217,299,623,676,489,84,43,86,737,56,519,887,995
695,309,399,62,318,353,276,332,408,333,449,590,345,83,153,694,814,24,154,901,337
696,511,158,167,33,11,292,54,934,631,732,395,341,278,245,37,7,5,75,693,1009
697,186,214,256,163,226,192,251,354,174,486,767,34,348,672,470,534,101,140,666,983
698,884,23,133,816,79,225,118,749,188,676,51,749,251,122,585,615,12,142,471,500
699,849,261,114,258,496,353,664,144,823,533,893,348,316,41,492,802,104,117,108,314
700,916,318,378,188,587,223,150,170,122,930,136,167,13,982,297,278,20,234,857,926
701,62,54,201,7,33,341,661,726,982,492,309,144,673,735,623,526,70,36,924,90
702,159,395,26,267,816,496,312,312,41,347,560,555,34,74,818,521,87,254,244,9
703,822,308,975,278,258,299,367,460,893,184,311,347,167,102,617,373,0,165,196,106
704,256,673,137,139,7,671,671,184,59,50,158,179,144,37,52,537,140,602,97,72
705,24,598,226,526,263,381,60,50,33,98,20,174,664,585,571,389,65,416,80,481
706,205,92,92,909,267,587,590,58,105,891,251,664,555,98,24,295,31,145,10,994
707,133,163,361,537,269,132,833,98,29,631,225,195,195,68,158,31,423,57,599,126
708,975,661,186,256,256,79,193,672,8,427,489,184,50,83,20,271,206,745,683,28
709,952,211,358,429,526,33,673,283,51,379,345,50,98,236,45,617,201,183,690,300
710,1027,1017,159,391,429,265,676,132,278,408,732,98,726,255,56,571,38,430,787,270
711,1093,460,52,541,193,198,767,59,814,818,351,379,676,470,5,605,61,208,909,438
712,124,495,299,114,909,23,13,33,7,878,811,408,507,748,87,308,449,646,718,143
713,114,161,24,84,668,204,75,8,623,413,427,668,533,694,101,434,182,185,736,243
714,910,528,124,623,278,814,195,598,359,52,385,354,283,1056,65,528,125,475,802,241
715,223,367,449,297,664,718,496,7,818,590,92,460,408,330,32,689,151,361,382,963
716,605,689,2,534,555,382,341,39,735,354,56,672,333,1045,12,310,486,449,278,847
717,905,310,395,52,726,7,265,492,68,460,195,283,737,709,468,199,620,2,111,67
718,333,139,316,617,642,267,23,422,102,668,668,333,814,56,430,352,625,121,526,294
719,347,422,118,571,82,158,408,631,737,672,620,122,347,128,185,457,492,225,521,456
720,316,766,664,24,617,251,587,840,52,283,12,359,534,702,254,317,468,638,537,387
721,336,821,258,124,502,560,342,333,808,391,661,735,615,151,416,80,430,38,389,215
722,172,489,38,351,650,873,354,823,391,561,75,823,373,455,30,488,254,131,541,710
723,664,378,676,2,631,661,58,122,37,811,245,41,295,468,361,85,185,203,704,17
724,358,457,590,379,571,150,672,982,48,864,379,102,455,430,2,606,416,381,1025,463
725,489,199,312,118,537,256,749,585,297,297,292,37,354,185,443,127,475,79,419,14
726,354,671,353,211,692,429,45,93,617,840,34,68,359,416,120,11,121,486,266,76
727,332,80,161,125,389,893,200,41,83,22,45,83,735,617,42,623,361,429,465,190
728,193,679,671,312,333,391,144,73,571,823,32,43,68,571,140,429,2,112,574,712
729,726,317,223,893,114,367,184,48,449,256,507,534,43,24,104,818,208,35,777,162
730,57,606,129,367,541,297,283,29,45,749,408,617,823,158,182,52,646,631,775,569
731,308,26,351,60,464,650,132,225,24,122,749,615,56,5,475,185,225,155,19,138
732,434,66,381,736,228,75,69,105,43,982,144,571,153,87,121,182,562,391,428,581
733,54,664,767,833,354,668,598,27,486,333,347,373,245,101,308,297,638,297,812,680
734,655,11,79,555,359,60,174,174,56,41,200,24,74,30,434,24,228,22,992,1003
735,856,85,674,342,757,45,41,278,2,455,598,20,102,475,561,101,130,31,883,516
736,528,354,587,884,391,203,59,922,248,717,184,48,37,361,47,65,18,625,871,176
737,310,726,547,992,883,833,48,83,519,703,50,295,255,2,528,117,134,492,642,249
738,687,749,276,27,623,617,83,737,32,893,98,585,416,121,352,430,605,52,545,257
739,457,132,341,39,297,571,39,359,153,554,333,982,155,65,310,20,308,20,813,530
740,317,256,23,673,358,35,203,139,236,662,455,470,391,32,457,140,434,65,701,485
741,353,263,267,179,460,193,22,821,225,115,341,45,297,443,199,165,561,130,791,303
742,689,159,354,174,871,342,33,814,245,318,823,726,818,561,317,254,528,18,558,637
743,80,309,125,245,489,58,29,56,455,359,122,236,617,47,85,208,352,605,1107,374
744,382,60,749,316,158,188,105,179,5,735,354,158,52,104,488,18,689,308,1002,350
745,201,587,132,158,332,8,27,68,340,74,982,56,571,597,597,134,310,434,464,675
746,299,590,192,642,266,13,51,43,585,767,359,32,158,661,779,416,457,528,741,191
747,66,849,75,495,673,39,8,455,217,102,460,153,24,178,748,745,199,352,524,351
748,261,353,367,205,52,27,73,245,73,37,672,748,20,277,413,392,363,689,334,21
749,11,258,60,378,495,51,217,526,255,68,283,245,2,732,461,155,317,310,538,288
750,547,884,496,664,534,69,333,808,542,43,43,74,45,646,650,602,488,199,280,150
751,673,496,553,883,345,354,345,34,20,617,153,455,5,1033,251,145,85,457,328,169
752,449,676,112,34,378,332,359,391,93,571,41,255,32,109,228,638,606,46,302,91
753,2,547,833,615,24,34,56,909,12,24,236,5,87,648,130,57,671,317,618,794
754,92,345,188,464,205,136,43,153,526,153,662,101,12,801,114,391,833,85,876,25
755,553,560,217,26,615,217,245,178,87,2,735,12,61,1085,225,201,597,606,937,246
756,525,822,33,741,741,934,585,878,909,225,74,443,0,225,746,361,819,323,817,237
757,20,33,150,347,736,73,34,236,718,62,68,330,101,1131,70,2,616,488,917,110
758,342,767,309,676,521,526,93,662,816,748,48,104,30,719,18,137,920,127,1101,223
759,359,7,7,521,545,195,50,816,443,255,83,661,82,495,562,118,224,166,1106,54
760,251,267,760,389,2,749,726,77,661,82,703,87,107,407,616,38,131,454,892,367
761,460,861,263,373,373,939,455,735,61,236,255,61,22,365,423,59,539,340,950,60
762,38,952,883,545,26,93,236,102,0,12,5,0,42,378,206,22,550,269,794,833
763,112,757,909,354,524,909,902,74,537,443,87,82,65,12,487,125,401,821,516,194
764,125,534,205,590,538,902,507,37,107,585,62,107,140,699,661,353,394,987,288,290
765,749,642,560,309,461,739,533,470,22,702,61,65,443,957,1,42,420,740,565,342
766,137,429,278,460,813,200,98,718,140,308,0,840,104,454,167,151,272,952,675,0
767,118,833,332,20,309,144,422,168,101,709,585,340,236,26,306,104,564,477,637,522
768,258,278,534,524,20,184,735,297,65,434,101,561,585,186,144,73,157,1043,658,587
769,312,114,193,822,351,672,178,411,541,705,140,422,470,667,134,449,467,554,350,267
770,676,623,460,749,347,283,74,255,924,605,470,170,1056,309,625,121,404,114,191,275
771,367,537,642,200,341,598,63,938,862,661,533,178,748,739,755,93,496,668,345,226
772,671,892,673,251,38,333,139,541,461,453,115,31,330,560,660,625,187,620,751,384
773,60,736,200,767,23,692,102,282,787,784,102,77,1045,894,316,492,576,626,257,466
774,590,464,537,195,56,735,179,209,534,528,37,277,308,987,336,646,494,134,150,589
775,871,52,464,620,661,359,37,617,615,360,248,922,661,897,358,518,611,520,833,399
776,587,741,741,13,125,507,68,486,992,689,829,436,561,892,393,224,469,586,290,261
777,132,391,736,75,18,408,278,623,952,199,748,525,694,340,332,131,409,687,64,161
778,496,617,871,51,671,139,648,571,388,340,443,802,434,422,673,550,518,146,169,198
779,893,615,342,265,342,746,114,670,309,63,318,168,648,170,50,401,13,651,25,203
780,33,297,615,45,749,236,309,818,561,317,330,411,528,520,98,394,258,964,246,66
781,767,571,992,328,132,52,526,52,560,542,82,435,310,380,455,404,51,380,237,132
782,7,24,521,538,367,726,24,24,311,20,107,893,689,436,341,576,403,765,466,188
783,267,205,373,69,45,748,153,5,422,139,519,282,199,77,200,409,64,652,91,35
784,620,2,179,461,60,43,32,2,178,746,65,620,422,824,184,13,375,353,589,105
785,75,342,27,144,590,585,248,248,31,620,93,662,178,740,68,420,265,384,399,214
786,278,200,39,172,833,502,519,20,899,75,1056,86,277,477,43,564,23,201,54,327
787,345,39,184,184,39,179,486,12,520,48,862,694,31,553,153,496,893,11,261,204
788,146,27,333,672,69,174,909,87,586,83,702,308,352,922,236,36,393,137,161,335
789,455,174,174,283,200,50,816,0,1088,45,1045,746,417,525,520,51,200,118,223,29
790,351,245,455,952,144,455,77,22,687,461,648,434,679,802,330,77,598,312,367,8
791,537,521,245,598,672,98,255,65,146,32,308,605,93,168,422,432,333,125,60,193
792,341,389,251,333,179,68,5,61,308,422,699,528,407,411,178,264,358,671,587,81
793,534,34,195,408,174,153,277,32,507,352,407,310,170,425,277,282,664,362,194,27
794,642,455,265,687,676,245,933,31,389,310,170,689,894,189,380,315,555,159,110,39
795,265,20,13,146,455,533,163,86,705,248,709,199,77,366,436,413,726,151,342,69
796,23,251,672,380,316,648,586,519,533,85,461,352,436,605,679,632,590,496,522,179
797,741,351,545,345,251,178,560,534,468,519,605,894,553,434,77,172,325,547,0,174
798,45,13,34,341,203,102,766,324,413,5,434,317,922,528,432,120,332,267,198,51
799,615,1090,524,422,27,37,20,382,407,87,840,85,525,689,553,808,385,275,214,61
800,514,373,461,122,245,541,541,736,662,507,340,488,802,310,922,913,676,48,335,182
801,111,341,51,982,767,801,87,787,475,470,561,209,168,199,525,461,527,226,66,1035
802,636,545,283,934,34,787,62,615,964,1056,422,623,411,352,802,1097,767,188,132,1062
803,736,524,328,359,195,170,470,775,269,61,178,502,151,3,168,643,311,8,327,644
804,464,195,50,41,184,77,748,388,669,0,31,818,425,457,411,666,489,59,204,763
805,545,328,20,507,265,41,801,521,957,107,528,121,189,317,435,183,84,105,29,410
806,521,265,422,43,507,586,822,309,186,101,310,120,623,488,850,225,195,83,27,306
807,373,538,511,50,13,209,330,311,434,65,694,189,635,85,699,272,92,73,39,648
808,203,902,389,585,902,324,453,705,830,597,689,42,725,822,425,620,408,209,547,512
809,833,934,122,98,283,757,669,120,605,178,199,30,457,873,424,468,359,45,275,362
810,27,172,797,73,43,59,525,373,266,31,352,140,705,816,635,475,347,42,226,159
811,524,1003,359,59,533,74,170,189,121,1045,417,597,317,435,725,562,184,24,35,73
812,39,687,902,225,408,255,873,42,528,679,705,413,488,670,874,1126,749,56,8,330
813,389,146,225,68,276,105,739,757,310,93,317,461,816,252,824,250,348,5,59,854
814,245,797,507,862,32,48,784,140,812,648,85,850,85,1020,407,502,167,12,51,803
815,266,184,934,726,50,709,436,70,199,417,536,966,435,999,652,454,507,104,384,677
816,34,507,1003,48,192,470,787,453,453,502,679,732,893,166,966,619,144,87,105,773
817,902,533,266,83,41,114,168,71,352,407,597,507,282,893,820,699,354,70,193,299
818,195,672,729,105,934,83,411,443,840,338,520,533,662,662,892,968,68,423,52,31
819,507,283,813,32,1056,24,883,40,63,468,77,1056,86,86,999,663,43,206,429,449
820,13,1056,701,455,58,5,435,49,317,536,277,1045,597,966,631,471,34,61,22,121
821,797,825,533,940,98,277,670,308,338,378,380,648,461,820,392,494,153,182,81,486
822,813,45,1056,12,648,436,282,434,277,388,432,1104,468,282,1123,801,533,101,69,906
823,701,1074,1090,902,893,525,382,605,933,667,539,1131,413,850,366,495,245,616,179,971
824,533,729,1074,669,188,168,534,528,821,309,488,536,746,651,692,530,823,239,174,815
825,200,684,1045,750,217,411,615,669,163,560,166,811,392,668,816,957,379,661,112,584
826,934,266,801,784,51,282,225,784,766,801,424,679,475,952,737,365,460,77,73,844
827,184,813,791,434,422,486,736,310,380,170,822,864,620,746,670,186,672,277,42,453
828,672,701,1085,447,73,435,521,199,77,892,892,703,502,536,220,217,283,432,70,285
829,50,408,849,199,879,2,12,317,432,475,269,821,432,1027,526,511,122,424,12,762
830,283,862,1104,85,225,670,61,642,784,964,873,115,873,70,537,861,41,874,206,738
831,825,461,726,153,105,534,692,352,539,520,739,432,850,616,787,590,735,315,61,965
832,408,830,686,5,822,642,86,537,85,380,436,318,424,487,382,719,74,172,616,856
833,812,791,408,203,328,278,311,957,883,77,586,539,315,650,814,823,102,326,423,948
834,465,144,1086,533,178,537,746,85,382,277,553,820,874,423,534,258,37,802,182,1044
835,276,276,822,58,585,615,0,741,373,488,922,822,739,206,615,893,255,278,306,841
836,617,812,1087,667,952,464,373,992,74,614,525,873,670,692,373,1012,982,111,487,1069
837,571,179,952,1087,172,20,957,545,488,432,802,553,366,825,189,1123,128,229,927,799
838,58,558,538,974,68,741,642,107,642,436,816,240,539,684,992,527,470,287,544,951
839,538,203,45,797,586,736,31,868,597,269,168,396,209,228,642,486,585,93,843,1032
840,623,50,586,1109,687,521,65,524,694,553,411,554,121,220,736,767,236,170,1068,1008
841,461,58,172,879,146,620,623,520,741,922,86,366,526,286,741,311,694,436,935,1007
842,380,192,812,178,153,12,537,389,871,822,435,128,537,130,521,407,417,909,548,1034
843,422,357,558,692,694,87,209,269,545,586,366,252,396,18,545,525,748,553,832,795
844,192,98,687,449,255,373,324,488,813,816,252,63,999,860,813,170,330,922,472,786
845,122,648,203,236,862,0,425,883,701,525,282,651,252,830,389,411,709,366,979,650
846,686,188,146,729,1045,86,741,295,696,168,315,151,389,868,295,86,47,425,758,685
847,188,217,69,679,944,992,992,186,62,411,70,702,340,1028,791,966,648,396,983,572
848,662,225,862,871,402,29,120,871,791,86,209,999,966,771,558,746,801,816,996,221
849,791,380,591,795,12,65,545,813,558,1085,425,62,820,679,704,981,661,814,681,228
850,900,12,789,93,70,545,189,709,746,694,635,425,70,899,825,378,422,718,95,998
851,63,879,617,813,685,425,252,538,47,873,725,1085,120,811,524,953,178,737,977,696
852,558,974,916,701,87,32,186,114,822,435,120,1087,757,717,777,1055,170,33,452,130
853,69,178,571,648,729,189,308,558,873,739,966,709,616,703,328,879,77,428,1009,985
854,591,77,58,448,448,524,240,822,536,670,42,47,266,878,302,26,277,670,634,1072
855,684,302,144,791,201,389,42,597,739,282,820,1109,128,115,684,944,525,7,500,565
856,1003,352,648,255,905,70,524,1061,748,425,278,444,71,421,876,667,168,526,995,1031
857,144,51,900,87,118,623,366,952,1107,311,850,860,631,1012,538,309,411,537,314,474
858,982,525,974,905,746,266,328,413,1056,252,63,779,632,829,718,739,436,534,925,774
859,578,432,940,0,59,248,461,586,330,999,787,70,745,269,860,892,189,521,344,305
860,228,686,625,558,206,1,389,330,578,70,814,616,650,82,541,560,86,615,984,599
861,1090,940,879,22,0,883,70,627,940,830,718,417,423,432,209,436,435,373,523,683
862,1074,750,878,206,22,311,434,687,801,652,737,324,855,1097,396,553,366,389,337,720
863,585,900,982,560,136,252,424,743,702,324,670,487,627,424,797,922,850,295,888,458
864,748,936,236,29,29,22,605,172,1045,366,526,424,812,357,324,822,824,514,505,570
865,139,568,893,892,8,366,650,855,878,862,808,635,734,874,340,816,1131,240,926,826
866,879,240,98,944,61,120,357,146,470,120,909,725,809,315,757,168,599,371,847,331
867,1087,748,662,739,31,240,310,1086,750,1087,537,166,692,502,286,366,690,372,456,690
868,1056,122,936,8,616,42,795,862,975,166,992,278,1,209,266,425,683,551,72,152
869,862,1077,735,31,669,140,402,809,424,1078,389,114,397,396,729,189,369,541,90,375
870,1045,539,63,61,1,465,447,734,357,140,821,808,134,1043,252,820,756,704,9,579
871,878,228,578,801,77,443,199,266,936,821,541,650,220,864,465,873,579,992,106,369
872,778,70,750,170,957,71,352,650,679,189,266,423,755,930,71,435,483,545,481,540
873,735,402,68,277,620,220,432,933,874,578,128,734,296,554,40,396,1062,382,28,483
874,1109,324,43,107,511,40,85,913,709,966,151,809,660,318,574,670,1035,791,994,934
875,179,1,1109,830,186,286,679,163,444,487,812,757,633,586,19,252,644,558,300,129
876,625,488,153,436,486,328,757,1,648,424,1088,632,724,623,116,1020,566,836,963,265
877,738,448,585,352,797,31,107,508,170,315,678,745,286,182,812,999,410,328,387,902
878,630,134,41,748,447,519,315,746,616,635,760,816,206,62,626,1027,540,938,17,611
879,174,685,944,77,701,49,326,511,1085,725,883,392,40,818,907,850,129,907,67,409
880,974,878,746,525,277,308,140,620,824,874,871,1,480,635,390,803,902,905,126,518
881,18,201,73,652,791,729,40,692,974,616,382,71,736,461,938,677,934,302,712,23
882,178,220,748,168,812,538,266,964,958,924,534,692,116,725,49,70,443,525,249,13
883,1086,755,702,411,75,116,871,960,417,539,642,855,521,652,858,616,336,168,980,664
884,694,893,59,435,558,812,49,766,114,330,615,220,704,133,575,650,1085,411,270,555
885,77,735,448,282,525,795,116,220,620,824,373,755,743,1078,905,423,407,189,556,726
886,98,746,8,302,784,797,813,755,652,850,741,718,465,960,542,757,999,402,438,283
887,41,475,178,878,892,453,729,487,892,421,545,660,574,697,584,324,455,232,463,489
888,324,616,620,662,836,871,584,616,436,114,813,705,538,1001,464,266,341,313,14,408
889,73,620,105,735,48,813,627,328,324,239,701,627,602,653,402,812,1056,268,241,585
890,669,660,330,324,83,701,743,660,1123,526,791,397,182,840,232,1,1045,459,76,694
891,861,424,74,120,434,434,701,461,553,678,558,296,797,821,334,755,1001,1081,243,590
892,225,75,492,86,199,669,855,507,632,787,1107,633,166,324,618,660,966,1070,215,756
893,784,563,738,425,352,605,809,533,922,642,999,670,729,120,917,465,820,529,956,566
894,199,667,568,217,85,330,616,1056,855,736,189,724,19,928,889,71,1087,1125,959,443
895,679,517,102,189,679,784,791,116,736,209,746,286,390,71,677,40,1094,790,294,676
896,424,1097,48,240,380,791,538,1045,525,537,502,743,49,417,844,390,316,1105,710,325
897,93,514,836,42,432,558,1,905,168,741,487,924,88,924,453,574,251,1049,190,336
898,944,326,380,140,686,172,803,464,411,992,736,643,625,779,803,49,50,642,839,358
899,746,905,669,70,324,461,952,907,435,521,521,40,504,114,285,453,98,741,764,393
900,475,643,83,266,830,952,465,836,252,545,295,787,508,562,687,285,591,334,143,316
901,508,111,905,40,107,146,812,334,86,42,396,678,786,546,146,855,789,813,16,332
902,654,944,32,330,5,302,302,704,282,952,704,382,306,879,836,797,662,524,162,200
903,357,636,77,470,93,855,172,729,850,524,601,736,825,584,964,762,746,618,247,184
904,667,232,692,1,748,627,558,879,670,389,830,526,492,944,313,705,825,538,339,251
905,478,313,434,49,424,424,786,380,128,777,652,992,803,762,949,729,1113,876,135,167
906,59,1046,784,486,357,809,879,944,315,328,431,521,889,738,459,627,684,1015,862,50
907,302,584,199,311,1097,786,146,873,521,820,324,952,584,948,762,965,340,1026,138,144
908,352,941,255,511,514,879,655,797,295,302,104,642,677,40,997,809,136,917,581,767
909,105,913,679,295,326,584,944,812,425,626,616,777,285,787,705,734,860,435,569,347
910,470,982,93,686,475,655,889,397,189,879,952,537,487,678,583,397,774,932,368,43
911,85,625,475,568,643,310,677,850,797,538,938,858,684,627,1007,296,779,892,953,68
912,584,778,1077,786,568,402,295,296,70,584,114,575,136,965,738,633,305,850,846,153
913,83,41,302,578,302,856,285,128,729,1088,650,464,732,786,627,743,1073,1106,1055,98
914,432,118,667,702,940,199,685,277,240,266,423,389,646,306,742,19,840,870,872,236
915,1094,68,87,936,913,357,514,786,627,938,239,541,536,239,965,724,830,699,173,455
916,326,0,1046,746,667,352,949,306,651,172,617,266,811,856,743,464,878,628,614,673
917,232,1057,12,475,936,944,797,432,151,687,571,116,864,743,795,583,868,796,968,341
918,313,38,873,850,240,889,742,648,757,146,121,741,703,328,514,775,421,778,323,702
919,941,166,170,102,166,432,905,701,650,121,47,465,840,626,678,686,651,282,689,628
920,923,57,324,685,584,315,111,791,734,47,524,524,115,632,326,738,269,623,180,778
921,413,59,739,166,397,905,907,1046,809,128,444,328,318,745,551,786,82,818,457,796
922,1077,125,352,517,517,514,636,801,692,444,797,302,821,602,856,508,955,120,11,827
923,1046,136,0,514,1077,206,836,702,166,944,627,704,554,855,786,630,559,879,982,961
924,648,48,694,111,1046,677,734,607,1,905,743,574,62,172,775,654,864,944,1123,1137
925,1097,83,136,116,560,326,464,638,366,240,777,797,709,809,632,487,851,461,362,1129
926,568,105,470,232,311,61,232,424,397,651,328,626,47,808,447,655,329,928,159,1025
927,1058,22,85,313,111,949,313,315,220,151,1,538,702,382,745,484,63,413,816,419
928,643,801,37,960,539,803,762,686,755,677,302,542,860,655,602,607,1109,1116,381,839
929,431,206,277,1077,488,107,206,940,296,907,465,795,779,643,685,478,1144,1075,79,1010
930,539,43,432,508,738,742,856,892,660,808,626,775,1085,484,172,206,614,407,195,1037
931,488,31,601,766,636,111,220,568,633,795,632,402,952,734,280,568,930,999,267,1014
932,873,153,65,941,508,1097,268,724,724,650,538,602,114,913,111,306,891,1001,353,1076
933,638,69,424,616,630,281,755,889,584,402,745,938,949,526,855,221,877,1065,33,592
934,739,585,443,1001,801,447,965,815,678,514,602,905,678,537,808,281,323,845,93,929
935,532,236,436,220,654,734,397,436,786,326,855,829,453,392,655,563,811,820,670,728
936,1038,29,525,306,878,616,508,830,775,562,172,172,742,389,268,504,1078,966,737,865
937,51,873,539,413,236,397,306,421,508,627,687,447,583,757,643,909,821,989,814,1064
938,913,281,5,432,653,788,296,1030,825,762,809,729,1007,266,809,398,881,319,7,364
939,727,413,168,704,873,1077,334,366,209,111,146,514,762,480,734,718,732,284,615,187
940,486,738,488,863,487,643,825,936,684,786,729,19,965,812,913,428,427,433,534,1017
941,1057,630,411,812,910,636,620,748,487,431,734,326,777,736,636,1096,717,262,373,835
942,560,654,435,655,170,836,660,63,136,104,913,49,775,1,572,541,703,543,295,577
943,940,417,357,397,232,907,487,773,306,965,757,545,607,755,909,856,115,827,571,731
944,750,73,86,539,889,232,281,240,120,836,134,913,686,660,428,825,318,862,551,501
945,936,431,282,488,484,313,607,750,743,743,655,232,738,607,629,340,960,958,308,437
946,1137,330,517,825,739,417,686,166,42,685,397,786,858,465,761,684,1012,940,528,780
947,692,702,486,128,735,755,633,679,464,447,453,334,172,116,397,136,967,867,434,713
948,789,255,315,74,907,296,478,302,524,636,71,655,575,574,296,860,822,1057,310,320
949,136,784,228,1046,702,295,568,795,328,382,856,685,808,609,630,779,502,750,199,805
950,236,789,311,694,313,268,684,402,396,655,296,280,913,521,654,228,114,810,317,1047
951,68,5,252,755,760,539,136,685,607,464,392,618,655,113,607,889,1123,665,85,924
952,281,470,240,900,470,396,30,514,879,232,464,917,900,704,686,949,697,580,488,1117
953,43,8,514,684,941,572,443,326,686,775,240,686,856,390,484,742,653,293,617,787
954,330,93,326,873,601,334,221,30,71,313,692,630,447,938,508,1007,981,650,348,705
955,153,170,22,487,436,551,597,111,944,856,795,654,630,797,221,114,953,571,121,1095
956,102,492,166,546,168,508,417,281,1095,268,402,484,643,795,478,448,1055,617,84,939
957,1131,277,111,431,411,488,934,431,910,738,326,206,464,729,281,517,252,228,403,938
958,1113,739,366,760,252,306,724,425,635,396,220,182,795,19,633,253,324,734,245,992
959,693,601,431,136,282,30,892,104,895,334,40,508,654,686,398,446,1050,1,5,737
960,801,824,425,37,315,850,916,760,889,30,905,448,484,49,448,664,432,660,352,583
961,573,652,874,443,330,421,910,1107,677,813,286,517,478,397,517,726,1097,397,590,382
962,448,436,70,601,417,660,635,601,725,228,775,520,563,296,253,239,829,296,34,814
963,417,87,584,104,1001,63,396,435,803,797,19,687,448,633,724,967,650,633,167,7
964,702,508,803,121,86,285,725,121,626,825,786,111,948,724,1042,657,736,755,144,534
965,1085,889,636,424,850,597,702,286,938,729,879,268,517,777,870,631,424,724,333,615
966,8,168,220,47,102,910,1001,584,285,630,944,306,829,858,563,692,874,894,325,373
967,217,677,286,357,413,635,578,447,465,573,447,572,328,575,900,546,315,133,385,295
968,1104,428,31,326,37,762,862,396,949,423,49,221,626,478,1126,220,326,504,676,571
969,492,411,232,584,443,633,760,636,742,281,685,607,609,448,238,286,1047,1029,92,704
970,942,532,313,856,465,702,1107,232,478,654,116,478,898,542,898,130,757,508,359,617
971,1041,61,465,636,428,725,601,313,302,684,643,551,542,568,388,948,71,536,767,545
972,48,425,428,268,435,607,428,252,795,812,964,253,568,88,1023,785,40,306,393,551
973,677,435,913,315,366,965,940,958,402,632,836,897,240,517,990,1120,49,607,358,791
974,1126,546,941,65,121,487,413,677,538,136,907,388,113,514,103,997,480,487,489,741
975,653,282,1001,248,65,743,750,803,1097,760,514,879,402,253,849,1122,116,1136,332,642
976,945,803,562,291,652,760,539,417,514,855,111,309,685,146,1106,789,166,924,347,813
977,255,315,413,396,425,686,936,551,172,883,232,146,938,905,568,591,609,930,200,524
978,5,486,652,670,128,601,850,285,326,871,636,431,221,964,1096,830,88,603,184,302
979,277,306,1044,252,120,121,488,694,40,643,313,229,514,111,1058,868,113,923,354,876
980,601,86,573,366,562,478,830,651,762,701,268,944,253,302,697,1028,988,822,68,538
981,170,850,850,334,74,1107,121,881,905,791,428,446,905,431,638,269,775,873,460,558
982,652,102,120,1095,189,568,878,151,111,809,572,836,111,836,657,771,627,1020,283,328
983,436,311,121,30,546,724,948,910,431,734,334,239,520,907,948,421,795,998,43,907
984,168,121,546,221,42,128,999,635,104,1107,280,532,687,687,480,1078,786,696,236,836
985,428,120,189,970,140,999,128,725,583,761,30,964,326,240,166,960,447,1058,749,905
986,411,189,42,228,948,1056,785,785,760,532,618,907,388,402,609,1088,655,1123,153,402
987,435,42,653,889,220,1095,1069,874,999,686,221,313,268,326,546,164,685,981,379,232
988,282,140,128,660,71,428,1056,949,601,484,573,287,309,447,88,714,280,953,735,313
989,311,128,104,677,40,1074,480,825,965,1,229,133,572,232,113,594,572,1055,823,268
990,120,396,71,916,286,166,958,583,573,465,448,371,431,313,653,730,221,252,672,334
991,425,252,40,803,49,948,166,633,423,909,532,459,229,268,504,94,448,465,122,459
992,87,366,281,910,116,1045,874,919,286,558,517,372,446,594,1001,912,517,574,41,280
993,189,74,480,948,755,862,431,1022,563,229,459,380,239,229,897,573,253,787,74,618
994,252,285,390,465,306,1046,629,684,447,459,446,815,897,287,646,697,446,855,102,917
995,12,635,248,738,268,785,583,863,49,287,133,584,302,532,864,653,630,678,37,1106
996,240,487,1057,428,660,1069,919,1023,655,371,607,812,146,371,431,480,654,900,585,911
997,546,949,49,653,677,874,694,136,206,372,686,844,836,685,164,787,508,775,417,666
998,0,465,398,285,803,221,286,47,116,692,508,453,232,372,1088,382,306,797,255,596
999,86,948,616,286,396,1057,551,941,856,397,478,803,287,636,573,736,487,627,86,442
1000,22,653,206,551,295,1040,572,465,628,757,281,889,103,775,446,116,239,743,470,582
1001,42,742,417,71,334,940,1020,742,421,220,398,677,879,572,239,209,484,786,83,600
1002,948,71,116,630,1058,1047,47,967,182,280,253,285,944,761,714,642,287,809,631,368
1003,366,40,397,949,30,280,1046,1001,796,71,287,874,964,765,287,524,238,795,692,838
1004,70,286,29,742,296,750,1057,444,685,755,371,949,907,221,594,166,898,447,220,471
1005,71,49,519,296,421,936,1040,966,704,296,372,583,313,281,628,328,990,655,286,513
1006,315,397,755,572,285,958,1047,820,636,601,206,742,532,446,730,302,103,685,391,441
1007,40,785,140,785,638,625,280,824,428,428,551,281,133,630,796,609,787,636,297,108
1008,220,296,61,654,1069,1020,1027,1020,643,629,629,760,371,504,778,704,743,572,45,1084
1009,286,398,296,1069,874,900,947,1085,907,660,182,601,372,164,827,88,802,761,24,462
1010,31,1069,1047,874,63,919,704,937,836,633,228,898,380,508,94,113,526,729,101,301
1011,49,874,396,281,670,1027,1045,817,232,724,765,762,765,714,1097,628,537,464,104,99
1012,850,480,107,484,551,694,1085,762,313,933,755,568,562,464,921,796,389,280,65,1071
1013,398,116,334,417,1040,947,574,1007,268,163,761,738,628,654,1028,778,266,629,20,160
1014,37,295,670,633,1047,704,917,652,1040,974,660,990,796,730,554,626,19,686,18,1030
1015,206,268,88,629,280,492,546,1104,334,508,633,103,228,563,771,829,390,630,830,941
1016,480,583,704,724,785,228,609,965,280,306,724,546,636,94,62,938,521,654,748,936
1017,116,942,574,607,572,47,652,1057,30,103,306,480,761,985,1078,897,388,478,1073,919
1018,803,572,609,966,635,431,1034,655,572,765,625,948,546,388,811,905,849,568,662,848
1019,29,334,889,583,750,629,876,856,551,607,562,609,130,1047,662,520,1023,484,746,772
1020,742,551,660,1107,1020,583,618,629,459,478,546,856,281,628,960,586,281,221,330,595
1021,268,1047,677,423,1027,761,88,860,629,563,130,88,778,796,702,146,777,563,878,4
1022,396,30,551,478,281,1007,698,1044,574,628,574,228,18,778,709,795,398,281,1028,716
1023,572,704,295,820,633,652,1090,779,568,796,917,113,651,827,689,836,695,71,1033,349
1024,334,725,291,519,947,546,1098,573,221,913,584,765,822,695,840,964,1038,398,771,147
1025,140,459,910,1020,724,104,1008,1095,618,778,889,130,909,1038,181,907,727,448,421,831
1026,61,629,285,635,949,182,1074,428,625,398,677,504,924,727,1128,687,607,517,930,804
1027,166,484,30,574,742,101,1086,398,228,286,803,18,718,642,216,380,797,253,82,721
1028,397,221,630,182,221,574,937,229,917,1027,285,562,1044,992,821,685,855,446,607,834
1029,755,958,508,917,861,480,817,900,492,546,825,1007,1095,741,532,240,809,697,668,454
1030,296,607,654,130,942,609,563,697,913,40,870,636,428,545,229,514,729,768,31,619
1031,704,574,572,1057,725,130,900,206,761,480,949,761,1117,524,240,402,734,880,620,365
1032,574,609,487,1040,704,917,628,182,778,948,742,390,785,334,765,326,464,975,797,511
1033,609,88,966,1047,431,1120,796,268,1007,697,684,965,1120,538,651,111,686,653,729,217
1034,551,1087,949,280,104,88,625,1047,860,206,651,1095,541,280,371,636,478,324,686,378
1035,443,478,1038,563,248,1034,975,280,779,116,937,909,787,551,881,232,563,546,786,739
1036,785,694,635,1097,574,1098,104,572,229,572,817,428,760,909,985,313,568,736,630,855
1037,1069,1109,629,628,291,876,182,221,785,1069,860,563,1020,718,372,268,164,40,654,627
1038,107,37,423,796,480,18,228,574,1020,551,779,813,601,428,967,431,181,49,484,809
1039,104,937,583,1027,609,618,101,478,546,947,906,629,1088,917,695,229,714,116,508,889
1040,65,65,1040,643,607,1008,492,228,130,1044,785,900,883,541,986,287,594,868,478,949
1041,874,443,280,947,563,1085,130,546,1001,1095,874,773,1069,876,928,532,730,480,56,734
1042,1047,1038,182,1034,519,1058,1097,948,966,182,583,1113,939,618,867,371,94,609,87,1
1043,121,107,306,876,778,1086,18,101,820,130,762,906,992,870,924,372,1128,88,239,742
1044,280,104,742,913,423,861,643,761,281,704,480,985,382,813,1057,992,216,113,287,397
1045,32,695,484,618,88,573,913,917,18,574,568,657,1047,785,1075,741,608,971,840,296
1046,128,248,820,761,182,398,1127,130,480,609,697,870,642,997,1127,334,693,815,868,633
1047,635,182,268,958,478,653,761,1027,448,19,609,669,741,1096,1038,538,812,773,128,724
1048,1001,519,103,778,958,423,778,18,19,1117,948,784,545,760,727,280,1,781,1078,504
1049,88,130,727,919,1034,638,974,653,398,390,88,785,524,601,1044,572,755,916,811,755
1050,248,291,1107,861,876,229,1019,1069,517,939,18,1020,871,900,1095,618,397,910,960,660
1051,966,423,958,942,1137,937,573,841,948,49,113,997,334,1122,760,459,296,841,821,955
1052,519,113,919,229,1129,817,653,423,446,803,1020,628,280,844,601,876,660,970,651,559
1053,947,229,221,725,709,651,71,947,697,889,1007,796,813,883,1117,551,633,679,151,329
1054,487,19,607,770,47,113,423,1034,609,285,504,778,701,1069,785,765,504,635,921,1033
1055,1034,18,478,480,618,881,229,1040,88,949,997,827,791,871,1069,870,724,899,274,891
1056,725,727,937,609,937,942,966,618,738,583,390,868,558,705,1020,917,628,725,63,385
1057,459,32,130,19,1038,967,19,480,937,742,965,1044,1107,701,939,1106,796,914,881,260
1058,629,914,761,532,695,151,820,609,113,18,801,824,551,791,1120,651,778,757,62,379
1059,770,1001,1027,398,966,444,398,19,653,1034,1085,841,459,558,947,881,827,392,709,950
1060,820,1020,917,695,629,1001,1042,876,630,618,563,1040,629,1107,1098,760,465,266,47,788
1061,562,1040,1137,88,583,19,861,88,654,568,1104,1033,398,459,1008,601,574,19,444,345
1062,1107,280,947,937,113,966,1061,532,253,876,960,1028,1027,629,1099,652,1095,1096,967,354
1063,74,966,1129,459,130,820,532,448,239,88,1087,771,947,1044,1019,1069,785,812,895,333
1064,295,770,709,113,727,824,942,459,484,860,628,890,1034,1008,883,1044,1120,390,1144,359
1065,182,1027,47,1038,919,563,770,113,287,779,796,899,618,398,1122,1008,1122,1042,1024,735
1066,291,919,1098,1058,1107,1127,960,517,817,221,778,957,1098,947,871,1034,636,680,250,37
1067,618,820,765,504,820,628,459,446,698,940,1044,1120,876,1002,701,1024,209,1003,1143,102
1068,914,1107,1008,727,761,796,113,997,1090,917,827,861,1008,937,1107,1001,992,669,1116,1028
1069,761,253,861,1056,917,778,1007,253,504,937,986,357,870,817,1002,906,870,942,1065,771
1070,917,761,942,253,651,504,1104,504,390,870,1117,883,997,1117,937,971,997,986,1119,830
1071,113,1122,113,390,229,913,504,1002,1058,448,1027,1117,1002,1101,817,815,922,1095,829,878
1072,616,670,725,999,19,448,448,390,1023,113,1095,1034,917,1095,1101,584,396,785,803,868
1073,423,633,770,1007,881,960,997,738,103,517,1069,871,937,939,1034,985,816,1120,669,128
1074,30,504,651,895,970,517,517,630,1074,446,939,701,817,1042,605,1117,760,1122,942,421
1075,306,1007,18,714,770,827,446,654,1061,653,1120,791,1101,181,1024,773,601,915,890,829
1076,130,947,881,1127,967,253,253,239,1086,936,738,1027,1077,1106,868,939,909,584,677,748
1077,999,1120,1034,1120,151,970,860,484,1077,750,1047,1107,892,693,250,841,814,825,844,82
1078,421,1098,876,1098,444,770,390,1038,1046,253,947,398,1019,1128,829,669,737,684,867,326
1079,229,917,618,1008,824,1019,1002,287,1057,958,1002,1069,1042,216,906,784,670,136,1057,976
1080,19,1008,1058,730,504,390,779,103,1027,817,1101,939,881,1024,269,781,382,860,453,610
1081,221,999,967,817,999,1042,695,371,1047,1007,630,558,827,250,971,1040,718,779,784,539
1082,1122,1058,638,1045,817,446,738,985,1069,504,878,1047,967,1058,815,970,428,1127,906,63
1083,670,817,785,1019,398,997,630,372,947,1104,669,947,693,453,773,679,541,677,781,669
1084,1020,1127,444,1085,1085,1002,1038,563,1120,960,654,1098,1024,1034,1047,942,883,844,986,942
1085,660,1045,633,1086,1086,1104,727,765,1098,766,945,876,250,1046,841,916,534,985,1040,1128
1086,285,591,151,827,960,532,654,1098,1008,785,951,1008,849,889,890,899,741,705,971,216
1087,583,638,229,1042,1104,1029,239,628,861,1020,1032,1002,906,677,669,424,642,453,976,1144
1088,633,724,19,849,849,860,484,1008,997,997,421,937,695,949,784,910,615,803,610,1083
1089,958,390,824,18,390,738,287,562,942,1101,784,817,1038,803,899,357,373,583,815,972
1090,937,446,504,446,253,459,103,796,770,1002,484,1019,727,285,957,874,545,784,773,768
1091,817,1137,999,638,446,630,371,778,638,841,841,1101,1028,583,861,635,334,906,970,880
1092,960,1129,1020,1029,532,779,372,870,1034,669,824,1042,1033,1007,942,725,813,889,916,975
1093,1007,1034,724,239,997,654,827,1087,876,827,1040,914,841,815,717,914,295,285,584,899
1094,517,876,1127,1104,239,239,562,861,532,861,1098,269,669,742,781,986,551,949,1127,914
1095,253,618,253,287,287,484,765,1109,1002,698,1008,892,771,890,1040,1095,871,742,874,967
1096,446,239,563,914,1002,287,849,357,1038,1090,1127,942,890,789,970,1047,701,1007,910,1077
1097,1029,709,693,371,1007,103,1029,1029,371,1086,1019,1001,899,669,912,678,791,1040,679,693
1098,997,47,446,1012,1087,849,912,827,372,1074,898,1058,957,591,916,761,558,657,635,877
1099,1040,1085,914,562,1029,1087,914,849,765,1120,103,930,605,784,914,883,1107,762,725,502
1100,504,1086,239,765,693,1012,1077,1077,562,1040,1034,1023,861,867,403,545,524,738,762,508
1101,792,287,421,997,1120,863,421,1012,727,695,876,849,830,906,333,871,538,965,738,757
1102,1127,371,817,1017,1098,895,1087,1094,960,1098,890,1078,868,971,910,813,302,856,948,743
1103,239,960,287,421,1008,1109,1012,1101,1104,1008,849,960,357,773,375,701,1044,948,705,607
1104,724,562,1019,860,1127,1038,863,1131,1019,1038,1042,1061,914,1057,789,791,1069,997,583,266
1105,484,765,1024,1002,371,371,1109,727,1042,727,957,770,269,841,690,558,1008,1047,1069,465
1106,390,1019,778,792,459,562,1058,923,1087,1109,897,586,1061,861,129,1107,704,292,1044,574
1107,1012,1104,250,591,1019,1017,895,895,1101,1019,657,830,930,781,265,629,947,698,1008,797
1108,919,1042,101,789,765,792,1137,792,1029,881,1029,878,784,1120,591,947,1034,1086,841,729
1109,287,1029,597,779,1024,985,1022,591,1012,1042,1109,652,942,970,507,937,618,1090,947,19
1110,876,1012,960,94,250,372,638,789,1109,1106,900,421,1078,986,533,817,876,1074,627,686
1111,607,421,1042,923,101,695,1129,970,827,890,861,717,770,1040,1056,1002,1002,1069,965,478
1112,1129,860,997,1137,597,413,709,916,985,967,357,1029,586,916,1045,1101,629,1098,743,563
1113,1002,779,1002,1094,103,727,651,1113,849,1094,1106,1077,960,1127,1131,1019,917,1044,1019,568
1114,651,997,1029,1117,1012,765,591,1017,1094,591,1094,1012,652,942,1113,1042,1117,760,563,997
1115,709,792,895,1129,860,870,881,942,881,789,653,1046,1040,698,1087,1098,939,1008,1098,1058
1116,371,1002,1007,651,779,916,985,770,967,957,881,881,824,1086,1109,1099,937,1117,1117,784
1117,47,651,1012,709,1042,1094,967,1127,870,357,967,693,1029,1090,648,900,817,939,855,781
1118,881,985,792,881,985,693,151,1117,863,1131,1001,967,1001,1061,801,1058,328,947,939,970
1119,967,881,860,985,372,923,789,1106,912,942,985,1024,324,770,292,698,1101,601,655,916
1120,151,967,923,967,916,1024,444,1097,914,1061,789,1088,985,1074,698,1086,1019,1019,856,986
1121,444,372,779,372,912,250,1094,945,1131,770,591,250,717,1019,1090,1090,1042,1099,447,1040
1122,895,151,532,151,870,1101,824,912,1113,1001,698,698,1012,657,1086,1074,1106,1034,678,678
1123,765,511,1094,444,1109,1131,870,951,923,985,1086,1086,698,1075,1074,690,892,1137,636,900
1124,824,444,1101,1101,914,591,1017,939,792,1113,1090,1090,1086,1067,539,265,1098,1129,629,403
1125,951,923,1131,1131,792,789,1101,643,1017,1024,1074,1074,1090,1098,1067,1067,1099,1133,761,507
1126,1024,693,371,824,591,1113,792,999,900,250,942,912,1074,1100,1100,555,1096,1111,1095,533
1127,250,870,459,693,789,1106,923,1019,591,1029,1099,573,912,1104,1104,676,1072,1130,1042,1045
1128,860,945,1113,1113,923,1117,1131,1032,789,863,1061,1099,573,1099,1085,507,1058,1108,900,1131
1129,101,951,1120,1093,1094,1099,1120,914,1106,900,770,697,1106,910,1094,533,968,1067,870,1113
1130,103,1094,1097,870,1117,1073,693,1120,1099,1097,1077,695,1099,1077,1132,1131,1067,1100,1099,1087
1131,597,1032,1117,1099,1101,1122,1113,1042,1096,1099,1012,1122,697,1152,1137,1056,1100,1104,292,1067
1132,1101,1101,1099,1122,1131,1093,1099,1099,1073,895,1046,1038,653,1150,1082,1100,1104,883,1137,1100
1133,1120,1131,1122,1106,1113,1096,1106,1096,1122,1077,1131,727,1122,1087,1129,1104,1132,1132,1129,1104
1134,1073,1113,1093,1041,900,945,1122,1122,1041,1122,1113,653,591,1094,1140,1045,1082,871,1133,1094
1135,779,1117,1041,1073,1106,951,1024,1058,693,1046,1097,1106,878,539,945,1085,512,701,1111,1085
1136,1106,1024,1106,945,1093,912,250,693,945,1012,1122,1094,789,1132,1061,1061,1119,1107,1047,1056
1137,695,250,1073,951,1099,1032,512,1073,951,923,1096,1097,421,1133,770,770,1136,1002,1034,1109
1138,1096,1099,945,1024,1122,914,945,1041,1032,1058,895,591,657,1111,586,1087,292,1101,1140,1132
1139,1098,101,951,1032,1073,1041,951,1133,1126,945,1126,789,1096,1126,1077,1094,1137,937,854,789
1140,1008,103,1032,250,895,918,1032,1093,1093,951,863,1096,1058,912,1012,1113,1129,817,1061,591
1141,1099,597,1096,101,945,1133,1073,1111,921,1032,912,801,1133,914,1072,648,1140,1082,770,1153
1142,1019,1093,1133,103,951,1111,1093,1126,1133,1096,1073,1126,1111,881,830,1109,1133,854,1077,754
1143,1042,1041,1111,597,1041,512,1041,1137,1111,1023,1144,1073,1087,967,1133,1077,1111,1072,1096,1082
1144,1032,1106,1126,1096,1032,1126,1133,512,1024,912,1119,895,1097,1113,1111,1137,854,693,1108,1133
1145,1111,1073,512,1133,1096,1082,1096,1024,250,1073,1058,945,1109,1137,799,1129,1068,1144,698,1111
1146,985,1096,985,512,1133,1144,1111,250,512,1126,1024,1133,801,1129,951,1132,1154,1024,1086,1019
1147,1082,895,372,1111,1111,1119,1126,921,1144,1047,638,1111,1126,1073,1032,1140,1024,250,1090,1098
1148,372,1111,1082,1126,1126,1137,1082,1129,1137,1133,1133,1144,1113,1082,878,1133,250,921,1074,1099
1149,1144,1082,1144,1082,1082,1129,1144,1144,1129,1111,250,1119,1137,512,506,1111,698,512,1126,1140
1150,1119,1144,1119,1144,1144,1143,1119,1082,1082,1144,1111,1140,1131,945,421,512,1086,918,961,1073
1151,1143,1119,1143,1119,1119,1140,1143,1119,1119,1137,1137,1137,1073,1136,872,1136,1090,961,918,1136
1152,870,1143,870,1143,1143,1136,1140,1143,1143,1129,1129,1129,1129,1119,1119,1073,1074,1119,1136,1143
1153,1140,1140,1140,1140,1140,1135,1136,1140,1140,1119,1140,1136,945,1140,1073,1119,1153,1140,1135,1154
1154,1136,1136,1136,1136,1136,1154,1135,1136,1136,1140,1136,1154,1119,1144,1144,1154,754,1154,1154,1135
