,HamalDiocletian
1400725,0
29,1
37365,2
40045,3
40152,4
677717,5
766246,6
855719,7
858479,8
865151,7
867393,4
869360,7
900032,6
902038,6
902877,6
946481,6
992646,7
1011675,9
1065967,10
1137946,11
1141813,11
1347886,7
1351125,7
1367171,0
1375101,0
1377586,4
1391179,0
1392771,0
1395971,0
1398253,0
1405493,0
1406463,0
1414206,4
1419315,7
1427012,7
1429969,4
1591270,12
1622901,13
1646076,14
1678567,15
1679034,15
1706716,8
1715990,16
1805406,11
1805418,17
1805669,10
1856512,6
1868538,10
1924051,7
1961182,18
2142817,4
2200028,2
2204467,2
2206279,2
2209091,2
2215247,2
2215447,2
2215622,2
2216131,2
2216187,2
2216445,2
2260755,4
2283495,4
2284021,4
2340336,4
2355126,4
2357110,4
2369444,4
2379529,8
2379544,19
2438653,20
2439067,21
2439134,22
2439150,9
2456826,4
2504517,17
2505266,17
2506050,9
2512602,6
2532841,6
2544902,6
2552701,6
2557644,16
2568465,23
2568522,23
2571761,5
2582391,16
2584838,5
2597151,4
2608843,5
2610744,3
2611805,3
2612527,24
2628785,24
2648254,25
2650887,17
2652641,11
2655798,11
2659386,4
2659504,26
2663649,11
2667061,10
2667980,26
2669331,27
2669844,28
2670619,11
2772093,11
2775707,6
2775943,6
2776773,29
2797480,23
2846555,30
2852273,4
2854715,31
2878185,11
2881070,11
2885630,11
2910892,11
2911847,11
2914206,29
2920061,29
2920554,29
2921933,29
2932028,32
2935173,31
2935198,29
2963280,10
2964760,20
2966602,0
2979486,33
2979675,23
2988292,23
3002410,29
3009700,11
3010486,10
3021609,10
3027876,34
3032520,24
3043970,35
3044500,21
3046503,4
3048606,11
3054101,3
3058132,11
3060480,21
3061422,30
3071301,16
3122533,11
3123905,7
3149791,18
3157405,4
3158085,4
3158123,4
3158543,3
3166745,11
3166836,11
3167039,31
3180681,11
3182103,11
3192952,7
3199456,16
3232277,10
3232808,10
3234817,1
3235409,31
3251140,11
3272218,30
3276003,4
3281684,4
3299214,0
3347708,1
3347834,1
3410499,3
3410506,3
3414508,4
3436420,4
3450442,3
3450751,24
3464773,3
3465659,3
3486381,3
3486867,16
3487306,29
3497901,1
3498479,4
3511996,3
3522293,1
3538129,5
3539170,8
3543931,8
3547397,3
3556191,4
3561724,4
3586984,8
3587612,1
3592997,3
3595837,30
3598000,4
3608397,36
3609202,36
3620633,4
3639968,36
3650006,8
3650600,29
3652587,8
3664102,1
3690921,29
3694515,3
3707204,16
3708875,8
3716797,3
3726990,9
3727004,29
3727026,4
3729496,7
3729504,4
3732322,7
3756659,29
3762317,7
3762787,4
3764792,37
3765728,9
3765735,18
3768025,3
3771794,3
3774568,21
3790004,5
3793681,8
3793760,9
3794023,19
3795424,16
3795498,0
3797420,7
3806573,5
3806652,38
3813723,5
3814175,32
3814635,16
3814651,39
3814701,8
3814853,31
3819157,40
3819171,3
3819859,33
3820148,36
3822523,16
3827211,5
3840345,5
3844799,16
3844961,16
3848843,16
3862443,11
3865952,5
3869488,29
3872653,31
3882998,18
3885215,5
3886356,41
3890028,42
3893195,5
3896629,5
3913613,6
3913620,25
3913629,5
3915835,7
3925724,4
3926438,19
3926669,41
3926904,4
3928522,19
3928574,19
3928652,19
3930411,32
3931398,9
3932136,31
3944330,20
3944626,20
3945136,37
3945225,4
3945232,0
3945246,20
3945394,0
3945454,0
3945756,28
3946166,4
3946364,19
3946432,19
3946569,19
3954014,5
3958234,5
3963891,5
3966683,16
3979181,43
3980315,5
3985829,5
4017089,5
4017464,25
4022539,32
4023881,5
4044654,16
4067286,10
4073353,5
4076389,5
4096703,38
4097554,10
4099900,32
4101295,16
4101621,32
4102413,29
4103336,12
4108016,36
4108720,31
4110483,28
4114133,10
4116174,16
4117305,40
4119387,10
4127096,10
4127707,29
4127926,11
4127938,11
4127944,30
4128002,33
4130960,11
4134539,40
4142619,15
4144377,25
4152020,29
4152272,25
4154421,36
4173633,15
4180774,25
4185530,25
4188290,42
4188325,25
4190567,44
4195012,1
4199033,45
4201020,45
4201555,44
4214582,32
4215611,37
4227304,1
4227544,1
4227831,45
4227880,45
4228105,45
4228119,22
4229950,1
4230061,1
4230739,1
4230749,1
4234009,45
4234016,45
4234559,15
4235139,45
4241192,1
4241237,1
4260935,36
4274518,26
4279887,36
4311241,15
4311586,38
4319395,29
4324479,13
4324567,13
4324898,5
4327684,16
4337398,25
4338596,19
4346154,46
4354933,3
4363883,0
4379508,42
4379603,22
4381129,13
4381377,9
4390116,15
4391317,22
4391978,38
4393026,11
4393049,16
4393350,11
4398543,2
4400767,0
4401350,40
4408362,45
4408369,45
4408397,45
4409374,15
4411505,40
4411542,45
4411688,42
4412036,40
4412315,40
4414163,0
4414184,0
4414426,1
4415241,1
4422289,35
4433197,45
4433960,45
4444354,1
4453485,4
4473922,22
4493199,3
4506509,4
4514494,32
4515496,45
4518546,40
4523584,4
4523803,4
4541081,8
4570270,36
4575178,45
4591713,15
4598109,0
4598363,1
4607160,22
4617479,47
4620453,29
4635057,36
4636432,36
4637677,21
4651929,5
4664256,47
4665186,48
4665627,45
4679139,16
4680995,2
4700078,5
4721087,10
4721538,23
4749004,15
4778745,36
4780707,36
4785242,19
4812481,17
4847079,17
4849988,25
4876704,38
4876839,28
4884579,34
4901087,48
4917442,25
4919895,1
4926999,22
4966994,14
4982172,5
4983938,29
4985759,36
4991243,8
5010581,4
5019924,1
5033480,21
5038920,30
5051342,1
5052370,25
5053417,46
5057916,24
5080991,21
5088293,24
5090549,3
5091874,41
5093516,3
5095269,24
5116147,3
5116861,8
5118060,36
5120990,24
5134110,11
5162462,17
5163599,17
5164129,14
5167842,25
5169587,32
5186443,33
5186461,8
5247102,16
5261424,8
5289042,22
5291791,3
5319633,25
5321459,45
5322337,24
5326407,45
5327961,24
5369028,49
5382876,4
5395823,40
5448622,16
5453333,48
5462159,47
5474852,8
5476653,4
5478818,16
5480553,4
5484314,22
5500958,50
5503982,47
5507096,29
5512988,11
5516552,15
5545085,11
5558724,7
5559657,4
5560620,4
5577650,21
5585799,11
5590611,16
5591201,16
5592307,16
5617164,7
5656152,31
5657004,11
5669107,51
5671303,23
5675990,23
5678582,12
5679304,23
5680013,47
5681132,13
5684940,47
5688091,30
5689639,23
5690425,2
5691934,11
5700090,31
5704424,11
5708994,8
5712849,48
5730322,26
5734134,47
5738449,51
5744058,33
5744502,11
5745110,21
5745929,47
5746180,23
5747036,23
5750884,11
5754346,30
5755261,11
5760480,23
5762666,2
5763407,11
5764924,21
5767836,11
5768240,10
5769582,47
5771934,46
5778133,21
5782947,25
5783868,49
5786898,25
5790355,25
5791548,49
5794678,43
5805651,45
5816138,25
5835799,1
5835815,1
5836035,1
5836163,1
5836181,1
5836197,1
5836206,1
5836387,1
5855343,27
5856647,43
5858788,17
5859372,13
5865628,47
5869204,29
5870071,13
5874480,22
5890323,29
5893912,14
5895651,14
5898284,17
5900426,17
5902352,14
5934511,15
5935744,15
5936935,24
5937084,40
5938794,22
5946241,11
5955853,4
5956787,4
5959820,22
5963873,22
5966099,43
5971400,42
5973097,42
5975584,4
5976168,42
5993765,17
5995125,17
5996485,4
6011278,9
6049565,15
6061068,4
6111289,47
6114695,11
6125806,11
6133702,9
6143930,38
6153877,15
6154200,43
6154921,25
6155577,25
6156152,25
6182848,45
6188181,15
6190181,15
6193472,45
6218461,16
6219445,16
6219781,16
6220384,38
6250655,27
6252764,16
6254216,28
6290724,46
6298455,45
6300434,34
6317793,42
6340439,3
6445994,4
6446394,47
6451332,3
6494274,3
6494382,21
6554358,4
6557581,5
6572414,23
6591182,9
6597872,9
6604203,20
6609380,25
6610913,25
6611100,44
6611894,51
6623049,47
6623089,47
6633635,11
6653450,15
6692908,11
6699205,1
6700147,25
6702830,40
6702943,25
6703240,0
6704232,40
6723364,47
6729443,47
6791927,3
6883831,4
6978585,19
7005145,28
7005184,33
7025064,14
7025831,13
7026287,43
7053966,18
7055857,40
7056904,45
7057730,13
7057894,12
7058243,13
7065182,32
7092086,24
7092417,3
7107433,3
7130033,4
7160160,7
7168356,48
7187384,40
7196392,1
7198338,3
7227010,47
7283193,15
7331555,9
7335439,19
7338309,19
7371184,25
7388340,37
7394271,3
7421507,51
7422253,30
7422595,10
7424178,7
7429933,11
7431625,38
7439909,0
7439913,15
7449767,21
7467027,31
7476468,4
7480731,2
7483922,2
7485368,6
7503199,16
7515491,3
7527710,3
7529574,4
7530253,4
7540581,45
7542938,3
7555204,6
7555968,6
7556564,8
7557604,4
7563413,16
7566199,6
7568455,6
7569260,46
7571966,9
7573476,11
7574701,25
7582412,36
7582489,22
7587948,11
7589765,7
7590264,28
7594047,9
7600311,5
7612147,35
7616956,1
7627878,7
7658146,5
7688300,39
7690945,1
7692008,16
7694589,2
7700444,43
7719118,11
7719547,5
7778722,6
7786053,1
7802210,1
7807684,35
7828725,1
7829784,1
7838405,1
7840203,1
7840791,1
7843730,3
7845346,3
7851153,21
7852250,3
7864823,3
7865652,40
7865696,3
7865767,3
7868195,1
7873135,3
7874184,6
7891312,1
7897051,6
7897469,0
7901791,9
7910624,40
7916593,3
7939890,3
7939979,3
7941642,3
7941652,3
7952981,2
7955278,17
7962986,32
7971031,29
7977834,32
7980189,32
7980369,41
7982307,26
7982324,11
7982896,48
7983899,40
8005609,0
8012953,8
8019816,15
8021456,8
8025665,15
8034919,46
8037197,48
8047280,2
8052161,15
8055671,24
8065380,30
8065771,30
8066542,1
8068173,1
8069365,27
8069432,38
8069478,38
8070872,10
8075484,32
8078096,22
8094859,1
8102935,3
8111135,2
8118474,40
8118929,2
8118947,44
8124177,6
8127390,28
8132513,15
8138616,29
8140109,5
8142831,17
8154054,7
8159396,16
8161142,14
8161148,14
8167696,21
8177199,48
8177991,40
8184598,49
8198238,5
8198317,5
8198416,5
8198513,5
8199671,5
8203947,23
8216541,7
8227502,16
8229118,11
8231264,5
8238322,48
8243455,5
8244723,5
8244823,5
8245014,5
8245146,5
8245513,5
8245692,5
8245869,5
8246081,5
8246750,5
8247451,5
8247641,6
8248631,5
8248706,40
8252067,16
8253413,5
8253620,30
8254894,16
8256186,5
8262302,40
8262372,40
8262503,40
8263140,40
8263285,40
8270683,6
8271034,6
8271875,14
8274021,3
8274902,1
8276782,23
8293958,36
8297018,1
8305958,32
8307514,32
8310087,32
8310955,32
8311264,3
8313802,11
8318678,40
8318813,44
8319311,10
8338584,40
8340950,2
8347613,37
8347720,21
8347907,15
8348277,21
8349553,37
8357933,45
8370111,14
8391330,17
8393981,3
8399890,3
8410627,11
8412625,11
8413543,11
8413663,1
8419602,1
8423405,2
8427677,5
8447845,6
8451818,35
8461082,11
8469124,32
8471817,51
8480221,21
8480418,6
8496618,14
8504660,5
8509534,8
8509987,1
8513389,40
8529400,21
8539175,48
8540770,23
8542422,48
8544824,31
8546775,31
8559525,11
8559607,1
8565131,10
8566140,28
8571259,26
8572353,28
8582134,22
8592501,10
8598886,32
8639662,33
8640212,21
8641784,11
8670503,3
8687096,11
8689148,10
8689674,36
8696919,11
8697453,11
8698941,10
8700125,2
8704079,8
8705088,29
8709865,47
8710444,47
8711574,30
8712361,42
8715940,11
8717042,9
8717219,6
8723267,31
8723983,17
8741619,51
8752697,4
8755914,44
8765298,48
8792477,15
8798010,40
8801715,17
8801736,17
8802069,45
8805777,11
8809171,10
8810141,17
8810739,38
8812078,29
8813113,29
8814524,15
8814922,12
8821758,11
8826198,49
8835968,1
8838927,23
8840343,10
8842220,29
8847957,46
8850802,1
8864096,40
8864778,15
8864785,47
8865199,40
8877158,45
8877971,8
8880781,11
8884212,48
8891315,1
8912726,15
8922644,40
8924186,5
8932110,48
8939384,11
8942413,11
8943485,32
8951591,34
8953579,11
8954684,11
8954910,11
8955607,11
8957325,1
8970595,11
8974428,22
8978117,1
8979434,11
8980589,1
8981761,26
8993049,45
8995807,25
8997281,5
9006142,23
9015568,17
9015745,12
9034378,10
9037152,17
9039416,10
9048462,45
9051500,47
9051960,20
9057043,15
9057998,12
9061235,43
9062992,43
9064208,43
9067063,15
9068024,13
9068346,15
9069084,15
9072237,45
9072560,28
9074101,34
9077224,13
9078240,12
9083312,51
9085808,15
9091922,15
9094797,17
9097065,15
9103710,47
9103732,9
9109799,40
9116228,10
9141404,13
9154024,13
9161929,11
9177218,20
9201911,36
9202326,11
9207332,22
9212816,27
9234420,11
9235545,25
9236708,17
9237370,9
9237734,25
9238937,44
9239759,24
9241349,11
9251793,44
9252296,44
9275210,29
9287199,32
9287906,42
9288827,9
9291437,35
9291474,29
9291938,32
9294475,32
9348984,21
9351843,20
9372642,19
9384504,15
9408003,4
9409359,52
9421292,36
9422291,11
9423829,13
9424902,20
9428865,0
9429085,28
9436520,20
9445876,36
9447255,48
9457719,51
9469519,1
9480916,17
9481869,21
9488991,11
9503203,0
9503414,12
9503428,20
9507904,42
9508724,11
9513911,47
9519425,15
9521722,17
9524538,9
9525492,1
9527333,21
9527522,12
9530532,11
9531722,1
9532295,17
9539868,6
9556700,1
9565674,30
9567051,2
9577562,10
9583435,4
9585013,16
9585036,49
9585145,46
9589146,8
9594273,15
9604434,15
9606496,11
9609048,1
9612903,15
9621307,11
9637388,11
9641919,32
9643439,11
9698907,11
9707941,16
9714476,14
9716858,4
9718223,11
9720614,11
9724693,11
9730873,1
9739780,11
9747418,36
9750356,16
9753418,47
9753494,10
9753530,0
9761454,16
9766793,1
9767705,32
9787592,4
9787859,8
9787933,4
9792178,36
9795662,7
9796812,1
9798791,11
9800031,33
9800178,29
9806510,10
9808022,7
9808146,29
9809626,1
9811608,31
9813188,1
9820270,7
9822593,11
9835169,0
9838294,0
9841469,0
9842000,29
9842383,8
9845997,34
9847388,5
9848760,45
9853425,16
9856062,11
9870483,45
9889095,1
9897223,1
9927082,2
9940382,2
9961098,15
9965610,15
9971209,36
9983191,40
9983417,12
10013517,10
10017944,15
10018150,17
10018161,37
10018260,31
10056280,1
10059655,4
10079731,15
10100020,51
10119916,4
10160250,38
10163418,45
10167078,27
10167116,16
10169396,5
10198121,47
10202724,0
10209260,23
10221622,38
10229852,15
10234576,43
10237401,45
10238739,14
10240382,14
10241716,2
10248031,15
10259967,5
10263287,7
10276161,14
10281116,20
10282065,11
10287315,47
10293348,29
10317031,27
10319019,47
10323628,45
10329208,4
10339991,45
10340880,32
10343101,9
10345590,20
10351681,9
10355356,17
10367190,47
10378182,47
10382686,23
10382824,17
10400440,23
10403609,11
10411574,23
10418394,0
10427055,35
10447988,47
10449035,18
10455234,3
10459723,4
10473853,13
10495502,16
10523825,17
10527147,21
10540188,48
10543751,35
10553248,14
10555409,8
10563755,0
10568310,20
10581624,43
10583715,18
10596949,28
10600188,26
10609443,11
10612094,43
10612630,45
10617840,10
10627239,20
10658673,33
10660512,11
10663559,11
10673895,44
10681487,29
10682411,29
10682660,43
10683313,11
10684539,29
10702736,8
10710503,5
10714526,11
10716080,4
10725068,11
10728318,4
10728323,21
10728328,14
10728333,14
10739296,11
10756813,13
10758204,17
10760217,20
10766722,20
10768709,9
10781924,37
10784285,15
10785260,15
10792336,17
10792617,20
10797407,4
10809383,46
10827212,32
10842047,35
10842099,35
10855798,9
10865025,3
10868477,0
10870424,10
10872426,28
10874769,35
10875178,26
10875625,23
10877689,31
10880408,26
10882750,35
10885466,21
10893103,47
10915553,11
10918898,45
10921106,14
10922020,47
10922928,47
10934438,16
10944822,39
10945111,11
10945581,10
10945795,11
10946002,23
10947427,11
10955244,2
10958210,19
10959064,11
10963761,4
10964258,43
10982951,11
10986253,37
11003551,45
11003660,43
11003696,37
11003707,12
11004239,35
11007420,24
11009492,24
11011058,12
11013351,12
11013583,13
11017761,40
11018254,22
11022546,13
11027071,48
11029359,10
11029851,11
11037238,2
11050498,47
11051276,16
11051740,12
11055480,30
11067379,8
11073313,37
11079069,21
11081239,30
11084320,37
11102156,43
11123016,36
11135340,22
11137808,10
11144258,19
11146422,8
11157622,28
11178891,5
11184236,38
11193510,19
11195708,24
11197975,21
11210000,38
11216417,35
11229136,8
11234536,42
11248536,6
11257084,35
11261332,31
11263687,11
11271082,11
11278919,26
11279244,5
11286854,11
11291344,9
11291653,11
11303036,17
11306294,28
11329998,28
11333054,19
11348509,20
11356523,39
11359482,47
11361875,43
11362334,45
11362589,13
11389855,35
11409587,39
11464638,35
11465297,35
11468088,13
11524047,1
11528017,42
11600886,22
11605567,9
11605861,35
11623145,11
11624548,35
11625573,14
11637003,0
11639192,4
11645541,32
11656349,46
11671564,8
11687072,12
11691603,40
11691640,3
11703922,12
11714576,10
11717001,11
11717014,11
11717020,11
11717025,11
11717030,11
11717035,11
11717040,11
11717045,21
11719626,11
11725127,40
11725803,40
11736972,8
11745381,8
11756023,11
11782821,32
11785627,40
11788830,16
11813287,1
11821320,24
11826171,32
11838242,31
11841664,43
11851588,12
11853038,46
11871574,28
11874130,0
11876076,13
11889676,32
11891098,18
11905911,11
11908619,43
11909406,41
11934107,8
11934261,47
11946903,9
11986594,8
12000033,24
12026822,17
12030078,26
12031406,35
12049797,9
12073881,8
12089601,31
12121795,8
12122924,43
12138418,22
12195879,47
12217572,40
12225666,8
12233237,33
12252572,14
12253020,16
12260696,8
12262910,34
12273754,11
12279909,20
12279941,20
12281339,9
12293334,4
12299621,32
12299647,35
12299704,9
12299805,21
12300089,22
12325227,9
12335381,7
12336493,8
12356747,12
12360656,8
12364717,39
12366224,21
12366640,11
12367135,11
12367568,21
12371688,2
12387154,21
12389097,44
12390459,14
12398622,39
12420377,17
12420898,17
12422147,23
12422355,17
12424328,21
12424940,41
12425856,8
12452356,52
12474164,14
12474815,14
12475432,41
12476851,48
12478620,33
12479019,4
12498338,48
12500843,20
12509506,21
12548756,11
12551020,26
12585379,23
12587013,43
12598741,13
12612426,10
12617396,8
12634154,4
12654063,20
12667895,21
12670738,23
12704069,46
12704360,29
12726582,40
12745771,36
12746220,32
12782494,43
12789813,15
12813847,10
12832017,22
12839441,35
12840470,48
12842593,46
12866697,35
12868041,35
12869029,51
12871993,34
12882179,11
12882387,8
12884490,11
12923749,21
12928099,14
12935696,45
12935706,14
12948470,36
12962772,13
12989453,17
12990900,37
13003574,25
13007383,25
13028455,13
13038489,9
13045287,46
13046354,46
13046847,51
13049485,31
13081886,47
13084891,17
13137623,26
13167025,4
13167730,10
13173311,7
13191017,4
13197236,12
13199414,41
13206239,12
13210358,41
13242252,17
13242336,10
13313410,8
13358515,10
13365464,28
13369670,46
13370624,17
13380660,8
13395814,20
13405613,4
13411394,28
13411445,28
13411525,27
13422280,8
13429045,29
13535380,4
13535387,4
13557064,14
13564607,43
13580849,16
13589251,31
13634759,10
13644685,27
13645610,37
13646473,25
13652117,17
13665529,27
13674287,42
13675374,25
13713529,10
13714311,47
13718916,44
13722516,31
13722900,25
13724377,28
13727202,25
13736919,17
13743125,43
13744425,4
13749806,47
13751194,4
13760954,25
13763548,18
13764822,43
13768622,10
13793212,4
13795090,16
13803032,27
13806524,49
13818467,20
13830600,8
13832416,8
13833814,8
13834125,28
13835439,17
13836327,13
13841523,11
13842372,25
13849274,14
13849557,28
13852833,12
13854190,0
13858797,5
13858824,38
13863331,32
13948718,47
13950464,19
13953184,18
13953356,44
13953546,0
13966828,22
13968203,38
13986477,38
13986583,5
13988443,30
14000746,22
14034206,30
14034311,19
14039007,17
14071449,15
14071613,13
14073503,9
14077179,51
14077615,42
14082322,40
14083681,32
14127447,35
14133114,36
14158399,15
14162492,21
14206030,0
14214039,9
14241490,17
14255342,3
14260575,26
14270761,47
14313750,22
14319185,23
14319498,23
14319960,3
14328512,45
14329745,26
14333371,22
14333495,3
14334367,15
14338439,11
14342744,52
14374534,15
14434314,33
14437742,24
14450919,12
14451162,28
14460113,40
14461238,21
14492757,24
14492880,14
14493841,43
14495367,49
14501257,10
14514597,48
14517691,16
14519048,40
14519756,21
14522124,40
14539753,45
14540633,32
14541927,45
14547259,16
14570370,26
14579509,17
14586769,14
14588375,25
14604028,5
14617508,28
14621584,14
14638686,10
14651659,52
14655602,37
14656798,14
14680483,28
14723506,20
14726012,15
14726069,14
14753815,28
14754777,26
14755393,47
14756000,23
14756061,26
14756440,17
14757050,47
14757992,35
14758420,35
14759661,11
14760757,4
14762026,11
14782250,21
14797760,11
14818307,8
14891367,33
14898295,40
14898816,40
14914182,35
14948339,27
14981128,12
14995061,37
14999928,15
15005403,15
15018449,15
15023806,37
15023987,11
15028907,14
15048530,9
15055590,14
15063529,11
15068806,51
15096548,21
15155348,17
15202263,4
15225589,4
15250080,4
15253921,40
15334461,49
15343835,12
15365184,11
15398730,40
15398807,16
15404207,25
15409328,46
15421363,40
15431408,10
15431795,11
15434200,16
15451084,16
15458316,16
15461769,16
15467736,14
15468308,24
15474790,15
15478720,14
15480928,32
15481779,10
15488316,49
15505837,7
15506094,16
15507888,16
15508735,9
15510288,20
15512404,13
15512408,13
15513540,13
15514582,30
15516413,13
15517247,33
15519213,30
15522152,28
15522777,16
15524629,25
15524852,9
15525711,15
15525794,15
15525858,16
15530882,16
15531916,16
15532105,4
15533421,7
15539984,14
15541944,9
15541971,33
15541976,16
15542354,7
15543068,4
15547235,26
15547732,7
15548107,4
15548694,0
15548844,28
15553218,25
15556081,16
15556868,16
15559195,4
15560623,10
15561413,4
15562137,4
15563553,0
15564661,4
15564706,4
15564782,9
15564882,7
15564911,7
15566333,39
15567466,7
15568134,42
15568333,12
15569561,4
15571194,40
15573283,0
15573331,16
15573381,4
15573396,4
15573450,4
15574199,4
15574231,4
15574328,4
15574508,7
15574941,7
15575052,7
15575232,7
15575327,4
15576194,7
15576292,21
15577444,42
15585114,26
15586536,4
15586914,11
15586949,21
15587166,7
15587533,11
15588389,10
15588620,9
15588691,16
15588711,11
15588800,16
15589362,16
15589411,16
15589591,10
15589738,17
15590555,30
15590761,46
15590793,23
15592096,12
15592696,16
15594113,32
15595607,16
15595823,16
15595950,38
15599768,7
15601640,26
15605297,15
15605301,20
15605987,29
15606239,37
15607180,38
15607335,20
15608355,8
15608953,21
15609885,16
15610774,28
15611791,25
15612283,25
15615042,16
15615081,16
15615589,16
15615776,7
15617305,45
15618614,25
15623649,9
15629759,26
15632120,10
15632282,34
15633329,16
15636411,11
15636958,30
15638906,30
15638932,46
15638968,4
15639020,16
15639171,31
15639216,33
15639294,0
15639331,46
15640893,50
15641926,31
15645825,16
15651438,16
15652529,50
15653288,16
15653432,16
15653927,38
15655801,11
15656223,11
15656435,25
15656826,11
15658013,16
15662776,43
15668309,44
15668497,45
15668869,11
15669682,21
15672263,43
15672269,10
15673454,43
15673715,1
15673867,24
15673925,24
15674083,13
15674262,24
15674269,27
15674282,25
15676016,11
15676571,10
15677323,8
15678441,13
15679577,24
15679639,11
15680043,10
15680093,8
15680292,23
15681740,8
15683275,31
15684934,11
15686444,33
15686512,31
15688358,8
15688523,10
15689046,30
15689373,24
15690093,8
15690392,13
15691114,40
15691118,3
15691122,3
15706875,25
15714639,24
15715151,24
15715643,8
15716094,24
15716127,8
15716309,8
15716701,8
15716934,24
15717736,0
15717935,24
15718275,8
15718981,51
15721919,40
15722306,3
15722867,40
15722990,15
15723727,31
15724385,7
15732050,34
15732471,16
15732485,49
15732497,15
15732503,25
15732509,14
15734988,40
15736147,16
15736398,15
15741865,22
15746421,38
15748726,16
15764960,8
15766806,22
15766999,8
15769419,0
15769680,4
15770032,0
15770140,9
15770867,7
15770904,0
15788431,3
15792643,28
15800115,13
15810983,40
15823055,17
15825861,39
15825892,9
15829660,16
15861524,40
15894178,14
15894278,15
15897280,17
15934458,17
15938337,8
15964206,15
15974183,45
15982306,7
15983156,7
15983225,7
15984231,7
15985265,21
15994926,7
15995327,7
15995404,8
15995929,8
15995958,13
15996160,24
15996518,0
15997645,8
15997666,9
15997692,8
15997807,8
15997929,8
15997983,46
15998100,16
15998218,8
15998261,8
15998307,0
15998469,46
15998753,8
15998768,8
15998782,8
15998817,8
16007457,20
16014607,11
16014701,11
16015738,40
16017113,3
16026677,24
16039470,40
16045758,48
16051878,20
16057212,16
16058860,40
16059078,11
16059134,11
16070049,38
16087799,2
16089738,22
16089743,22
16095576,33
16096934,21
16098538,2
16100103,10
16100461,30
16115255,17
16115501,7
16115575,11
16131474,11
16141217,21
16154290,28
16158918,16
16160495,39
16167914,28
16176721,11
16178283,25
16181130,35
16181377,32
16188942,46
16195633,18
16210988,40
16220042,40
16223537,40
16223688,10
16240569,1
16259595,3
16260741,31
16267292,6
16283590,30
16288872,31
16295025,38
16297403,46
16303262,28
16316916,8
16316973,11
16316981,16
16318521,46
16327998,13
16335254,33
16339338,15
16339645,32
16340011,17
16340461,26
16340977,14
16341399,16
16341507,46
16341966,16
16342197,35
16345627,15
16347283,43
16347476,10
16347786,30
16348875,26
16350988,18
16353832,10
16355225,25
16356967,47
16361363,20
16366055,20
16369928,16
16383966,17
16385470,15
16386470,22
16388736,14
16393165,38
16399845,11
16405545,18
16409132,8
16415910,28
16422727,30
16422744,10
16424131,4
16427492,13
16428373,23
16431065,20
16433177,11
16433696,20
16434560,28
16434824,24
16434842,29
16435325,13
16435686,52
16435965,40
16438190,40
16440649,40
16440704,3
16442113,22
16442344,4
16443509,17
16444327,40
16444544,26
16444548,35
16444552,22
16444754,28
16444758,8
16445073,26
16445338,52
16448930,8
16448971,3
16448979,40
16450562,34
16457812,31
16463097,16
16464284,12
16468935,37
16471422,15
16472086,11
16474159,36
16475849,12
16484888,35
16485079,38
16485518,11
16486385,38
16490014,11
16492104,36
16494105,21
16515871,16
16520950,25
16540741,47
16541149,15
16544462,45
16544485,19
16544712,47
16545101,15
16545113,13
16545179,24
16545264,14
16547252,15
16547268,52
16547281,13
16547287,17
16547292,15
16547297,17
16554856,20
16560178,25
16561224,13
16561284,43
16561429,25
16561660,17
16562142,14
16571210,11
16578252,15
16586265,16
16588928,7
16594509,49
16594752,11
16617920,47
16625432,1
16627773,40
16627838,40
16627861,40
16627950,40
16629757,40
16629788,40
16629886,31
16629931,40
16630024,40
16630264,40
16630385,40
16630479,47
16630941,40
16631114,40
16631222,40
16631248,3
16635345,17
16636860,21
16637377,22
16651566,14
16666673,11
16667592,14
16670540,13
16671014,15
16675987,13
16676038,35
16683883,4
16683943,4
16685117,17
16686371,28
16690648,27
16691937,25
16693923,17
16699958,32
16709072,14
16713227,47
16713231,30
16714214,45
16720240,1
16735586,16
16742642,20
16753901,45
16758011,45
16782830,40
16797672,40
16799809,37
16799939,21
16823703,39
16838915,21
16841026,10
16846805,1
16846902,28
16848475,20
16848497,11
16848587,28
16850888,1
16851496,15
16851577,13
16851718,13
16851791,26
16852421,14
16852589,13
16852622,13
16856369,13
16856539,43
16856617,13
16863538,17
16868923,40
16883909,45
16884085,31
16884962,7
16886842,15
16906721,8
16910799,43
16913476,15
16924423,43
16928740,10
16931001,47
16933362,45
16934932,15
16935790,47
16937395,15
16937799,17
16937815,17
16939375,40
16947349,25
16950097,13
16950115,13
16950121,13
16950321,21
16950354,25
16950443,25
16950550,25
16950767,25
16950798,25
16952642,13
16952648,13
16952665,13
16952671,17
16952691,13
16959698,12
16961482,11
16977881,40
16978882,35
16985194,51
16987409,26
16992171,17
17000062,17
17012001,11
17013073,1
17013169,32
17016974,22
17019327,12
17022668,14
17025508,17
17036132,24
17036160,24
17038587,30
17047087,21
17053270,13
17058350,32
17062823,24
17067625,15
17075832,17
17083341,15
17086412,47
17087885,14
17102002,24
17105218,15
17105842,14
17105977,11
17107661,10
17108278,47
17109286,15
17110007,15
17110024,17
17110189,45
17123466,11
17125520,35
17132009,10
17140424,0
17147410,40
17147698,40
17150791,33
17165286,33
17165621,11
17165711,9
17165755,15
17166682,36
17170215,11
17173852,13
17173922,13
17176767,9
17176781,9
17176808,28
17176819,26
17176866,4
17176882,4
17176911,45
17176927,45
17177005,32
17177103,20
17177115,18
17177419,45
17223643,11
17223685,11
17224013,11
17237305,17
17244655,2
17247877,14
17276867,44
17277623,24
17278502,9
17280216,15
17295912,45
17297936,17
17298108,17
17300165,45
17304269,7
17306107,47
17315288,45
17321919,47
17323054,13
17324637,11
17324711,18
17326213,10
17326218,47
17327188,16
17328580,28
17328632,30
17330632,10
17334530,28
17335266,25
17336347,45
17340931,35
17340955,15
17340973,15
17351780,24
17352470,50
17352824,23
17353986,17
17354392,30
17354403,26
17354414,23
17355745,8
17355757,45
17355860,10
17355864,14
17355872,38
17355892,7
17356024,15
17356442,17
17356450,24
17356454,8
17356467,17
17357979,43
17358864,13
17358891,26
17359101,7
17359111,24
17359133,24
17359501,20
17360010,30
17360022,52
17360030,30
17360038,47
17360042,11
17360070,11
17360076,30
17360225,11
17360254,11
17360262,35
17360266,47
17360282,26
17360286,11
17360296,35
17360404,13
17360593,29
17361566,30
17361757,23
17362538,47
17373283,45
17378475,10
17378483,47
17378548,10
17378648,26
17379298,17
17379360,0
17379372,31
17379420,27
17380080,31
17380092,29
17380309,25
17380319,15
17380345,28
17380936,7
17383431,17
17384874,20
17414715,2
17415321,7
17415439,4
17420035,36
17423125,24
17423412,39
17425996,16
17430685,11
17434825,48
17435815,13
17437719,49
17437725,32
17438424,10
17448356,13
17454636,14
17455871,17
17464168,11
17466463,14
17468727,11
17473163,11
17484564,13
17488886,21
17513284,8
17525174,32
17529547,16
17535542,15
17537254,27
17541953,11
17543765,17
17557290,10
17574013,15
17587452,27
17587710,10
17587726,10
17587730,17
17588623,11
17589475,13
17591442,30
17591687,29
17629213,10
17639784,23
17641913,19
17647621,17
17654514,25
17654519,25
17654617,16
17654624,11
17654634,47
17654638,47
17654645,11
17654967,17
17654973,26
17654991,17
17655000,17
17656886,43
17658602,17
17658672,11
17658884,39
17658907,10
17658927,18
17658943,10
17658948,20
17658978,47
17659014,28
17659219,38
17660233,17
17663944,25
17671219,10
17671375,32
17696578,21
17698681,7
17728571,24
17728605,8
17728632,31
17728695,47
17728723,37
17728730,24
17728781,44
17728896,30
17728922,11
17729020,11
17729088,11
17729110,31
17729161,11
17729167,33
17729195,21
17729335,26
17729347,14
17729410,11
17729418,11
17729424,11
17729888,20
17729973,21
17732031,30
17732076,28
17732085,23
17732256,43
17732270,21
17732291,24
17732311,17
17732334,30
17732346,26
17732737,21
17732791,24
17736641,13
17736654,13
17736748,49
17736755,13
17740547,8
17743170,48
17746794,10
17755491,17
17756162,34
17762417,10
17769815,23
17776906,8
17776982,4
17777031,43
17777259,11
17777981,26
17784367,42
17804729,47
17806341,2
17809869,13
17813001,18
17813006,34
17813457,15
17813499,15
17814107,8
17819985,16
17822238,38
17827011,26
17827115,31
17844900,8
17847543,10
17850822,34
17854345,27
17867309,45
17877682,17
17884299,50
17896997,16
17897230,47
17897298,11
17913032,31
17913185,29
17913199,49
17927604,20
17933822,21
17937123,38
17937986,47
17937991,47
17942676,49
17951049,7
17952967,10
17962513,36
17975547,15
17980698,46
17980792,39
17990556,30
18023286,43
18028397,40
18035063,47
18035864,9
18058644,11
18058793,14
18062678,22
18076102,13
18080008,15
18087179,26
18088813,17
18098174,49
18099401,20
18111410,14
18123575,17
18133444,10
18142558,16
18149325,47
18163015,15
18187865,17
18220289,31
18231999,7
18232369,14
18248435,49
18264509,31
18267838,15
18292832,31
18302610,11
18302665,11
18302931,24
18305433,28
18305476,45
18341449,31
18412747,45
18425189,39
18440675,7
18464581,14
18485293,14
18500915,23
18500988,15
18501001,23
18527962,47
18538744,45
18545747,14
18551732,14
18566361,32
18566501,48
18570360,0
18597845,17
18598859,16
18604097,17
18620885,16
18625446,16
18630153,29
18639459,11
18644088,26
18648531,23
18655517,11
18656202,11
18695745,18
18740553,8
18833414,24
18861011,30
18909888,17
18929470,13
18934019,8
19010160,10
19017386,28
19045334,23
19046339,49
19048289,14
19051631,37
19051762,12
19054481,7
19088042,28
19090042,17
19091931,32
19091995,15
19092010,23
19101351,31
19102929,11
19132527,34
19143114,31
19156025,27
19166349,51
19167389,26
19175973,45
19180425,13
19190681,10
19268007,20
19271710,9
19276024,16
19298625,28
19298644,28
19361427,13
19395500,20
19470184,7
19508873,47
19611917,36
19785305,17
19786464,49
19835787,14
19857573,51
19857577,11
19880680,37
19880740,23
19881737,17
19884188,10
19919566,11
19929273,21
19950281,25
19989037,17
20106468,11
20139548,42
20151537,14
20172310,14
20242957,17
20278329,11
20343986,11
20344845,11
20370716,46
20379247,26
20421224,14
20443362,10
20443420,31
20443457,9
20443501,10
20443505,11
20443544,49
20443571,10
20443598,47
20479959,31
20536322,34
20556072,17
20730780,11
20812872,21
20911961,25
20981306,11
20981350,11
21133456,11
21220994,11
